control_id,side,harness_file,build,runtime,build_exit_code,runtime_exit_code,duration_seconds,command,diagnostic
S001,S0_H0,fuzz/c/std/json_fuzzer.cc,PASS,PASS,0,0,0.937,/usr/bin/g++ -std=gnu++17 -O0 -g0 -DWUFFS_CONFIG__FUZZLIB_MAIN /tmp/silent-control-S001-S0_H0-hb9u02yd/fuzz/c/std/json_fuzzer.cc -o /tmp/silent-control-S001-S0_H0-hb9u02yd/.probe,"
RUNTIME:
- /tmp/silent-control-S001-S0_H0-hb9u02yd/.probe-input      ok
PASS: 1 files processed
"
S001,S1_H0,fuzz/c/std/json_fuzzer.cc,PASS,PASS,0,0,1.057,/usr/bin/g++ -std=gnu++17 -O0 -g0 -DWUFFS_CONFIG__FUZZLIB_MAIN /tmp/silent-control-S001-S1_H0-vjlpzsck/fuzz/c/std/json_fuzzer.cc -o /tmp/silent-control-S001-S1_H0-vjlpzsck/.probe,"
RUNTIME:
- /tmp/silent-control-S001-S1_H0-vjlpzsck/.probe-input      ok
PASS: 1 files processed
"
S001,S1_H1,fuzz/c/std/json_fuzzer.cc,PASS,PASS,0,0,0.933,/usr/bin/g++ -std=gnu++17 -O0 -g0 -DWUFFS_CONFIG__FUZZLIB_MAIN /tmp/silent-control-S001-S1_H1-35ykiuda/fuzz/c/std/json_fuzzer.cc -o /tmp/silent-control-S001-S1_H1-35ykiuda/.probe,"
RUNTIME:
- /tmp/silent-control-S001-S1_H1-35ykiuda/.probe-input      ok
PASS: 1 files processed
"
S002,S0_H0,fuzz/c/std/webp_fuzzer.c,PASS,PASS,0,0,0.696,/usr/bin/gcc -std=gnu11 -O0 -g0 -DWUFFS_CONFIG__FUZZLIB_MAIN /tmp/silent-control-S002-S0_H0-eu9b85st/fuzz/c/std/webp_fuzzer.c -o /tmp/silent-control-S002-S0_H0-eu9b85st/.probe,"
RUNTIME:
- /tmp/silent-control-S002-S0_H0-eu9b85st/.probe-input      base: short read
PASS: 1 files processed
"
S002,S1_H0,fuzz/c/std/webp_fuzzer.c,PASS,PASS,0,0,0.710,/usr/bin/gcc -std=gnu11 -O0 -g0 -DWUFFS_CONFIG__FUZZLIB_MAIN /tmp/silent-control-S002-S1_H0-bqtu642i/fuzz/c/std/webp_fuzzer.c -o /tmp/silent-control-S002-S1_H0-bqtu642i/.probe,"
RUNTIME:
- /tmp/silent-control-S002-S1_H0-bqtu642i/.probe-input      base: short read
PASS: 1 files processed
"
S002,S1_H1,fuzz/c/std/webp_fuzzer.c,PASS,PASS,0,0,0.679,/usr/bin/gcc -std=gnu11 -O0 -g0 -DWUFFS_CONFIG__FUZZLIB_MAIN /tmp/silent-control-S002-S1_H1-cz3vqlrn/fuzz/c/std/webp_fuzzer.c -o /tmp/silent-control-S002-S1_H1-cz3vqlrn/.probe,"
RUNTIME:
- /tmp/silent-control-S002-S1_H1-cz3vqlrn/.probe-input      base: short read
PASS: 1 files processed
"
S003,S0_H0,fuzz/c/std/webp_fuzzer.c,PASS,PASS,0,0,0.689,/usr/bin/gcc -std=gnu11 -O0 -g0 -DWUFFS_CONFIG__FUZZLIB_MAIN /tmp/silent-control-S003-S0_H0-umt_c3bc/fuzz/c/std/webp_fuzzer.c -o /tmp/silent-control-S003-S0_H0-umt_c3bc/.probe,"
RUNTIME:
- /tmp/silent-control-S003-S0_H0-umt_c3bc/.probe-input      base: short read
PASS: 1 files processed
"
S003,S1_H0,fuzz/c/std/webp_fuzzer.c,PASS,PASS,0,0,0.680,/usr/bin/gcc -std=gnu11 -O0 -g0 -DWUFFS_CONFIG__FUZZLIB_MAIN /tmp/silent-control-S003-S1_H0-786fu882/fuzz/c/std/webp_fuzzer.c -o /tmp/silent-control-S003-S1_H0-786fu882/.probe,"
RUNTIME:
- /tmp/silent-control-S003-S1_H0-786fu882/.probe-input      base: short read
PASS: 1 files processed
"
S003,S1_H1,fuzz/c/std/webp_fuzzer.c,PASS,PASS,0,0,0.736,/usr/bin/gcc -std=gnu11 -O0 -g0 -DWUFFS_CONFIG__FUZZLIB_MAIN /tmp/silent-control-S003-S1_H1-tf_oiaiy/fuzz/c/std/webp_fuzzer.c -o /tmp/silent-control-S003-S1_H1-tf_oiaiy/.probe,"
RUNTIME:
- /tmp/silent-control-S003-S1_H1-tf_oiaiy/.probe-input      base: short read
PASS: 1 files processed
"
S004,S0_H0,fuzz/c/std/bzip2_fuzzer.c,PASS,PASS,0,0,0.551,/usr/bin/gcc -std=gnu11 -O0 -g0 -DWUFFS_CONFIG__FUZZLIB_MAIN /tmp/silent-control-S004-S0_H0-1513doho/fuzz/c/std/bzip2_fuzzer.c -o /tmp/silent-control-S004-S0_H0-1513doho/.probe,"
RUNTIME:
- /tmp/silent-control-S004-S0_H0-1513doho/.probe-input      bzip2: bad header
PASS: 1 files processed
"
S004,S1_H0,fuzz/c/std/bzip2_fuzzer.c,PASS,PASS,0,0,0.565,/usr/bin/gcc -std=gnu11 -O0 -g0 -DWUFFS_CONFIG__FUZZLIB_MAIN /tmp/silent-control-S004-S1_H0-t9fzunbb/fuzz/c/std/bzip2_fuzzer.c -o /tmp/silent-control-S004-S1_H0-t9fzunbb/.probe,"
RUNTIME:
- /tmp/silent-control-S004-S1_H0-t9fzunbb/.probe-input      bzip2: bad header
PASS: 1 files processed
"
S004,S1_H1,fuzz/c/std/bzip2_fuzzer.c,PASS,PASS,0,0,0.545,/usr/bin/gcc -std=gnu11 -O0 -g0 -DWUFFS_CONFIG__FUZZLIB_MAIN /tmp/silent-control-S004-S1_H1-u_u27249/fuzz/c/std/bzip2_fuzzer.c -o /tmp/silent-control-S004-S1_H1-u_u27249/.probe,"
RUNTIME:
- /tmp/silent-control-S004-S1_H1-u_u27249/.probe-input      bzip2: bad header
PASS: 1 files processed
"
S005,S0_H0,fuzz/c/std/webp_fuzzer.c,PASS,PASS,0,0,0.699,/usr/bin/gcc -std=gnu11 -O0 -g0 -DWUFFS_CONFIG__FUZZLIB_MAIN /tmp/silent-control-S005-S0_H0-85616cge/fuzz/c/std/webp_fuzzer.c -o /tmp/silent-control-S005-S0_H0-85616cge/.probe,"
RUNTIME:
- /tmp/silent-control-S005-S0_H0-85616cge/.probe-input      base: short read
PASS: 1 files processed
"
S005,S1_H0,fuzz/c/std/webp_fuzzer.c,PASS,PASS,0,0,0.598,/usr/bin/gcc -std=gnu11 -O0 -g0 -DWUFFS_CONFIG__FUZZLIB_MAIN /tmp/silent-control-S005-S1_H0-8s4zw4c8/fuzz/c/std/webp_fuzzer.c -o /tmp/silent-control-S005-S1_H0-8s4zw4c8/.probe,"
RUNTIME:
- /tmp/silent-control-S005-S1_H0-8s4zw4c8/.probe-input      base: short read
PASS: 1 files processed
"
S005,S1_H1,fuzz/c/std/webp_fuzzer.c,PASS,PASS,0,0,0.620,/usr/bin/gcc -std=gnu11 -O0 -g0 -DWUFFS_CONFIG__FUZZLIB_MAIN /tmp/silent-control-S005-S1_H1-99tm88o8/fuzz/c/std/webp_fuzzer.c -o /tmp/silent-control-S005-S1_H1-99tm88o8/.probe,"
RUNTIME:
- /tmp/silent-control-S005-S1_H1-99tm88o8/.probe-input      base: short read
PASS: 1 files processed
"
S006,S0_H0,fuzz/c/std/json_fuzzer.cc,PASS,PASS,0,0,0.895,/usr/bin/g++ -std=gnu++17 -O0 -g0 -DWUFFS_CONFIG__FUZZLIB_MAIN /tmp/silent-control-S006-S0_H0-xxkovzu6/fuzz/c/std/json_fuzzer.cc -o /tmp/silent-control-S006-S0_H0-xxkovzu6/.probe,"
RUNTIME:
- /tmp/silent-control-S006-S0_H0-xxkovzu6/.probe-input      ok
PASS: 1 files processed
"
S006,S1_H0,fuzz/c/std/json_fuzzer.cc,PASS,PASS,0,0,0.938,/usr/bin/g++ -std=gnu++17 -O0 -g0 -DWUFFS_CONFIG__FUZZLIB_MAIN /tmp/silent-control-S006-S1_H0-dw7lwldn/fuzz/c/std/json_fuzzer.cc -o /tmp/silent-control-S006-S1_H0-dw7lwldn/.probe,"
RUNTIME:
- /tmp/silent-control-S006-S1_H0-dw7lwldn/.probe-input      ok
PASS: 1 files processed
"
S006,S1_H1,fuzz/c/std/json_fuzzer.cc,PASS,PASS,0,0,0.879,/usr/bin/g++ -std=gnu++17 -O0 -g0 -DWUFFS_CONFIG__FUZZLIB_MAIN /tmp/silent-control-S006-S1_H1-ml92crlf/fuzz/c/std/json_fuzzer.cc -o /tmp/silent-control-S006-S1_H1-ml92crlf/.probe,"
RUNTIME:
- /tmp/silent-control-S006-S1_H1-ml92crlf/.probe-input      ok
PASS: 1 files processed
"
S007,S0_H0,fuzz/c/std/pixel_swizzler_fuzzer.c,PASS,PASS,0,0,0.486,/usr/bin/gcc -std=gnu11 -O0 -g0 -DWUFFS_CONFIG__FUZZLIB_MAIN /tmp/silent-control-S007-S0_H0-k9r4obsv/fuzz/c/std/pixel_swizzler_fuzzer.c -o /tmp/silent-control-S007-S0_H0-k9r4obsv/.probe,"
RUNTIME:
- /tmp/silent-control-S007-S0_H0-k9r4obsv/.probe-input      base: bad argument
PASS: 1 files processed
"
S007,S1_H0,fuzz/c/std/pixel_swizzler_fuzzer.c,PASS,PASS,0,0,0.607,/usr/bin/gcc -std=gnu11 -O0 -g0 -DWUFFS_CONFIG__FUZZLIB_MAIN /tmp/silent-control-S007-S1_H0-22svok46/fuzz/c/std/pixel_swizzler_fuzzer.c -o /tmp/silent-control-S007-S1_H0-22svok46/.probe,"
RUNTIME:
- /tmp/silent-control-S007-S1_H0-22svok46/.probe-input      base: bad argument
PASS: 1 files processed
"
S007,S1_H1,fuzz/c/std/pixel_swizzler_fuzzer.c,PASS,PASS,0,0,0.491,/usr/bin/gcc -std=gnu11 -O0 -g0 -DWUFFS_CONFIG__FUZZLIB_MAIN /tmp/silent-control-S007-S1_H1-tbyfo1vs/fuzz/c/std/pixel_swizzler_fuzzer.c -o /tmp/silent-control-S007-S1_H1-tbyfo1vs/.probe,"
RUNTIME:
- /tmp/silent-control-S007-S1_H1-tbyfo1vs/.probe-input      base: bad argument
PASS: 1 files processed
"
S008,S0_H0,fuzz/c/std/pixel_swizzler_fuzzer.c,PASS,PASS,0,0,0.459,/usr/bin/gcc -std=gnu11 -O0 -g0 -DWUFFS_CONFIG__FUZZLIB_MAIN /tmp/silent-control-S008-S0_H0-_pbll865/fuzz/c/std/pixel_swizzler_fuzzer.c -o /tmp/silent-control-S008-S0_H0-_pbll865/.probe,"
RUNTIME:
- /tmp/silent-control-S008-S0_H0-_pbll865/.probe-input      base: bad argument
PASS: 1 files processed
"
S008,S1_H0,fuzz/c/std/pixel_swizzler_fuzzer.c,PASS,PASS,0,0,0.484,/usr/bin/gcc -std=gnu11 -O0 -g0 -DWUFFS_CONFIG__FUZZLIB_MAIN /tmp/silent-control-S008-S1_H0-p8g_ok64/fuzz/c/std/pixel_swizzler_fuzzer.c -o /tmp/silent-control-S008-S1_H0-p8g_ok64/.probe,"
RUNTIME:
- /tmp/silent-control-S008-S1_H0-p8g_ok64/.probe-input      base: bad argument
PASS: 1 files processed
"
S008,S1_H1,fuzz/c/std/pixel_swizzler_fuzzer.c,PASS,PASS,0,0,0.468,/usr/bin/gcc -std=gnu11 -O0 -g0 -DWUFFS_CONFIG__FUZZLIB_MAIN /tmp/silent-control-S008-S1_H1-ob11ogb_/fuzz/c/std/pixel_swizzler_fuzzer.c -o /tmp/silent-control-S008-S1_H1-ob11ogb_/.probe,"
RUNTIME:
- /tmp/silent-control-S008-S1_H1-ob11ogb_/.probe-input      base: bad argument
PASS: 1 files processed
"
S009,S0_H0,fuzz/c/std/json_fuzzer.cc,PASS,PASS,0,0,0.902,/usr/bin/g++ -std=gnu++17 -O0 -g0 -DWUFFS_CONFIG__FUZZLIB_MAIN /tmp/silent-control-S009-S0_H0-fc3j5smf/fuzz/c/std/json_fuzzer.cc -o /tmp/silent-control-S009-S0_H0-fc3j5smf/.probe,"
RUNTIME:
- /tmp/silent-control-S009-S0_H0-fc3j5smf/.probe-input      ok
PASS: 1 files processed
"
S009,S1_H0,fuzz/c/std/json_fuzzer.cc,PASS,PASS,0,0,0.930,/usr/bin/g++ -std=gnu++17 -O0 -g0 -DWUFFS_CONFIG__FUZZLIB_MAIN /tmp/silent-control-S009-S1_H0-w_ak_4bv/fuzz/c/std/json_fuzzer.cc -o /tmp/silent-control-S009-S1_H0-w_ak_4bv/.probe,"
RUNTIME:
- /tmp/silent-control-S009-S1_H0-w_ak_4bv/.probe-input      ok
PASS: 1 files processed
"
S009,S1_H1,fuzz/c/std/json_fuzzer.cc,PASS,PASS,0,0,0.931,/usr/bin/g++ -std=gnu++17 -O0 -g0 -DWUFFS_CONFIG__FUZZLIB_MAIN /tmp/silent-control-S009-S1_H1-q6izxm12/fuzz/c/std/json_fuzzer.cc -o /tmp/silent-control-S009-S1_H1-q6izxm12/.probe,"
RUNTIME:
- /tmp/silent-control-S009-S1_H1-q6izxm12/.probe-input      ok
PASS: 1 files processed
"
S010,S0_H0,fuzz/c/std/json_fuzzer.cc,PASS,PASS,0,0,0.859,/usr/bin/g++ -std=gnu++17 -O0 -g0 -DWUFFS_CONFIG__FUZZLIB_MAIN /tmp/silent-control-S010-S0_H0-j9bp1k3j/fuzz/c/std/json_fuzzer.cc -o /tmp/silent-control-S010-S0_H0-j9bp1k3j/.probe,"
RUNTIME:
- /tmp/silent-control-S010-S0_H0-j9bp1k3j/.probe-input      ok
PASS: 1 files processed
"
S010,S1_H0,fuzz/c/std/json_fuzzer.cc,PASS,PASS,0,0,0.920,/usr/bin/g++ -std=gnu++17 -O0 -g0 -DWUFFS_CONFIG__FUZZLIB_MAIN /tmp/silent-control-S010-S1_H0-eno4kvl3/fuzz/c/std/json_fuzzer.cc -o /tmp/silent-control-S010-S1_H0-eno4kvl3/.probe,"
RUNTIME:
- /tmp/silent-control-S010-S1_H0-eno4kvl3/.probe-input      ok
PASS: 1 files processed
"
S010,S1_H1,fuzz/c/std/json_fuzzer.cc,PASS,PASS,0,0,0.911,/usr/bin/g++ -std=gnu++17 -O0 -g0 -DWUFFS_CONFIG__FUZZLIB_MAIN /tmp/silent-control-S010-S1_H1-wznot5fn/fuzz/c/std/json_fuzzer.cc -o /tmp/silent-control-S010-S1_H1-wznot5fn/.probe,"
RUNTIME:
- /tmp/silent-control-S010-S1_H1-wznot5fn/.probe-input      ok
PASS: 1 files processed
"
S011,S0_H0,fuzz/c/std/json_fuzzer.cc,PASS,PASS,0,0,0.893,/usr/bin/g++ -std=gnu++17 -O0 -g0 -DWUFFS_CONFIG__FUZZLIB_MAIN /tmp/silent-control-S011-S0_H0-d1ql_tch/fuzz/c/std/json_fuzzer.cc -o /tmp/silent-control-S011-S0_H0-d1ql_tch/.probe,"
RUNTIME:
- /tmp/silent-control-S011-S0_H0-d1ql_tch/.probe-input      ok
PASS: 1 files processed
"
S011,S1_H0,fuzz/c/std/json_fuzzer.cc,PASS,PASS,0,0,0.921,/usr/bin/g++ -std=gnu++17 -O0 -g0 -DWUFFS_CONFIG__FUZZLIB_MAIN /tmp/silent-control-S011-S1_H0-dr9xrcn6/fuzz/c/std/json_fuzzer.cc -o /tmp/silent-control-S011-S1_H0-dr9xrcn6/.probe,"
RUNTIME:
- /tmp/silent-control-S011-S1_H0-dr9xrcn6/.probe-input      ok
PASS: 1 files processed
"
S011,S1_H1,fuzz/c/std/json_fuzzer.cc,PASS,PASS,0,0,1.051,/usr/bin/g++ -std=gnu++17 -O0 -g0 -DWUFFS_CONFIG__FUZZLIB_MAIN /tmp/silent-control-S011-S1_H1-eksjiikj/fuzz/c/std/json_fuzzer.cc -o /tmp/silent-control-S011-S1_H1-eksjiikj/.probe,"
RUNTIME:
- /tmp/silent-control-S011-S1_H1-eksjiikj/.probe-input      ok
PASS: 1 files processed
"
S012,S0_H0,fuzz/c/std/json_fuzzer.cc,PASS,PASS,0,0,0.930,/usr/bin/g++ -std=gnu++17 -O0 -g0 -DWUFFS_CONFIG__FUZZLIB_MAIN /tmp/silent-control-S012-S0_H0-2ts8ip7c/fuzz/c/std/json_fuzzer.cc -o /tmp/silent-control-S012-S0_H0-2ts8ip7c/.probe,"
RUNTIME:
- /tmp/silent-control-S012-S0_H0-2ts8ip7c/.probe-input      ok
PASS: 1 files processed
"
S012,S1_H0,fuzz/c/std/json_fuzzer.cc,PASS,PASS,0,0,0.922,/usr/bin/g++ -std=gnu++17 -O0 -g0 -DWUFFS_CONFIG__FUZZLIB_MAIN /tmp/silent-control-S012-S1_H0-03gogtvx/fuzz/c/std/json_fuzzer.cc -o /tmp/silent-control-S012-S1_H0-03gogtvx/.probe,"
RUNTIME:
- /tmp/silent-control-S012-S1_H0-03gogtvx/.probe-input      ok
PASS: 1 files processed
"
S012,S1_H1,fuzz/c/std/json_fuzzer.cc,PASS,PASS,0,0,1.012,/usr/bin/g++ -std=gnu++17 -O0 -g0 -DWUFFS_CONFIG__FUZZLIB_MAIN /tmp/silent-control-S012-S1_H1-jiropp8w/fuzz/c/std/json_fuzzer.cc -o /tmp/silent-control-S012-S1_H1-jiropp8w/.probe,"
RUNTIME:
- /tmp/silent-control-S012-S1_H1-jiropp8w/.probe-input      ok
PASS: 1 files processed
"
S013,S0_H0,fuzz/c/std/pixel_swizzler_fuzzer.c,PASS,PASS,0,0,0.518,/usr/bin/gcc -std=gnu11 -O0 -g0 -DWUFFS_CONFIG__FUZZLIB_MAIN /tmp/silent-control-S013-S0_H0-jjxowfp9/fuzz/c/std/pixel_swizzler_fuzzer.c -o /tmp/silent-control-S013-S0_H0-jjxowfp9/.probe,"
RUNTIME:
- /tmp/silent-control-S013-S0_H0-jjxowfp9/.probe-input      fuzz: not enough data
PASS: 1 files processed
"
S013,S1_H0,fuzz/c/std/pixel_swizzler_fuzzer.c,PASS,PASS,0,0,0.484,/usr/bin/gcc -std=gnu11 -O0 -g0 -DWUFFS_CONFIG__FUZZLIB_MAIN /tmp/silent-control-S013-S1_H0-p9m4xcpw/fuzz/c/std/pixel_swizzler_fuzzer.c -o /tmp/silent-control-S013-S1_H0-p9m4xcpw/.probe,"
RUNTIME:
- /tmp/silent-control-S013-S1_H0-p9m4xcpw/.probe-input      fuzz: not enough data
PASS: 1 files processed
"
S013,S1_H1,fuzz/c/std/pixel_swizzler_fuzzer.c,PASS,PASS,0,0,0.481,/usr/bin/gcc -std=gnu11 -O0 -g0 -DWUFFS_CONFIG__FUZZLIB_MAIN /tmp/silent-control-S013-S1_H1-o_69ace0/fuzz/c/std/pixel_swizzler_fuzzer.c -o /tmp/silent-control-S013-S1_H1-o_69ace0/.probe,"
RUNTIME:
- /tmp/silent-control-S013-S1_H1-o_69ace0/.probe-input      fuzz: not enough data
PASS: 1 files processed
"
S014,S0_H0,fuzz/c/std/pixel_swizzler_fuzzer.c,PASS,PASS,0,0,0.500,/usr/bin/gcc -std=gnu11 -O0 -g0 -DWUFFS_CONFIG__FUZZLIB_MAIN /tmp/silent-control-S014-S0_H0-nf8tteyj/fuzz/c/std/pixel_swizzler_fuzzer.c -o /tmp/silent-control-S014-S0_H0-nf8tteyj/.probe,"
RUNTIME:
- /tmp/silent-control-S014-S0_H0-nf8tteyj/.probe-input      fuzz: not enough data
PASS: 1 files processed
"
S014,S1_H0,fuzz/c/std/pixel_swizzler_fuzzer.c,PASS,PASS,0,0,0.453,/usr/bin/gcc -std=gnu11 -O0 -g0 -DWUFFS_CONFIG__FUZZLIB_MAIN /tmp/silent-control-S014-S1_H0-wqenci2u/fuzz/c/std/pixel_swizzler_fuzzer.c -o /tmp/silent-control-S014-S1_H0-wqenci2u/.probe,"
RUNTIME:
- /tmp/silent-control-S014-S1_H0-wqenci2u/.probe-input      fuzz: not enough data
PASS: 1 files processed
"
S014,S1_H1,fuzz/c/std/pixel_swizzler_fuzzer.c,PASS,PASS,0,0,0.460,/usr/bin/gcc -std=gnu11 -O0 -g0 -DWUFFS_CONFIG__FUZZLIB_MAIN /tmp/silent-control-S014-S1_H1-0l4work_/fuzz/c/std/pixel_swizzler_fuzzer.c -o /tmp/silent-control-S014-S1_H1-0l4work_/.probe,"
RUNTIME:
- /tmp/silent-control-S014-S1_H1-0l4work_/.probe-input      fuzz: not enough data
PASS: 1 files processed
"
S015,S0_H0,fuzz/c/std/pixel_swizzler_fuzzer.c,PASS,PASS,0,0,0.465,/usr/bin/gcc -std=gnu11 -O0 -g0 -DWUFFS_CONFIG__FUZZLIB_MAIN /tmp/silent-control-S015-S0_H0-6v5kf2_s/fuzz/c/std/pixel_swizzler_fuzzer.c -o /tmp/silent-control-S015-S0_H0-6v5kf2_s/.probe,"
RUNTIME:
- /tmp/silent-control-S015-S0_H0-6v5kf2_s/.probe-input      fuzz: not enough data
PASS: 1 files processed
"
S015,S1_H0,fuzz/c/std/pixel_swizzler_fuzzer.c,PASS,PASS,0,0,0.460,/usr/bin/gcc -std=gnu11 -O0 -g0 -DWUFFS_CONFIG__FUZZLIB_MAIN /tmp/silent-control-S015-S1_H0-yn_v9i3u/fuzz/c/std/pixel_swizzler_fuzzer.c -o /tmp/silent-control-S015-S1_H0-yn_v9i3u/.probe,"
RUNTIME:
- /tmp/silent-control-S015-S1_H0-yn_v9i3u/.probe-input      fuzz: not enough data
PASS: 1 files processed
"
S015,S1_H1,fuzz/c/std/pixel_swizzler_fuzzer.c,PASS,PASS,0,0,0.515,/usr/bin/gcc -std=gnu11 -O0 -g0 -DWUFFS_CONFIG__FUZZLIB_MAIN /tmp/silent-control-S015-S1_H1-dez4k1qq/fuzz/c/std/pixel_swizzler_fuzzer.c -o /tmp/silent-control-S015-S1_H1-dez4k1qq/.probe,"
RUNTIME:
- /tmp/silent-control-S015-S1_H1-dez4k1qq/.probe-input      fuzz: not enough data
PASS: 1 files processed
"
S016,S0_H0,fuzz/c/std/json_fuzzer.cc,PASS,PASS,0,0,0.856,/usr/bin/g++ -std=gnu++17 -O0 -g0 -DWUFFS_CONFIG__FUZZLIB_MAIN /tmp/silent-control-S016-S0_H0-zgrzc93k/fuzz/c/std/json_fuzzer.cc -o /tmp/silent-control-S016-S0_H0-zgrzc93k/.probe,"
RUNTIME:
- /tmp/silent-control-S016-S0_H0-zgrzc93k/.probe-input      ok
PASS: 1 files processed
"
S016,S1_H0,fuzz/c/std/json_fuzzer.cc,PASS,PASS,0,0,0.904,/usr/bin/g++ -std=gnu++17 -O0 -g0 -DWUFFS_CONFIG__FUZZLIB_MAIN /tmp/silent-control-S016-S1_H0-r83zzojg/fuzz/c/std/json_fuzzer.cc -o /tmp/silent-control-S016-S1_H0-r83zzojg/.probe,"
RUNTIME:
- /tmp/silent-control-S016-S1_H0-r83zzojg/.probe-input      ok
PASS: 1 files processed
"
S016,S1_H1,fuzz/c/std/json_fuzzer.cc,PASS,PASS,0,0,0.933,/usr/bin/g++ -std=gnu++17 -O0 -g0 -DWUFFS_CONFIG__FUZZLIB_MAIN /tmp/silent-control-S016-S1_H1-49rr6a_v/fuzz/c/std/json_fuzzer.cc -o /tmp/silent-control-S016-S1_H1-49rr6a_v/.probe,"
RUNTIME:
- /tmp/silent-control-S016-S1_H1-49rr6a_v/.probe-input      ok
PASS: 1 files processed
"
S017,S0_H0,fuzz/c/std/json_fuzzer.cc,PASS,PASS,0,0,0.858,/usr/bin/g++ -std=gnu++17 -O0 -g0 -DWUFFS_CONFIG__FUZZLIB_MAIN /tmp/silent-control-S017-S0_H0-7ebkqyzq/fuzz/c/std/json_fuzzer.cc -o /tmp/silent-control-S017-S0_H0-7ebkqyzq/.probe,"
RUNTIME:
- /tmp/silent-control-S017-S0_H0-7ebkqyzq/.probe-input      ok
PASS: 1 files processed
"
S017,S1_H0,fuzz/c/std/json_fuzzer.cc,PASS,PASS,0,0,0.849,/usr/bin/g++ -std=gnu++17 -O0 -g0 -DWUFFS_CONFIG__FUZZLIB_MAIN /tmp/silent-control-S017-S1_H0-3_9q7srx/fuzz/c/std/json_fuzzer.cc -o /tmp/silent-control-S017-S1_H0-3_9q7srx/.probe,"
RUNTIME:
- /tmp/silent-control-S017-S1_H0-3_9q7srx/.probe-input      ok
PASS: 1 files processed
"
S017,S1_H1,fuzz/c/std/json_fuzzer.cc,PASS,PASS,0,0,0.995,/usr/bin/g++ -std=gnu++17 -O0 -g0 -DWUFFS_CONFIG__FUZZLIB_MAIN /tmp/silent-control-S017-S1_H1-r3sgg54y/fuzz/c/std/json_fuzzer.cc -o /tmp/silent-control-S017-S1_H1-r3sgg54y/.probe,"
RUNTIME:
- /tmp/silent-control-S017-S1_H1-r3sgg54y/.probe-input      ok
PASS: 1 files processed
"
S018,S0_H0,fuzz/c/std/png_fuzzer.c,PASS,PASS,0,0,0.692,/usr/bin/gcc -std=gnu11 -O0 -g0 -DWUFFS_CONFIG__FUZZLIB_MAIN /tmp/silent-control-S018-S0_H0-0l90dl4d/fuzz/c/std/png_fuzzer.c -o /tmp/silent-control-S018-S0_H0-0l90dl4d/.probe,"
RUNTIME:
- /tmp/silent-control-S018-S0_H0-0l90dl4d/.probe-input      base: short read
PASS: 1 files processed
"
S018,S1_H0,fuzz/c/std/png_fuzzer.c,PASS,PASS,0,0,0.672,/usr/bin/gcc -std=gnu11 -O0 -g0 -DWUFFS_CONFIG__FUZZLIB_MAIN /tmp/silent-control-S018-S1_H0-msygc56y/fuzz/c/std/png_fuzzer.c -o /tmp/silent-control-S018-S1_H0-msygc56y/.probe,"
RUNTIME:
- /tmp/silent-control-S018-S1_H0-msygc56y/.probe-input      base: short read
PASS: 1 files processed
"
S018,S1_H1,fuzz/c/std/png_fuzzer.c,PASS,PASS,0,0,0.674,/usr/bin/gcc -std=gnu11 -O0 -g0 -DWUFFS_CONFIG__FUZZLIB_MAIN /tmp/silent-control-S018-S1_H1-w01hhqlf/fuzz/c/std/png_fuzzer.c -o /tmp/silent-control-S018-S1_H1-w01hhqlf/.probe,"
RUNTIME:
- /tmp/silent-control-S018-S1_H1-w01hhqlf/.probe-input      base: short read
PASS: 1 files processed
"
S019,S0_H0,fuzz/c/std/json_fuzzer.cc,PASS,PASS,0,0,0.891,/usr/bin/g++ -std=gnu++17 -O0 -g0 -DWUFFS_CONFIG__FUZZLIB_MAIN /tmp/silent-control-S019-S0_H0-ls4hjqk7/fuzz/c/std/json_fuzzer.cc -o /tmp/silent-control-S019-S0_H0-ls4hjqk7/.probe,"
RUNTIME:
- /tmp/silent-control-S019-S0_H0-ls4hjqk7/.probe-input      ok
PASS: 1 files processed
"
S019,S1_H0,fuzz/c/std/json_fuzzer.cc,PASS,PASS,0,0,0.821,/usr/bin/g++ -std=gnu++17 -O0 -g0 -DWUFFS_CONFIG__FUZZLIB_MAIN /tmp/silent-control-S019-S1_H0-03mizrf9/fuzz/c/std/json_fuzzer.cc -o /tmp/silent-control-S019-S1_H0-03mizrf9/.probe,"
RUNTIME:
- /tmp/silent-control-S019-S1_H0-03mizrf9/.probe-input      ok
PASS: 1 files processed
"
S019,S1_H1,fuzz/c/std/json_fuzzer.cc,PASS,PASS,0,0,0.841,/usr/bin/g++ -std=gnu++17 -O0 -g0 -DWUFFS_CONFIG__FUZZLIB_MAIN /tmp/silent-control-S019-S1_H1-d30qw6_3/fuzz/c/std/json_fuzzer.cc -o /tmp/silent-control-S019-S1_H1-d30qw6_3/.probe,"
RUNTIME:
- /tmp/silent-control-S019-S1_H1-d30qw6_3/.probe-input      ok
PASS: 1 files processed
"
S020,S0_H0,fuzz/c/std/jpeg_fuzzer.c,PASS,PASS,0,0,0.666,/usr/bin/gcc -std=gnu11 -O0 -g0 -DWUFFS_CONFIG__FUZZLIB_MAIN /tmp/silent-control-S020-S0_H0-w51d48g3/fuzz/c/std/jpeg_fuzzer.c -o /tmp/silent-control-S020-S0_H0-w51d48g3/.probe,"
RUNTIME:
- /tmp/silent-control-S020-S0_H0-w51d48g3/.probe-input      jpeg: bad header
PASS: 1 files processed
"
S020,S1_H0,fuzz/c/std/jpeg_fuzzer.c,PASS,PASS,0,0,0.640,/usr/bin/gcc -std=gnu11 -O0 -g0 -DWUFFS_CONFIG__FUZZLIB_MAIN /tmp/silent-control-S020-S1_H0-wbh7fgjx/fuzz/c/std/jpeg_fuzzer.c -o /tmp/silent-control-S020-S1_H0-wbh7fgjx/.probe,"
RUNTIME:
- /tmp/silent-control-S020-S1_H0-wbh7fgjx/.probe-input      jpeg: bad header
PASS: 1 files processed
"
S020,S1_H1,fuzz/c/std/jpeg_fuzzer.c,PASS,PASS,0,0,0.598,/usr/bin/gcc -std=gnu11 -O0 -g0 -DWUFFS_CONFIG__FUZZLIB_MAIN /tmp/silent-control-S020-S1_H1-pxw_cinx/fuzz/c/std/jpeg_fuzzer.c -o /tmp/silent-control-S020-S1_H1-pxw_cinx/.probe,"
RUNTIME:
- /tmp/silent-control-S020-S1_H1-pxw_cinx/.probe-input      jpeg: bad header
PASS: 1 files processed
"
S021,S0_H0,fuzz/c/std/json_fuzzer.cc,PASS,PASS,0,0,0.891,/usr/bin/g++ -std=gnu++17 -O0 -g0 -DWUFFS_CONFIG__FUZZLIB_MAIN /tmp/silent-control-S021-S0_H0-so15yyv3/fuzz/c/std/json_fuzzer.cc -o /tmp/silent-control-S021-S0_H0-so15yyv3/.probe,"
RUNTIME:
- /tmp/silent-control-S021-S0_H0-so15yyv3/.probe-input      ok
PASS: 1 files processed
"
S021,S1_H0,fuzz/c/std/json_fuzzer.cc,PASS,PASS,0,0,0.971,/usr/bin/g++ -std=gnu++17 -O0 -g0 -DWUFFS_CONFIG__FUZZLIB_MAIN /tmp/silent-control-S021-S1_H0-9mnxfkgv/fuzz/c/std/json_fuzzer.cc -o /tmp/silent-control-S021-S1_H0-9mnxfkgv/.probe,"
RUNTIME:
- /tmp/silent-control-S021-S1_H0-9mnxfkgv/.probe-input      ok
PASS: 1 files processed
"
S021,S1_H1,fuzz/c/std/json_fuzzer.cc,PASS,PASS,0,0,0.955,/usr/bin/g++ -std=gnu++17 -O0 -g0 -DWUFFS_CONFIG__FUZZLIB_MAIN /tmp/silent-control-S021-S1_H1-_ayj9bdt/fuzz/c/std/json_fuzzer.cc -o /tmp/silent-control-S021-S1_H1-_ayj9bdt/.probe,"
RUNTIME:
- /tmp/silent-control-S021-S1_H1-_ayj9bdt/.probe-input      ok
PASS: 1 files processed
"
S022,S0_H0,fuzz/c/std/bzip2_fuzzer.c,PASS,PASS,0,0,0.460,/usr/bin/gcc -std=gnu11 -O0 -g0 -DWUFFS_CONFIG__FUZZLIB_MAIN /tmp/silent-control-S022-S0_H0-g2hjx1qc/fuzz/c/std/bzip2_fuzzer.c -o /tmp/silent-control-S022-S0_H0-g2hjx1qc/.probe,"
RUNTIME:
- /tmp/silent-control-S022-S0_H0-g2hjx1qc/.probe-input      bzip2: bad header
PASS: 1 files processed
"
S022,S1_H0,fuzz/c/std/bzip2_fuzzer.c,PASS,PASS,0,0,0.466,/usr/bin/gcc -std=gnu11 -O0 -g0 -DWUFFS_CONFIG__FUZZLIB_MAIN /tmp/silent-control-S022-S1_H0-cuwr8lxv/fuzz/c/std/bzip2_fuzzer.c -o /tmp/silent-control-S022-S1_H0-cuwr8lxv/.probe,"
RUNTIME:
- /tmp/silent-control-S022-S1_H0-cuwr8lxv/.probe-input      bzip2: bad header
PASS: 1 files processed
"
S022,S1_H1,fuzz/c/std/bzip2_fuzzer.c,PASS,PASS,0,0,0.451,/usr/bin/gcc -std=gnu11 -O0 -g0 -DWUFFS_CONFIG__FUZZLIB_MAIN /tmp/silent-control-S022-S1_H1-hdwu6rsh/fuzz/c/std/bzip2_fuzzer.c -o /tmp/silent-control-S022-S1_H1-hdwu6rsh/.probe,"
RUNTIME:
- /tmp/silent-control-S022-S1_H1-hdwu6rsh/.probe-input      bzip2: bad header
PASS: 1 files processed
"
S023,S0_H0,fuzz/c/std/pixel_swizzler_fuzzer.c,PASS,PASS,0,0,0.489,/usr/bin/gcc -std=gnu11 -O0 -g0 -DWUFFS_CONFIG__FUZZLIB_MAIN /tmp/silent-control-S023-S0_H0-zmlexye5/fuzz/c/std/pixel_swizzler_fuzzer.c -o /tmp/silent-control-S023-S0_H0-zmlexye5/.probe,"
RUNTIME:
- /tmp/silent-control-S023-S0_H0-zmlexye5/.probe-input      fuzz: not enough data
PASS: 1 files processed
"
S023,S1_H0,fuzz/c/std/pixel_swizzler_fuzzer.c,PASS,PASS,0,0,0.439,/usr/bin/gcc -std=gnu11 -O0 -g0 -DWUFFS_CONFIG__FUZZLIB_MAIN /tmp/silent-control-S023-S1_H0-n5f9lm07/fuzz/c/std/pixel_swizzler_fuzzer.c -o /tmp/silent-control-S023-S1_H0-n5f9lm07/.probe,"
RUNTIME:
- /tmp/silent-control-S023-S1_H0-n5f9lm07/.probe-input      fuzz: not enough data
PASS: 1 files processed
"
S023,S1_H1,fuzz/c/std/pixel_swizzler_fuzzer.c,PASS,PASS,0,0,0.425,/usr/bin/gcc -std=gnu11 -O0 -g0 -DWUFFS_CONFIG__FUZZLIB_MAIN /tmp/silent-control-S023-S1_H1-7l2xebg5/fuzz/c/std/pixel_swizzler_fuzzer.c -o /tmp/silent-control-S023-S1_H1-7l2xebg5/.probe,"
RUNTIME:
- /tmp/silent-control-S023-S1_H1-7l2xebg5/.probe-input      fuzz: not enough data
PASS: 1 files processed
"
S024,S0_H0,fuzz/c/std/jpeg_fuzzer.c,PASS,PASS,0,0,0.598,/usr/bin/gcc -std=gnu11 -O0 -g0 -DWUFFS_CONFIG__FUZZLIB_MAIN /tmp/silent-control-S024-S0_H0-i6p94mg5/fuzz/c/std/jpeg_fuzzer.c -o /tmp/silent-control-S024-S0_H0-i6p94mg5/.probe,"
RUNTIME:
- /tmp/silent-control-S024-S0_H0-i6p94mg5/.probe-input      jpeg: bad header
PASS: 1 files processed
"
S024,S1_H0,fuzz/c/std/jpeg_fuzzer.c,PASS,PASS,0,0,0.640,/usr/bin/gcc -std=gnu11 -O0 -g0 -DWUFFS_CONFIG__FUZZLIB_MAIN /tmp/silent-control-S024-S1_H0-9loe759y/fuzz/c/std/jpeg_fuzzer.c -o /tmp/silent-control-S024-S1_H0-9loe759y/.probe,"
RUNTIME:
- /tmp/silent-control-S024-S1_H0-9loe759y/.probe-input      jpeg: bad header
PASS: 1 files processed
"
S024,S1_H1,fuzz/c/std/jpeg_fuzzer.c,PASS,PASS,0,0,0.921,/usr/bin/gcc -std=gnu11 -O0 -g0 -DWUFFS_CONFIG__FUZZLIB_MAIN /tmp/silent-control-S024-S1_H1-1_4g6lv4/fuzz/c/std/jpeg_fuzzer.c -o /tmp/silent-control-S024-S1_H1-1_4g6lv4/.probe,"
RUNTIME:
- /tmp/silent-control-S024-S1_H1-1_4g6lv4/.probe-input      jpeg: bad header
PASS: 1 files processed
"
S025,S0_H0,fuzz/c/std/jpeg_fuzzer.c,PASS,PASS,0,0,0.599,/usr/bin/gcc -std=gnu11 -O0 -g0 -DWUFFS_CONFIG__FUZZLIB_MAIN /tmp/silent-control-S025-S0_H0-qn6oukc8/fuzz/c/std/jpeg_fuzzer.c -o /tmp/silent-control-S025-S0_H0-qn6oukc8/.probe,"
RUNTIME:
- /tmp/silent-control-S025-S0_H0-qn6oukc8/.probe-input      jpeg: bad header
PASS: 1 files processed
"
S025,S1_H0,fuzz/c/std/jpeg_fuzzer.c,PASS,PASS,0,0,0.596,/usr/bin/gcc -std=gnu11 -O0 -g0 -DWUFFS_CONFIG__FUZZLIB_MAIN /tmp/silent-control-S025-S1_H0-0z3gdtej/fuzz/c/std/jpeg_fuzzer.c -o /tmp/silent-control-S025-S1_H0-0z3gdtej/.probe,"
RUNTIME:
- /tmp/silent-control-S025-S1_H0-0z3gdtej/.probe-input      jpeg: bad header
PASS: 1 files processed
"
S025,S1_H1,fuzz/c/std/jpeg_fuzzer.c,PASS,PASS,0,0,0.592,/usr/bin/gcc -std=gnu11 -O0 -g0 -DWUFFS_CONFIG__FUZZLIB_MAIN /tmp/silent-control-S025-S1_H1-nv0o3a_h/fuzz/c/std/jpeg_fuzzer.c -o /tmp/silent-control-S025-S1_H1-nv0o3a_h/.probe,"
RUNTIME:
- /tmp/silent-control-S025-S1_H1-nv0o3a_h/.probe-input      jpeg: bad header
PASS: 1 files processed
"
S026,S0_H0,fuzz/c/std/jpeg_fuzzer.c,PASS,PASS,0,0,0.601,/usr/bin/gcc -std=gnu11 -O0 -g0 -DWUFFS_CONFIG__FUZZLIB_MAIN /tmp/silent-control-S026-S0_H0-3xvhnfte/fuzz/c/std/jpeg_fuzzer.c -o /tmp/silent-control-S026-S0_H0-3xvhnfte/.probe,"
RUNTIME:
- /tmp/silent-control-S026-S0_H0-3xvhnfte/.probe-input      jpeg: bad header
PASS: 1 files processed
"
S026,S1_H0,fuzz/c/std/jpeg_fuzzer.c,PASS,PASS,0,0,0.797,/usr/bin/gcc -std=gnu11 -O0 -g0 -DWUFFS_CONFIG__FUZZLIB_MAIN /tmp/silent-control-S026-S1_H0-ag_wit2d/fuzz/c/std/jpeg_fuzzer.c -o /tmp/silent-control-S026-S1_H0-ag_wit2d/.probe,"
RUNTIME:
- /tmp/silent-control-S026-S1_H0-ag_wit2d/.probe-input      jpeg: bad header
PASS: 1 files processed
"
S026,S1_H1,fuzz/c/std/jpeg_fuzzer.c,PASS,PASS,0,0,0.706,/usr/bin/gcc -std=gnu11 -O0 -g0 -DWUFFS_CONFIG__FUZZLIB_MAIN /tmp/silent-control-S026-S1_H1-l_awzata/fuzz/c/std/jpeg_fuzzer.c -o /tmp/silent-control-S026-S1_H1-l_awzata/.probe,"
RUNTIME:
- /tmp/silent-control-S026-S1_H1-l_awzata/.probe-input      jpeg: bad header
PASS: 1 files processed
"
S027,S0_H0,fuzz/c/std/json_fuzzer.cc,PASS,PASS,0,0,0.871,/usr/bin/g++ -std=gnu++17 -O0 -g0 -DWUFFS_CONFIG__FUZZLIB_MAIN /tmp/silent-control-S027-S0_H0-r3l8q20x/fuzz/c/std/json_fuzzer.cc -o /tmp/silent-control-S027-S0_H0-r3l8q20x/.probe,"
RUNTIME:
- /tmp/silent-control-S027-S0_H0-r3l8q20x/.probe-input      ok
PASS: 1 files processed
"
S027,S1_H0,fuzz/c/std/json_fuzzer.cc,PASS,PASS,0,0,0.868,/usr/bin/g++ -std=gnu++17 -O0 -g0 -DWUFFS_CONFIG__FUZZLIB_MAIN /tmp/silent-control-S027-S1_H0-l3kqcdt4/fuzz/c/std/json_fuzzer.cc -o /tmp/silent-control-S027-S1_H0-l3kqcdt4/.probe,"
RUNTIME:
- /tmp/silent-control-S027-S1_H0-l3kqcdt4/.probe-input      ok
PASS: 1 files processed
"
S027,S1_H1,fuzz/c/std/json_fuzzer.cc,PASS,PASS,0,0,0.841,/usr/bin/g++ -std=gnu++17 -O0 -g0 -DWUFFS_CONFIG__FUZZLIB_MAIN /tmp/silent-control-S027-S1_H1-8m0se3t9/fuzz/c/std/json_fuzzer.cc -o /tmp/silent-control-S027-S1_H1-8m0se3t9/.probe,"
RUNTIME:
- /tmp/silent-control-S027-S1_H1-8m0se3t9/.probe-input      ok
PASS: 1 files processed
"
S028,S0_H0,fuzz/c/std/pixel_swizzler_fuzzer.c,PASS,PASS,0,0,0.446,/usr/bin/gcc -std=gnu11 -O0 -g0 -DWUFFS_CONFIG__FUZZLIB_MAIN /tmp/silent-control-S028-S0_H0-m5hnv72w/fuzz/c/std/pixel_swizzler_fuzzer.c -o /tmp/silent-control-S028-S0_H0-m5hnv72w/.probe,"
RUNTIME:
- /tmp/silent-control-S028-S0_H0-m5hnv72w/.probe-input      fuzz: not enough data
PASS: 1 files processed
"
S028,S1_H0,fuzz/c/std/pixel_swizzler_fuzzer.c,PASS,PASS,0,0,0.434,/usr/bin/gcc -std=gnu11 -O0 -g0 -DWUFFS_CONFIG__FUZZLIB_MAIN /tmp/silent-control-S028-S1_H0-xd_tx9ca/fuzz/c/std/pixel_swizzler_fuzzer.c -o /tmp/silent-control-S028-S1_H0-xd_tx9ca/.probe,"
RUNTIME:
- /tmp/silent-control-S028-S1_H0-xd_tx9ca/.probe-input      fuzz: not enough data
PASS: 1 files processed
"
S028,S1_H1,fuzz/c/std/pixel_swizzler_fuzzer.c,PASS,PASS,0,0,0.457,/usr/bin/gcc -std=gnu11 -O0 -g0 -DWUFFS_CONFIG__FUZZLIB_MAIN /tmp/silent-control-S028-S1_H1-odcx42r7/fuzz/c/std/pixel_swizzler_fuzzer.c -o /tmp/silent-control-S028-S1_H1-odcx42r7/.probe,"
RUNTIME:
- /tmp/silent-control-S028-S1_H1-odcx42r7/.probe-input      fuzz: not enough data
PASS: 1 files processed
"
S029,S0_H0,fuzz/c/std/cbor_fuzzer.c,PASS,PASS,0,0,0.497,/usr/bin/gcc -std=gnu11 -O0 -g0 -DWUFFS_CONFIG__FUZZLIB_MAIN /tmp/silent-control-S029-S0_H0-f70vsslh/fuzz/c/std/cbor_fuzzer.c -o /tmp/silent-control-S029-S0_H0-f70vsslh/.probe,"
RUNTIME:
- /tmp/silent-control-S029-S0_H0-f70vsslh/.probe-input      base: short read
PASS: 1 files processed
"
S029,S1_H0,fuzz/c/std/cbor_fuzzer.c,PASS,PASS,0,0,0.451,/usr/bin/gcc -std=gnu11 -O0 -g0 -DWUFFS_CONFIG__FUZZLIB_MAIN /tmp/silent-control-S029-S1_H0-i7l7o84u/fuzz/c/std/cbor_fuzzer.c -o /tmp/silent-control-S029-S1_H0-i7l7o84u/.probe,"
RUNTIME:
- /tmp/silent-control-S029-S1_H0-i7l7o84u/.probe-input      base: short read
PASS: 1 files processed
"
S029,S1_H1,fuzz/c/std/cbor_fuzzer.c,PASS,PASS,0,0,0.589,/usr/bin/gcc -std=gnu11 -O0 -g0 -DWUFFS_CONFIG__FUZZLIB_MAIN /tmp/silent-control-S029-S1_H1-hfn8s7yo/fuzz/c/std/cbor_fuzzer.c -o /tmp/silent-control-S029-S1_H1-hfn8s7yo/.probe,"
RUNTIME:
- /tmp/silent-control-S029-S1_H1-hfn8s7yo/.probe-input      base: short read
PASS: 1 files processed
"
S030,S0_H0,fuzz/c/std/json_fuzzer.cc,PASS,PASS,0,0,0.938,/usr/bin/g++ -std=gnu++17 -O0 -g0 -DWUFFS_CONFIG__FUZZLIB_MAIN /tmp/silent-control-S030-S0_H0-hu2k2xpd/fuzz/c/std/json_fuzzer.cc -o /tmp/silent-control-S030-S0_H0-hu2k2xpd/.probe,"
RUNTIME:
- /tmp/silent-control-S030-S0_H0-hu2k2xpd/.probe-input      ok
PASS: 1 files processed
"
S030,S1_H0,fuzz/c/std/json_fuzzer.cc,PASS,PASS,0,0,0.885,/usr/bin/g++ -std=gnu++17 -O0 -g0 -DWUFFS_CONFIG__FUZZLIB_MAIN /tmp/silent-control-S030-S1_H0-a0wpys53/fuzz/c/std/json_fuzzer.cc -o /tmp/silent-control-S030-S1_H0-a0wpys53/.probe,"
RUNTIME:
- /tmp/silent-control-S030-S1_H0-a0wpys53/.probe-input      ok
PASS: 1 files processed
"
S030,S1_H1,fuzz/c/std/json_fuzzer.cc,PASS,PASS,0,0,0.883,/usr/bin/g++ -std=gnu++17 -O0 -g0 -DWUFFS_CONFIG__FUZZLIB_MAIN /tmp/silent-control-S030-S1_H1-2yygr7lk/fuzz/c/std/json_fuzzer.cc -o /tmp/silent-control-S030-S1_H1-2yygr7lk/.probe,"
RUNTIME:
- /tmp/silent-control-S030-S1_H1-2yygr7lk/.probe-input      ok
PASS: 1 files processed
"
S031,S0_H0,fuzz/c/std/jpeg_fuzzer.c,PASS,PASS,0,0,0.562,/usr/bin/gcc -std=gnu11 -O0 -g0 -DWUFFS_CONFIG__FUZZLIB_MAIN /tmp/silent-control-S031-S0_H0-_5qbg96x/fuzz/c/std/jpeg_fuzzer.c -o /tmp/silent-control-S031-S0_H0-_5qbg96x/.probe,"
RUNTIME:
- /tmp/silent-control-S031-S0_H0-_5qbg96x/.probe-input      jpeg: bad header
PASS: 1 files processed
"
S031,S1_H0,fuzz/c/std/jpeg_fuzzer.c,PASS,PASS,0,0,0.543,/usr/bin/gcc -std=gnu11 -O0 -g0 -DWUFFS_CONFIG__FUZZLIB_MAIN /tmp/silent-control-S031-S1_H0-genuahzw/fuzz/c/std/jpeg_fuzzer.c -o /tmp/silent-control-S031-S1_H0-genuahzw/.probe,"
RUNTIME:
- /tmp/silent-control-S031-S1_H0-genuahzw/.probe-input      jpeg: bad header
PASS: 1 files processed
"
S031,S1_H1,fuzz/c/std/jpeg_fuzzer.c,PASS,PASS,0,0,0.580,/usr/bin/gcc -std=gnu11 -O0 -g0 -DWUFFS_CONFIG__FUZZLIB_MAIN /tmp/silent-control-S031-S1_H1-hekfa4w8/fuzz/c/std/jpeg_fuzzer.c -o /tmp/silent-control-S031-S1_H1-hekfa4w8/.probe,"
RUNTIME:
- /tmp/silent-control-S031-S1_H1-hekfa4w8/.probe-input      jpeg: bad header
PASS: 1 files processed
"
S032,S0_H0,fuzz/c/std/jpeg_fuzzer.c,PASS,PASS,0,0,0.531,/usr/bin/gcc -std=gnu11 -O0 -g0 -DWUFFS_CONFIG__FUZZLIB_MAIN /tmp/silent-control-S032-S0_H0-r2anksb5/fuzz/c/std/jpeg_fuzzer.c -o /tmp/silent-control-S032-S0_H0-r2anksb5/.probe,"
RUNTIME:
- /tmp/silent-control-S032-S0_H0-r2anksb5/.probe-input      jpeg: bad header
PASS: 1 files processed
"
S032,S1_H0,fuzz/c/std/jpeg_fuzzer.c,PASS,PASS,0,0,0.524,/usr/bin/gcc -std=gnu11 -O0 -g0 -DWUFFS_CONFIG__FUZZLIB_MAIN /tmp/silent-control-S032-S1_H0-y4sbw8pc/fuzz/c/std/jpeg_fuzzer.c -o /tmp/silent-control-S032-S1_H0-y4sbw8pc/.probe,"
RUNTIME:
- /tmp/silent-control-S032-S1_H0-y4sbw8pc/.probe-input      jpeg: bad header
PASS: 1 files processed
"
S032,S1_H1,fuzz/c/std/jpeg_fuzzer.c,PASS,PASS,0,0,0.561,/usr/bin/gcc -std=gnu11 -O0 -g0 -DWUFFS_CONFIG__FUZZLIB_MAIN /tmp/silent-control-S032-S1_H1-bhxp57k5/fuzz/c/std/jpeg_fuzzer.c -o /tmp/silent-control-S032-S1_H1-bhxp57k5/.probe,"
RUNTIME:
- /tmp/silent-control-S032-S1_H1-bhxp57k5/.probe-input      jpeg: bad header
PASS: 1 files processed
"
S033,S0_H0,fuzz/c/std/jpeg_fuzzer.c,PASS,PASS,0,0,0.563,/usr/bin/gcc -std=gnu11 -O0 -g0 -DWUFFS_CONFIG__FUZZLIB_MAIN /tmp/silent-control-S033-S0_H0-prjrhc8z/fuzz/c/std/jpeg_fuzzer.c -o /tmp/silent-control-S033-S0_H0-prjrhc8z/.probe,"
RUNTIME:
- /tmp/silent-control-S033-S0_H0-prjrhc8z/.probe-input      jpeg: bad header
PASS: 1 files processed
"
S033,S1_H0,fuzz/c/std/jpeg_fuzzer.c,PASS,PASS,0,0,0.576,/usr/bin/gcc -std=gnu11 -O0 -g0 -DWUFFS_CONFIG__FUZZLIB_MAIN /tmp/silent-control-S033-S1_H0-rt9zl_w6/fuzz/c/std/jpeg_fuzzer.c -o /tmp/silent-control-S033-S1_H0-rt9zl_w6/.probe,"
RUNTIME:
- /tmp/silent-control-S033-S1_H0-rt9zl_w6/.probe-input      jpeg: bad header
PASS: 1 files processed
"
S033,S1_H1,fuzz/c/std/jpeg_fuzzer.c,PASS,PASS,0,0,0.539,/usr/bin/gcc -std=gnu11 -O0 -g0 -DWUFFS_CONFIG__FUZZLIB_MAIN /tmp/silent-control-S033-S1_H1-m1c3ems8/fuzz/c/std/jpeg_fuzzer.c -o /tmp/silent-control-S033-S1_H1-m1c3ems8/.probe,"
RUNTIME:
- /tmp/silent-control-S033-S1_H1-m1c3ems8/.probe-input      jpeg: bad header
PASS: 1 files processed
"
