candidate_id,side,source_revision,harness_file,build,runtime,build_exit_code,runtime_exit_code,command,diagnostic,scope
N223,S0_H0,6b29f32564f6f60be12091d9bfdf25e81788b60b,fuzz/c/std/gif_fuzzer.c,PASS,PASS,0,0,/usr/bin/gcc -std=gnu11 -O0 -DWUFFS_CONFIG__FUZZLIB_MAIN /tmp/wuffs-portfolio-S0_H0-et9gsrnh/fuzz/c/std/gif_fuzzer.c -o /tmp/wuffs-portfolio-S0_H0-et9gsrnh/.probe,"
RUNTIME:
- /tmp/wuffs-portfolio-S0_H0-et9gsrnh/.input                base: short read
PASS: 1 files processed
",pre-existing OSS-Fuzz portfolio target for H0; new JSON target for H1
N223,S1_H0,21682f403fb60fc2fcf7e2e90b9ad235e7efa3dc,fuzz/c/std/gif_fuzzer.c,PASS,PASS,0,0,/usr/bin/gcc -std=gnu11 -O0 -DWUFFS_CONFIG__FUZZLIB_MAIN /tmp/wuffs-portfolio-S1_H0-dh2oedva/fuzz/c/std/gif_fuzzer.c -o /tmp/wuffs-portfolio-S1_H0-dh2oedva/.probe,"
RUNTIME:
- /tmp/wuffs-portfolio-S1_H0-dh2oedva/.input                base: short read
PASS: 1 files processed
",pre-existing OSS-Fuzz portfolio target for H0; new JSON target for H1
N223,S1_H1,21682f403fb60fc2fcf7e2e90b9ad235e7efa3dc,fuzz/c/std/json_fuzzer.c,PASS,PASS,0,0,/usr/bin/gcc -std=gnu11 -O0 -DWUFFS_CONFIG__FUZZLIB_MAIN /tmp/wuffs-portfolio-S1_H1-g35kptuw/fuzz/c/std/json_fuzzer.c -o /tmp/wuffs-portfolio-S1_H1-g35kptuw/.probe,"
RUNTIME:
- /tmp/wuffs-portfolio-S1_H1-g35kptuw/.input                +ok
PASS: 1 files processed
",pre-existing OSS-Fuzz portfolio target for H0; new JSON target for H1
