candidate_id,side,log
N237,S1_H0,"PASS
BUILD fuzz/c/std/bmp_fuzzer.c exit=0

RUN fuzz/c/std/bmp_fuzzer.c exit=0
-N237-byphz01z/.coverage-corpus/input-091 bmp: bad header
- /tmp/silent-wuffs-cov-N237-byphz01z/.coverage-corpus/input-092 bmp: bad header
- /tmp/silent-wuffs-cov-N237-byphz01z/.coverage-corpus/input-093 bmp: bad header
- /tmp/silent-wuffs-cov-N237-byphz01z/.coverage-corpus/input-094 bmp: bad header
- /tmp/silent-wuffs-cov-N237-byphz01z/.coverage-corpus/input-095 bmp: bad header
- /tmp/silent-wuffs-cov-N237-byphz01z/.coverage-corpus/input-096 bmp: bad header
- /tmp/silent-wuffs-cov-N237-byphz01z/.coverage-corpus/input-097 bmp: bad header
- /tmp/silent-wuffs-cov-N237-byphz01z/.coverage-corpus/input-098 bmp: bad header
- /tmp/silent-wuffs-cov-N237-byphz01z/.coverage-corpus/input-099 bmp: bad header
- /tmp/silent-wuffs-cov-N237-byphz01z/.coverage-corpus/input-100 bmp: bad header
- /tmp/silent-wuffs-cov-N237-byphz01z/.coverage-corpus/input-101 bmp: bad header
- /tmp/silent-wuffs-cov-N237-byphz01z/.coverage-corpus/input-102 bmp: bad header
- /tmp/silent-wuffs-cov-N237-byphz01z/.coverage-corpus/input-103 bmp: bad header
- /tmp/silent-wuffs-cov-N237-byphz01z/.coverage-corpus/input-104 bmp: bad header
- /tmp/silent-wuffs-cov-N237-byphz01z/.coverage-corpus/input-105 bmp: bad header
- /tmp/silent-wuffs-cov-N237-byphz01z/.coverage-corpus/input-106 bmp: bad header
- /tmp/silent-wuffs-cov-N237-byphz01z/.coverage-corpus/input-107 bmp: bad header
- /tmp/silent-wuffs-cov-N237-byphz01z/.coverage-corpus/input-108 bmp: bad header
- /tmp/silent-wuffs-cov-N237-byphz01z/.coverage-corpus/input-109 bmp: bad header
- /tmp/silent-wuffs-cov-N237-byphz01z/.coverage-corpus/input-110 bmp: bad header
- /tmp/silent-wuffs-cov-N237-byphz01z/.coverage-corpus/input-111 bmp: bad header
- /tmp/silent-wuffs-cov-N237-byphz01z/.coverage-corpus/input-112 bmp: bad header
- /tmp/silent-wuffs-cov-N237-byphz01z/.coverage-corpus/input-113 bmp: bad header
- /tmp/silent-wuffs-cov-N237-byphz01z/.coverage-corpus/input-114 bmp: bad header
- /tmp/silent-wuffs-cov-N237-byphz01z/.coverage-corpus/input-115 bmp: bad header
- /tmp/silent-wuffs-cov-N237-byphz01z/.coverage-corpus/input-116 bmp: bad header
- /tmp/silent-wuffs-cov-N237-byphz01z/.coverage-corpus/input-117 bmp: bad header
- /tmp/silent-wuffs-cov-N237-byphz01z/.coverage-corpus/input-118 bmp: bad header
- /tmp/silent-wuffs-cov-N237-byphz01z/.coverage-corpus/input-119 bmp: bad header
- /tmp/silent-wuffs-cov-N237-byphz01z/.coverage-corpus/input-120 bmp: bad header
- /tmp/silent-wuffs-cov-N237-byphz01z/.coverage-corpus/input-121 bmp: bad header
- /tmp/silent-wuffs-cov-N237-byphz01z/.coverage-corpus/input-122 bmp: bad header
- /tmp/silent-wuffs-cov-N237-byphz01z/.coverage-corpus/input-123 bmp: bad header
- /tmp/silent-wuffs-cov-N237-byphz01z/.coverage-corpus/input-124 bmp: bad header
- /tmp/silent-wuffs-cov-N237-byphz01z/.coverage-corpus/input-125 bmp: bad header
- /tmp/silent-wuffs-cov-N237-byphz01z/.coverage-corpus/input-126 bmp: bad header
- /tmp/silent-wuffs-cov-N237-byphz01z/.coverage-corpus/input-127 bmp: bad header
PASS: 128 files processed

GCOV coverage-probe-0-bmp_fuzzer.gcda
File 'fuzz/c/std/bmp_fuzzer.c'
Lines executed:85.71% of 7

File 'fuzz/c/fuzzlib/fuzzlib_image_decoder.c'
Lines executed:20.31% of 64

File 'fuzz/c/fuzzlib/fuzzlib.c'
Lines executed:37.99% of 179

File 'release/c/wuffs-unsupported-snapshot.c'
Lines executed:1.50% of 6553

File '/usr/lib/gcc/x86_64-linux-gnu/13/include/emmintrin.h'
Lines executed:0.00% of 6

File '/usr/lib/gcc/x86_64-linux-gnu/13/include/tmmintrin.h'
Lines executed:0.00% of 1

File '/usr/lib/gcc/x86_64-linux-gnu/13/include/pmmintrin.h'
Lines executed:0.00% of 1

File '/usr/lib/gcc/x86_64-linux-gnu/13/include/cpuid.h'
Lines executed:0.00% of 12

Creating 'coverage-probe-0-bmp_fuzzer.gcov.json.gz'
Lines executed:2.71% of 6823

BUILD fuzz/c/std/cbor_fuzzer.c exit=0

RUN fuzz/c/std/cbor_fuzzer.c exit=0
ut-088 ok
- /tmp/silent-wuffs-cov-N237-byphz01z/.coverage-corpus/input-089 cbor: bad input
- /tmp/silent-wuffs-cov-N237-byphz01z/.coverage-corpus/input-090 cbor: bad input
- /tmp/silent-wuffs-cov-N237-byphz01z/.coverage-corpus/input-091 ok
- /tmp/silent-wuffs-cov-N237-byphz01z/.coverage-corpus/input-092 ok
- /tmp/silent-wuffs-cov-N237-byphz01z/.coverage-corpus/input-093 cbor: bad input
- /tmp/silent-wuffs-cov-N237-byphz01z/.coverage-corpus/input-094 cbor: bad input
- /tmp/silent-wuffs-cov-N237-byphz01z/.coverage-corpus/input-095 ok
- /tmp/silent-wuffs-cov-N237-byphz01z/.coverage-corpus/input-096 ok
- /tmp/silent-wuffs-cov-N237-byphz01z/.coverage-corpus/input-097 cbor: bad input
- /tmp/silent-wuffs-cov-N237-byphz01z/.coverage-corpus/input-098 ok
- /tmp/silent-wuffs-cov-N237-byphz01z/.coverage-corpus/input-099 cbor: bad input
- /tmp/silent-wuffs-cov-N237-byphz01z/.coverage-corpus/input-100 ok
- /tmp/silent-wuffs-cov-N237-byphz01z/.coverage-corpus/input-101 cbor: bad input
- /tmp/silent-wuffs-cov-N237-byphz01z/.coverage-corpus/input-102 cbor: bad input
- /tmp/silent-wuffs-cov-N237-byphz01z/.coverage-corpus/input-103 ok
- /tmp/silent-wuffs-cov-N237-byphz01z/.coverage-corpus/input-104 cbor: bad input
- /tmp/silent-wuffs-cov-N237-byphz01z/.coverage-corpus/input-105 ok
- /tmp/silent-wuffs-cov-N237-byphz01z/.coverage-corpus/input-106 ok
- /tmp/silent-wuffs-cov-N237-byphz01z/.coverage-corpus/input-107 cbor: bad input
- /tmp/silent-wuffs-cov-N237-byphz01z/.coverage-corpus/input-108 cbor: bad input
- /tmp/silent-wuffs-cov-N237-byphz01z/.coverage-corpus/input-109 cbor: bad input
- /tmp/silent-wuffs-cov-N237-byphz01z/.coverage-corpus/input-110 cbor: bad input
- /tmp/silent-wuffs-cov-N237-byphz01z/.coverage-corpus/input-111 cbor: bad input
- /tmp/silent-wuffs-cov-N237-byphz01z/.coverage-corpus/input-112 cbor: bad input
- /tmp/silent-wuffs-cov-N237-byphz01z/.coverage-corpus/input-113 cbor: bad input
- /tmp/silent-wuffs-cov-N237-byphz01z/.coverage-corpus/input-114 ok
- /tmp/silent-wuffs-cov-N237-byphz01z/.coverage-corpus/input-115 cbor: bad input
- /tmp/silent-wuffs-cov-N237-byphz01z/.coverage-corpus/input-116 ok
- /tmp/silent-wuffs-cov-N237-byphz01z/.coverage-corpus/input-117 ok
- /tmp/silent-wuffs-cov-N237-byphz01z/.coverage-corpus/input-118 cbor: bad input
- /tmp/silent-wuffs-cov-N237-byphz01z/.coverage-corpus/input-119 ok
- /tmp/silent-wuffs-cov-N237-byphz01z/.coverage-corpus/input-120 ok
- /tmp/silent-wuffs-cov-N237-byphz01z/.coverage-corpus/input-121 cbor: bad input
- /tmp/silent-wuffs-cov-N237-byphz01z/.coverage-corpus/input-122 cbor: bad input
- /tmp/silent-wuffs-cov-N237-byphz01z/.coverage-corpus/input-123 cbor: bad input
- /tmp/silent-wuffs-cov-N237-byphz01z/.coverage-corpus/input-124 cbor: bad input
- /tmp/silent-wuffs-cov-N237-byphz01z/.coverage-corpus/input-125 cbor: bad input
- /tmp/silent-wuffs-cov-N237-byphz01z/.coverage-corpus/input-126 ok
- /tmp/silent-wuffs-cov-N237-byphz01z/.coverage-corpus/input-127 cbor: bad input
PASS: 128 files processed

GCOV coverage-probe-1-cbor_fuzzer.gcda
File 'fuzz/c/std/cbor_fuzzer.c'
Lines executed:76.92% of 169

File 'fuzz/c/fuzzlib/fuzzlib.c'
Lines executed:46.37% of 179

File 'release/c/wuffs-unsupported-snapshot.c'
Lines executed:8.67% of 5262

File '/usr/lib/gcc/x86_64-linux-gnu/13/include/emmintrin.h'
Lines executed:0.00% of 6

File '/usr/lib/gcc/x86_64-linux-gnu/13/include/tmmintrin.h'
Lines executed:0.00% of 1

File '/usr/lib/gcc/x86_64-linux-gnu/13/include/pmmintrin.h'
Lines executed:0.00% of 1

File '/usr/lib/gcc/x86_64-linux-gnu/13/include/cpuid.h'
Lines executed:0.00% of 12

Creating 'coverage-probe-1-cbor_fuzzer.gcov.json.gz'
Lines executed:11.88% of 5630

BUILD fuzz/c/std/gif_fuzzer.c exit=0

RUN fuzz/c/std/gif_fuzzer.c exit=0
-N237-byphz01z/.coverage-corpus/input-091 gif: bad header
- /tmp/silent-wuffs-cov-N237-byphz01z/.coverage-corpus/input-092 gif: bad header
- /tmp/silent-wuffs-cov-N237-byphz01z/.coverage-corpus/input-093 gif: bad header
- /tmp/silent-wuffs-cov-N237-byphz01z/.coverage-corpus/input-094 gif: bad header
- /tmp/silent-wuffs-cov-N237-byphz01z/.coverage-corpus/input-095 gif: bad header
- /tmp/silent-wuffs-cov-N237-byphz01z/.coverage-corpus/input-096 gif: bad header
- /tmp/silent-wuffs-cov-N237-byphz01z/.coverage-corpus/input-097 gif: bad header
- /tmp/silent-wuffs-cov-N237-byphz01z/.coverage-corpus/input-098 gif: bad header
- /tmp/silent-wuffs-cov-N237-byphz01z/.coverage-corpus/input-099 gif: bad header
- /tmp/silent-wuffs-cov-N237-byphz01z/.coverage-corpus/input-100 gif: bad header
- /tmp/silent-wuffs-cov-N237-byphz01z/.coverage-corpus/input-101 gif: bad header
- /tmp/silent-wuffs-cov-N237-byphz01z/.coverage-corpus/input-102 gif: bad header
- /tmp/silent-wuffs-cov-N237-byphz01z/.coverage-corpus/input-103 gif: bad header
- /tmp/silent-wuffs-cov-N237-byphz01z/.coverage-corpus/input-104 gif: bad header
- /tmp/silent-wuffs-cov-N237-byphz01z/.coverage-corpus/input-105 gif: bad header
- /tmp/silent-wuffs-cov-N237-byphz01z/.coverage-corpus/input-106 gif: bad header
- /tmp/silent-wuffs-cov-N237-byphz01z/.coverage-corpus/input-107 gif: bad header
- /tmp/silent-wuffs-cov-N237-byphz01z/.coverage-corpus/input-108 gif: bad header
- /tmp/silent-wuffs-cov-N237-byphz01z/.coverage-corpus/input-109 gif: bad header
- /tmp/silent-wuffs-cov-N237-byphz01z/.coverage-corpus/input-110 gif: bad header
- /tmp/silent-wuffs-cov-N237-byphz01z/.coverage-corpus/input-111 gif: bad header
- /tmp/silent-wuffs-cov-N237-byphz01z/.coverage-corpus/input-112 gif: bad header
- /tmp/silent-wuffs-cov-N237-byphz01z/.coverage-corpus/input-113 gif: bad header
- /tmp/silent-wuffs-cov-N237-byphz01z/.coverage-corpus/input-114 gif: bad header
- /tmp/silent-wuffs-cov-N237-byphz01z/.coverage-corpus/input-115 gif: bad header
- /tmp/silent-wuffs-cov-N237-byphz01z/.coverage-corpus/input-116 gif: bad header
- /tmp/silent-wuffs-cov-N237-byphz01z/.coverage-corpus/input-117 gif: bad header
- /tmp/silent-wuffs-cov-N237-byphz01z/.coverage-corpus/input-118 gif: bad header
- /tmp/silent-wuffs-cov-N237-byphz01z/.coverage-corpus/input-119 gif: bad header
- /tmp/silent-wuffs-cov-N237-byphz01z/.coverage-corpus/input-120 gif: bad header
- /tmp/silent-wuffs-cov-N237-byphz01z/.coverage-corpus/input-121 gif: bad header
- /tmp/silent-wuffs-cov-N237-byphz01z/.coverage-corpus/input-122 gif: bad header
- /tmp/silent-wuffs-cov-N237-byphz01z/.coverage-corpus/input-123 gif: bad header
- /tmp/silent-wuffs-cov-N237-byphz01z/.coverage-corpus/input-124 gif: bad header
- /tmp/silent-wuffs-cov-N237-byphz01z/.coverage-corpus/input-125 gif: bad header
- /tmp/silent-wuffs-cov-N237-byphz01z/.coverage-corpus/input-126 gif: bad header
- /tmp/silent-wuffs-cov-N237-byphz01z/.coverage-corpus/input-127 gif: bad header
PASS: 128 files processed

GCOV coverage-probe-2-gif_fuzzer.gcda
File 'fuzz/c/std/gif_fuzzer.c'
Lines executed:94.12% of 17

File 'fuzz/c/fuzzlib/fuzzlib_image_decoder.c'
Lines executed:65.62% of 64

File 'fuzz/c/fuzzlib/fuzzlib.c'
Lines executed:39.11% of 179

File 'release/c/wuffs-unsupported-snapshot.c'
Lines executed:17.74% of 6870

File '/usr/lib/gcc/x86_64-linux-gnu/13/include/emmintrin.h'
Lines executed:0.00% of 6

File '/usr/lib/gcc/x86_64-linux-gnu/13/include/tmmintrin.h'
Lines executed:0.00% of 1

File '/usr/lib/gcc/x86_64-linux-gnu/13/include/pmmintrin.h'
Lines executed:0.00% of 1

File '/usr/lib/gcc/x86_64-linux-gnu/13/include/cpuid.h'
Lines executed:0.00% of 12

Creating 'coverage-probe-2-gif_fuzzer.gcov.json.gz'
Lines executed:18.84% of 7150

BUILD fuzz/c/std/json_fuzzer.c exit=0

RUN fuzz/c/std/json_fuzzer.c exit=0
-N237-byphz01z/.coverage-corpus/input-091 json: bad input
- /tmp/silent-wuffs-cov-N237-byphz01z/.coverage-corpus/input-092 json: bad input
- /tmp/silent-wuffs-cov-N237-byphz01z/.coverage-corpus/input-093 json: bad input
- /tmp/silent-wuffs-cov-N237-byphz01z/.coverage-corpus/input-094 json: bad input
- /tmp/silent-wuffs-cov-N237-byphz01z/.coverage-corpus/input-095 json: bad input
- /tmp/silent-wuffs-cov-N237-byphz01z/.coverage-corpus/input-096 json: bad input
- /tmp/silent-wuffs-cov-N237-byphz01z/.coverage-corpus/input-097 json: bad input
- /tmp/silent-wuffs-cov-N237-byphz01z/.coverage-corpus/input-098 json: bad input
- /tmp/silent-wuffs-cov-N237-byphz01z/.coverage-corpus/input-099 json: bad input
- /tmp/silent-wuffs-cov-N237-byphz01z/.coverage-corpus/input-100 json: bad input
- /tmp/silent-wuffs-cov-N237-byphz01z/.coverage-corpus/input-101 json: bad input
- /tmp/silent-wuffs-cov-N237-byphz01z/.coverage-corpus/input-102 json: bad input
- /tmp/silent-wuffs-cov-N237-byphz01z/.coverage-corpus/input-103 json: bad input
- /tmp/silent-wuffs-cov-N237-byphz01z/.coverage-corpus/input-104 json: bad input
- /tmp/silent-wuffs-cov-N237-byphz01z/.coverage-corpus/input-105 json: bad input
- /tmp/silent-wuffs-cov-N237-byphz01z/.coverage-corpus/input-106 json: bad input
- /tmp/silent-wuffs-cov-N237-byphz01z/.coverage-corpus/input-107 json: bad input
- /tmp/silent-wuffs-cov-N237-byphz01z/.coverage-corpus/input-108 json: bad input
- /tmp/silent-wuffs-cov-N237-byphz01z/.coverage-corpus/input-109 json: bad input
- /tmp/silent-wuffs-cov-N237-byphz01z/.coverage-corpus/input-110 json: bad input
- /tmp/silent-wuffs-cov-N237-byphz01z/.coverage-corpus/input-111 json: bad input
- /tmp/silent-wuffs-cov-N237-byphz01z/.coverage-corpus/input-112 json: bad input
- /tmp/silent-wuffs-cov-N237-byphz01z/.coverage-corpus/input-113 json: bad input
- /tmp/silent-wuffs-cov-N237-byphz01z/.coverage-corpus/input-114 json: bad input
- /tmp/silent-wuffs-cov-N237-byphz01z/.coverage-corpus/input-115 json: bad input
- /tmp/silent-wuffs-cov-N237-byphz01z/.coverage-corpus/input-116 json: bad input
- /tmp/silent-wuffs-cov-N237-byphz01z/.coverage-corpus/input-117 json: bad input
- /tmp/silent-wuffs-cov-N237-byphz01z/.coverage-corpus/input-118 json: bad input
- /tmp/silent-wuffs-cov-N237-byphz01z/.coverage-corpus/input-119 json: bad input
- /tmp/silent-wuffs-cov-N237-byphz01z/.coverage-corpus/input-120 json: bad input
- /tmp/silent-wuffs-cov-N237-byphz01z/.coverage-corpus/input-121 json: bad input
- /tmp/silent-wuffs-cov-N237-byphz01z/.coverage-corpus/input-122 json: bad input
- /tmp/silent-wuffs-cov-N237-byphz01z/.coverage-corpus/input-123 json: bad input
- /tmp/silent-wuffs-cov-N237-byphz01z/.coverage-corpus/input-124 json: bad input
- /tmp/silent-wuffs-cov-N237-byphz01z/.coverage-corpus/input-125 json: bad input
- /tmp/silent-wuffs-cov-N237-byphz01z/.coverage-corpus/input-126 json: bad input
- /tmp/silent-wuffs-cov-N237-byphz01z/.coverage-corpus/input-127 json: bad input
PASS: 128 files processed

GCOV coverage-probe-3-json_fuzzer.gcda
File 'fuzz/c/std/json_fuzzer.c'
Lines executed:70.18% of 171

File 'fuzz/c/fuzzlib/fuzzlib.c'
Lines executed:46.37% of 179

File 'release/c/wuffs-unsupported-snapshot.c'
Lines executed:9.44% of 6124

File '/usr/lib/gcc/x86_64-linux-gnu/13/include/emmintrin.h'
Lines executed:0.00% of 6

File '/usr/lib/gcc/x86_64-linux-gnu/13/include/tmmintrin.h'
Lines executed:0.00% of 1

File '/usr/lib/gcc/x86_64-linux-gnu/13/include/pmmintrin.h'
Lines executed:0.00% of 1

File '/usr/lib/gcc/x86_64-linux-gnu/13/include/cpuid.h'
Lines executed:0.00% of 12

Creating 'coverage-probe-3-json_fuzzer.gcov.json.gz'
Lines executed:12.03% of 6494

BUILD fuzz/c/std/png_fuzzer.c exit=0

RUN fuzz/c/std/png_fuzzer.c exit=0
-N237-byphz01z/.coverage-corpus/input-091 png: bad header
- /tmp/silent-wuffs-cov-N237-byphz01z/.coverage-corpus/input-092 png: bad header
- /tmp/silent-wuffs-cov-N237-byphz01z/.coverage-corpus/input-093 png: bad header
- /tmp/silent-wuffs-cov-N237-byphz01z/.coverage-corpus/input-094 png: bad header
- /tmp/silent-wuffs-cov-N237-byphz01z/.coverage-corpus/input-095 png: bad header
- /tmp/silent-wuffs-cov-N237-byphz01z/.coverage-corpus/input-096 png: bad header
- /tmp/silent-wuffs-cov-N237-byphz01z/.coverage-corpus/input-097 png: bad header
- /tmp/silent-wuffs-cov-N237-byphz01z/.coverage-corpus/input-098 png: bad header
- /tmp/silent-wuffs-cov-N237-byphz01z/.coverage-corpus/input-099 png: bad header
- /tmp/silent-wuffs-cov-N237-byphz01z/.coverage-corpus/input-100 png: bad header
- /tmp/silent-wuffs-cov-N237-byphz01z/.coverage-corpus/input-101 png: bad header
- /tmp/silent-wuffs-cov-N237-byphz01z/.coverage-corpus/input-102 png: bad header
- /tmp/silent-wuffs-cov-N237-byphz01z/.coverage-corpus/input-103 png: bad header
- /tmp/silent-wuffs-cov-N237-byphz01z/.coverage-corpus/input-104 png: bad header
- /tmp/silent-wuffs-cov-N237-byphz01z/.coverage-corpus/input-105 png: bad header
- /tmp/silent-wuffs-cov-N237-byphz01z/.coverage-corpus/input-106 png: bad header
- /tmp/silent-wuffs-cov-N237-byphz01z/.coverage-corpus/input-107 png: bad header
- /tmp/silent-wuffs-cov-N237-byphz01z/.coverage-corpus/input-108 png: bad header
- /tmp/silent-wuffs-cov-N237-byphz01z/.coverage-corpus/input-109 png: bad header
- /tmp/silent-wuffs-cov-N237-byphz01z/.coverage-corpus/input-110 png: bad header
- /tmp/silent-wuffs-cov-N237-byphz01z/.coverage-corpus/input-111 png: bad header
- /tmp/silent-wuffs-cov-N237-byphz01z/.coverage-corpus/input-112 png: bad header
- /tmp/silent-wuffs-cov-N237-byphz01z/.coverage-corpus/input-113 png: bad header
- /tmp/silent-wuffs-cov-N237-byphz01z/.coverage-corpus/input-114 png: bad header
- /tmp/silent-wuffs-cov-N237-byphz01z/.coverage-corpus/input-115 png: bad header
- /tmp/silent-wuffs-cov-N237-byphz01z/.coverage-corpus/input-116 png: bad header
- /tmp/silent-wuffs-cov-N237-byphz01z/.coverage-corpus/input-117 png: bad header
- /tmp/silent-wuffs-cov-N237-byphz01z/.coverage-corpus/input-118 png: bad header
- /tmp/silent-wuffs-cov-N237-byphz01z/.coverage-corpus/input-119 png: bad header
- /tmp/silent-wuffs-cov-N237-byphz01z/.coverage-corpus/input-120 png: bad header
- /tmp/silent-wuffs-cov-N237-byphz01z/.coverage-corpus/input-121 png: bad header
- /tmp/silent-wuffs-cov-N237-byphz01z/.coverage-corpus/input-122 png: bad header
- /tmp/silent-wuffs-cov-N237-byphz01z/.coverage-corpus/input-123 png: bad header
- /tmp/silent-wuffs-cov-N237-byphz01z/.coverage-corpus/input-124 png: bad header
- /tmp/silent-wuffs-cov-N237-byphz01z/.coverage-corpus/input-125 png: bad header
- /tmp/silent-wuffs-cov-N237-byphz01z/.coverage-corpus/input-126 png: bad header
- /tmp/silent-wuffs-cov-N237-byphz01z/.coverage-corpus/input-127 png: bad header
PASS: 128 files processed

GCOV coverage-probe-4-png_fuzzer.gcda
File 'fuzz/c/std/png_fuzzer.c'
Lines executed:85.71% of 7

File 'fuzz/c/fuzzlib/fuzzlib_image_decoder.c'
Lines executed:20.31% of 64

File 'fuzz/c/fuzzlib/fuzzlib.c'
Lines executed:37.99% of 179

File 'release/c/wuffs-unsupported-snapshot.c'
Lines executed:1.80% of 9432

File '/usr/lib/gcc/x86_64-linux-gnu/13/include/emmintrin.h'
Lines executed:0.00% of 26

File '/usr/lib/gcc/x86_64-linux-gnu/13/include/tmmintrin.h'
Lines executed:0.00% of 3

File '/usr/lib/gcc/x86_64-linux-gnu/13/include/smmintrin.h'
Lines executed:0.00% of 1

File '/usr/lib/gcc/x86_64-linux-gnu/13/include/pmmintrin.h'
Lines executed:0.00% of 1

File '/usr/lib/gcc/x86_64-linux-gnu/13/include/cpuid.h'
Lines executed:0.00% of 19

Creating 'coverage-probe-4-png_fuzzer.gcov.json.gz'
Lines executed:2.64% of 9732
"
N237,S1_H1,"PASS
BUILD fuzz/c/std/bmp_fuzzer.c exit=0

RUN fuzz/c/std/bmp_fuzzer.c exit=0
-N237-xhpmwgbg/.coverage-corpus/input-091 bmp: bad header
- /tmp/silent-wuffs-cov-N237-xhpmwgbg/.coverage-corpus/input-092 bmp: bad header
- /tmp/silent-wuffs-cov-N237-xhpmwgbg/.coverage-corpus/input-093 bmp: bad header
- /tmp/silent-wuffs-cov-N237-xhpmwgbg/.coverage-corpus/input-094 bmp: bad header
- /tmp/silent-wuffs-cov-N237-xhpmwgbg/.coverage-corpus/input-095 bmp: bad header
- /tmp/silent-wuffs-cov-N237-xhpmwgbg/.coverage-corpus/input-096 bmp: bad header
- /tmp/silent-wuffs-cov-N237-xhpmwgbg/.coverage-corpus/input-097 bmp: bad header
- /tmp/silent-wuffs-cov-N237-xhpmwgbg/.coverage-corpus/input-098 bmp: bad header
- /tmp/silent-wuffs-cov-N237-xhpmwgbg/.coverage-corpus/input-099 bmp: bad header
- /tmp/silent-wuffs-cov-N237-xhpmwgbg/.coverage-corpus/input-100 bmp: bad header
- /tmp/silent-wuffs-cov-N237-xhpmwgbg/.coverage-corpus/input-101 bmp: bad header
- /tmp/silent-wuffs-cov-N237-xhpmwgbg/.coverage-corpus/input-102 bmp: bad header
- /tmp/silent-wuffs-cov-N237-xhpmwgbg/.coverage-corpus/input-103 bmp: bad header
- /tmp/silent-wuffs-cov-N237-xhpmwgbg/.coverage-corpus/input-104 bmp: bad header
- /tmp/silent-wuffs-cov-N237-xhpmwgbg/.coverage-corpus/input-105 bmp: bad header
- /tmp/silent-wuffs-cov-N237-xhpmwgbg/.coverage-corpus/input-106 bmp: bad header
- /tmp/silent-wuffs-cov-N237-xhpmwgbg/.coverage-corpus/input-107 bmp: bad header
- /tmp/silent-wuffs-cov-N237-xhpmwgbg/.coverage-corpus/input-108 bmp: bad header
- /tmp/silent-wuffs-cov-N237-xhpmwgbg/.coverage-corpus/input-109 bmp: bad header
- /tmp/silent-wuffs-cov-N237-xhpmwgbg/.coverage-corpus/input-110 bmp: bad header
- /tmp/silent-wuffs-cov-N237-xhpmwgbg/.coverage-corpus/input-111 bmp: bad header
- /tmp/silent-wuffs-cov-N237-xhpmwgbg/.coverage-corpus/input-112 bmp: bad header
- /tmp/silent-wuffs-cov-N237-xhpmwgbg/.coverage-corpus/input-113 bmp: bad header
- /tmp/silent-wuffs-cov-N237-xhpmwgbg/.coverage-corpus/input-114 bmp: bad header
- /tmp/silent-wuffs-cov-N237-xhpmwgbg/.coverage-corpus/input-115 bmp: bad header
- /tmp/silent-wuffs-cov-N237-xhpmwgbg/.coverage-corpus/input-116 bmp: bad header
- /tmp/silent-wuffs-cov-N237-xhpmwgbg/.coverage-corpus/input-117 bmp: bad header
- /tmp/silent-wuffs-cov-N237-xhpmwgbg/.coverage-corpus/input-118 bmp: bad header
- /tmp/silent-wuffs-cov-N237-xhpmwgbg/.coverage-corpus/input-119 bmp: bad header
- /tmp/silent-wuffs-cov-N237-xhpmwgbg/.coverage-corpus/input-120 bmp: bad header
- /tmp/silent-wuffs-cov-N237-xhpmwgbg/.coverage-corpus/input-121 bmp: bad header
- /tmp/silent-wuffs-cov-N237-xhpmwgbg/.coverage-corpus/input-122 bmp: bad header
- /tmp/silent-wuffs-cov-N237-xhpmwgbg/.coverage-corpus/input-123 bmp: bad header
- /tmp/silent-wuffs-cov-N237-xhpmwgbg/.coverage-corpus/input-124 bmp: bad header
- /tmp/silent-wuffs-cov-N237-xhpmwgbg/.coverage-corpus/input-125 bmp: bad header
- /tmp/silent-wuffs-cov-N237-xhpmwgbg/.coverage-corpus/input-126 bmp: bad header
- /tmp/silent-wuffs-cov-N237-xhpmwgbg/.coverage-corpus/input-127 bmp: bad header
PASS: 128 files processed

GCOV coverage-probe-0-bmp_fuzzer.gcda
File 'fuzz/c/std/bmp_fuzzer.c'
Lines executed:85.71% of 7

File 'fuzz/c/fuzzlib/fuzzlib_image_decoder.c'
Lines executed:20.31% of 64

File 'fuzz/c/fuzzlib/fuzzlib.c'
Lines executed:37.99% of 179

File 'release/c/wuffs-unsupported-snapshot.c'
Lines executed:1.54% of 6556

File '/usr/lib/gcc/x86_64-linux-gnu/13/include/emmintrin.h'
Lines executed:0.00% of 6

File '/usr/lib/gcc/x86_64-linux-gnu/13/include/tmmintrin.h'
Lines executed:0.00% of 1

File '/usr/lib/gcc/x86_64-linux-gnu/13/include/pmmintrin.h'
Lines executed:0.00% of 1

File '/usr/lib/gcc/x86_64-linux-gnu/13/include/cpuid.h'
Lines executed:0.00% of 12

Creating 'coverage-probe-0-bmp_fuzzer.gcov.json.gz'
Lines executed:2.75% of 6826

BUILD fuzz/c/std/cbor_fuzzer.c exit=0

RUN fuzz/c/std/cbor_fuzzer.c exit=0
ut-088 ok
- /tmp/silent-wuffs-cov-N237-xhpmwgbg/.coverage-corpus/input-089 cbor: bad input
- /tmp/silent-wuffs-cov-N237-xhpmwgbg/.coverage-corpus/input-090 cbor: bad input
- /tmp/silent-wuffs-cov-N237-xhpmwgbg/.coverage-corpus/input-091 ok
- /tmp/silent-wuffs-cov-N237-xhpmwgbg/.coverage-corpus/input-092 ok
- /tmp/silent-wuffs-cov-N237-xhpmwgbg/.coverage-corpus/input-093 cbor: bad input
- /tmp/silent-wuffs-cov-N237-xhpmwgbg/.coverage-corpus/input-094 cbor: bad input
- /tmp/silent-wuffs-cov-N237-xhpmwgbg/.coverage-corpus/input-095 ok
- /tmp/silent-wuffs-cov-N237-xhpmwgbg/.coverage-corpus/input-096 ok
- /tmp/silent-wuffs-cov-N237-xhpmwgbg/.coverage-corpus/input-097 cbor: bad input
- /tmp/silent-wuffs-cov-N237-xhpmwgbg/.coverage-corpus/input-098 ok
- /tmp/silent-wuffs-cov-N237-xhpmwgbg/.coverage-corpus/input-099 cbor: bad input
- /tmp/silent-wuffs-cov-N237-xhpmwgbg/.coverage-corpus/input-100 ok
- /tmp/silent-wuffs-cov-N237-xhpmwgbg/.coverage-corpus/input-101 cbor: bad input
- /tmp/silent-wuffs-cov-N237-xhpmwgbg/.coverage-corpus/input-102 cbor: bad input
- /tmp/silent-wuffs-cov-N237-xhpmwgbg/.coverage-corpus/input-103 ok
- /tmp/silent-wuffs-cov-N237-xhpmwgbg/.coverage-corpus/input-104 cbor: bad input
- /tmp/silent-wuffs-cov-N237-xhpmwgbg/.coverage-corpus/input-105 ok
- /tmp/silent-wuffs-cov-N237-xhpmwgbg/.coverage-corpus/input-106 ok
- /tmp/silent-wuffs-cov-N237-xhpmwgbg/.coverage-corpus/input-107 cbor: bad input
- /tmp/silent-wuffs-cov-N237-xhpmwgbg/.coverage-corpus/input-108 cbor: bad input
- /tmp/silent-wuffs-cov-N237-xhpmwgbg/.coverage-corpus/input-109 cbor: bad input
- /tmp/silent-wuffs-cov-N237-xhpmwgbg/.coverage-corpus/input-110 cbor: bad input
- /tmp/silent-wuffs-cov-N237-xhpmwgbg/.coverage-corpus/input-111 cbor: bad input
- /tmp/silent-wuffs-cov-N237-xhpmwgbg/.coverage-corpus/input-112 cbor: bad input
- /tmp/silent-wuffs-cov-N237-xhpmwgbg/.coverage-corpus/input-113 cbor: bad input
- /tmp/silent-wuffs-cov-N237-xhpmwgbg/.coverage-corpus/input-114 ok
- /tmp/silent-wuffs-cov-N237-xhpmwgbg/.coverage-corpus/input-115 cbor: bad input
- /tmp/silent-wuffs-cov-N237-xhpmwgbg/.coverage-corpus/input-116 ok
- /tmp/silent-wuffs-cov-N237-xhpmwgbg/.coverage-corpus/input-117 ok
- /tmp/silent-wuffs-cov-N237-xhpmwgbg/.coverage-corpus/input-118 cbor: bad input
- /tmp/silent-wuffs-cov-N237-xhpmwgbg/.coverage-corpus/input-119 ok
- /tmp/silent-wuffs-cov-N237-xhpmwgbg/.coverage-corpus/input-120 ok
- /tmp/silent-wuffs-cov-N237-xhpmwgbg/.coverage-corpus/input-121 cbor: bad input
- /tmp/silent-wuffs-cov-N237-xhpmwgbg/.coverage-corpus/input-122 cbor: bad input
- /tmp/silent-wuffs-cov-N237-xhpmwgbg/.coverage-corpus/input-123 cbor: bad input
- /tmp/silent-wuffs-cov-N237-xhpmwgbg/.coverage-corpus/input-124 cbor: bad input
- /tmp/silent-wuffs-cov-N237-xhpmwgbg/.coverage-corpus/input-125 cbor: bad input
- /tmp/silent-wuffs-cov-N237-xhpmwgbg/.coverage-corpus/input-126 ok
- /tmp/silent-wuffs-cov-N237-xhpmwgbg/.coverage-corpus/input-127 cbor: bad input
PASS: 128 files processed

GCOV coverage-probe-1-cbor_fuzzer.gcda
File 'fuzz/c/std/cbor_fuzzer.c'
Lines executed:77.19% of 171

File 'fuzz/c/fuzzlib/fuzzlib.c'
Lines executed:46.37% of 179

File 'release/c/wuffs-unsupported-snapshot.c'
Lines executed:8.72% of 5265

File '/usr/lib/gcc/x86_64-linux-gnu/13/include/emmintrin.h'
Lines executed:0.00% of 6

File '/usr/lib/gcc/x86_64-linux-gnu/13/include/tmmintrin.h'
Lines executed:0.00% of 1

File '/usr/lib/gcc/x86_64-linux-gnu/13/include/pmmintrin.h'
Lines executed:0.00% of 1

File '/usr/lib/gcc/x86_64-linux-gnu/13/include/cpuid.h'
Lines executed:0.00% of 12

Creating 'coverage-probe-1-cbor_fuzzer.gcov.json.gz'
Lines executed:11.96% of 5635

BUILD fuzz/c/std/gif_fuzzer.c exit=0

RUN fuzz/c/std/gif_fuzzer.c exit=0
-N237-xhpmwgbg/.coverage-corpus/input-091 gif: bad header
- /tmp/silent-wuffs-cov-N237-xhpmwgbg/.coverage-corpus/input-092 gif: bad header
- /tmp/silent-wuffs-cov-N237-xhpmwgbg/.coverage-corpus/input-093 gif: bad header
- /tmp/silent-wuffs-cov-N237-xhpmwgbg/.coverage-corpus/input-094 gif: bad header
- /tmp/silent-wuffs-cov-N237-xhpmwgbg/.coverage-corpus/input-095 gif: bad header
- /tmp/silent-wuffs-cov-N237-xhpmwgbg/.coverage-corpus/input-096 gif: bad header
- /tmp/silent-wuffs-cov-N237-xhpmwgbg/.coverage-corpus/input-097 gif: bad header
- /tmp/silent-wuffs-cov-N237-xhpmwgbg/.coverage-corpus/input-098 gif: bad header
- /tmp/silent-wuffs-cov-N237-xhpmwgbg/.coverage-corpus/input-099 gif: bad header
- /tmp/silent-wuffs-cov-N237-xhpmwgbg/.coverage-corpus/input-100 gif: bad header
- /tmp/silent-wuffs-cov-N237-xhpmwgbg/.coverage-corpus/input-101 gif: bad header
- /tmp/silent-wuffs-cov-N237-xhpmwgbg/.coverage-corpus/input-102 gif: bad header
- /tmp/silent-wuffs-cov-N237-xhpmwgbg/.coverage-corpus/input-103 gif: bad header
- /tmp/silent-wuffs-cov-N237-xhpmwgbg/.coverage-corpus/input-104 gif: bad header
- /tmp/silent-wuffs-cov-N237-xhpmwgbg/.coverage-corpus/input-105 gif: bad header
- /tmp/silent-wuffs-cov-N237-xhpmwgbg/.coverage-corpus/input-106 gif: bad header
- /tmp/silent-wuffs-cov-N237-xhpmwgbg/.coverage-corpus/input-107 gif: bad header
- /tmp/silent-wuffs-cov-N237-xhpmwgbg/.coverage-corpus/input-108 gif: bad header
- /tmp/silent-wuffs-cov-N237-xhpmwgbg/.coverage-corpus/input-109 gif: bad header
- /tmp/silent-wuffs-cov-N237-xhpmwgbg/.coverage-corpus/input-110 gif: bad header
- /tmp/silent-wuffs-cov-N237-xhpmwgbg/.coverage-corpus/input-111 gif: bad header
- /tmp/silent-wuffs-cov-N237-xhpmwgbg/.coverage-corpus/input-112 gif: bad header
- /tmp/silent-wuffs-cov-N237-xhpmwgbg/.coverage-corpus/input-113 gif: bad header
- /tmp/silent-wuffs-cov-N237-xhpmwgbg/.coverage-corpus/input-114 gif: bad header
- /tmp/silent-wuffs-cov-N237-xhpmwgbg/.coverage-corpus/input-115 gif: bad header
- /tmp/silent-wuffs-cov-N237-xhpmwgbg/.coverage-corpus/input-116 gif: bad header
- /tmp/silent-wuffs-cov-N237-xhpmwgbg/.coverage-corpus/input-117 gif: bad header
- /tmp/silent-wuffs-cov-N237-xhpmwgbg/.coverage-corpus/input-118 gif: bad header
- /tmp/silent-wuffs-cov-N237-xhpmwgbg/.coverage-corpus/input-119 gif: bad header
- /tmp/silent-wuffs-cov-N237-xhpmwgbg/.coverage-corpus/input-120 gif: bad header
- /tmp/silent-wuffs-cov-N237-xhpmwgbg/.coverage-corpus/input-121 gif: bad header
- /tmp/silent-wuffs-cov-N237-xhpmwgbg/.coverage-corpus/input-122 gif: bad header
- /tmp/silent-wuffs-cov-N237-xhpmwgbg/.coverage-corpus/input-123 gif: bad header
- /tmp/silent-wuffs-cov-N237-xhpmwgbg/.coverage-corpus/input-124 gif: bad header
- /tmp/silent-wuffs-cov-N237-xhpmwgbg/.coverage-corpus/input-125 gif: bad header
- /tmp/silent-wuffs-cov-N237-xhpmwgbg/.coverage-corpus/input-126 gif: bad header
- /tmp/silent-wuffs-cov-N237-xhpmwgbg/.coverage-corpus/input-127 gif: bad header
PASS: 128 files processed

GCOV coverage-probe-2-gif_fuzzer.gcda
File 'fuzz/c/std/gif_fuzzer.c'
Lines executed:94.12% of 17

File 'fuzz/c/fuzzlib/fuzzlib_image_decoder.c'
Lines executed:65.62% of 64

File 'fuzz/c/fuzzlib/fuzzlib.c'
Lines executed:39.11% of 179

File 'release/c/wuffs-unsupported-snapshot.c'
Lines executed:17.78% of 6873

File '/usr/lib/gcc/x86_64-linux-gnu/13/include/emmintrin.h'
Lines executed:0.00% of 6

File '/usr/lib/gcc/x86_64-linux-gnu/13/include/tmmintrin.h'
Lines executed:0.00% of 1

File '/usr/lib/gcc/x86_64-linux-gnu/13/include/pmmintrin.h'
Lines executed:0.00% of 1

File '/usr/lib/gcc/x86_64-linux-gnu/13/include/cpuid.h'
Lines executed:0.00% of 12

Creating 'coverage-probe-2-gif_fuzzer.gcov.json.gz'
Lines executed:18.87% of 7153

BUILD fuzz/c/std/json_fuzzer.c exit=0

RUN fuzz/c/std/json_fuzzer.c exit=0
-N237-xhpmwgbg/.coverage-corpus/input-091 json: bad input
- /tmp/silent-wuffs-cov-N237-xhpmwgbg/.coverage-corpus/input-092 json: bad input
- /tmp/silent-wuffs-cov-N237-xhpmwgbg/.coverage-corpus/input-093 json: bad input
- /tmp/silent-wuffs-cov-N237-xhpmwgbg/.coverage-corpus/input-094 json: bad input
- /tmp/silent-wuffs-cov-N237-xhpmwgbg/.coverage-corpus/input-095 json: bad input
- /tmp/silent-wuffs-cov-N237-xhpmwgbg/.coverage-corpus/input-096 json: bad input
- /tmp/silent-wuffs-cov-N237-xhpmwgbg/.coverage-corpus/input-097 json: bad input
- /tmp/silent-wuffs-cov-N237-xhpmwgbg/.coverage-corpus/input-098 json: bad input
- /tmp/silent-wuffs-cov-N237-xhpmwgbg/.coverage-corpus/input-099 json: bad input
- /tmp/silent-wuffs-cov-N237-xhpmwgbg/.coverage-corpus/input-100 json: bad input
- /tmp/silent-wuffs-cov-N237-xhpmwgbg/.coverage-corpus/input-101 json: bad input
- /tmp/silent-wuffs-cov-N237-xhpmwgbg/.coverage-corpus/input-102 json: bad input
- /tmp/silent-wuffs-cov-N237-xhpmwgbg/.coverage-corpus/input-103 json: bad input
- /tmp/silent-wuffs-cov-N237-xhpmwgbg/.coverage-corpus/input-104 json: bad input
- /tmp/silent-wuffs-cov-N237-xhpmwgbg/.coverage-corpus/input-105 json: bad input
- /tmp/silent-wuffs-cov-N237-xhpmwgbg/.coverage-corpus/input-106 json: bad input
- /tmp/silent-wuffs-cov-N237-xhpmwgbg/.coverage-corpus/input-107 json: bad input
- /tmp/silent-wuffs-cov-N237-xhpmwgbg/.coverage-corpus/input-108 json: bad input
- /tmp/silent-wuffs-cov-N237-xhpmwgbg/.coverage-corpus/input-109 json: bad input
- /tmp/silent-wuffs-cov-N237-xhpmwgbg/.coverage-corpus/input-110 json: bad input
- /tmp/silent-wuffs-cov-N237-xhpmwgbg/.coverage-corpus/input-111 json: bad input
- /tmp/silent-wuffs-cov-N237-xhpmwgbg/.coverage-corpus/input-112 json: bad input
- /tmp/silent-wuffs-cov-N237-xhpmwgbg/.coverage-corpus/input-113 json: bad input
- /tmp/silent-wuffs-cov-N237-xhpmwgbg/.coverage-corpus/input-114 json: bad input
- /tmp/silent-wuffs-cov-N237-xhpmwgbg/.coverage-corpus/input-115 json: bad input
- /tmp/silent-wuffs-cov-N237-xhpmwgbg/.coverage-corpus/input-116 json: bad input
- /tmp/silent-wuffs-cov-N237-xhpmwgbg/.coverage-corpus/input-117 json: bad input
- /tmp/silent-wuffs-cov-N237-xhpmwgbg/.coverage-corpus/input-118 json: bad input
- /tmp/silent-wuffs-cov-N237-xhpmwgbg/.coverage-corpus/input-119 json: bad input
- /tmp/silent-wuffs-cov-N237-xhpmwgbg/.coverage-corpus/input-120 json: bad input
- /tmp/silent-wuffs-cov-N237-xhpmwgbg/.coverage-corpus/input-121 json: bad input
- /tmp/silent-wuffs-cov-N237-xhpmwgbg/.coverage-corpus/input-122 json: bad input
- /tmp/silent-wuffs-cov-N237-xhpmwgbg/.coverage-corpus/input-123 json: bad input
- /tmp/silent-wuffs-cov-N237-xhpmwgbg/.coverage-corpus/input-124 json: bad input
- /tmp/silent-wuffs-cov-N237-xhpmwgbg/.coverage-corpus/input-125 json: bad input
- /tmp/silent-wuffs-cov-N237-xhpmwgbg/.coverage-corpus/input-126 json: bad input
- /tmp/silent-wuffs-cov-N237-xhpmwgbg/.coverage-corpus/input-127 json: bad input
PASS: 128 files processed

GCOV coverage-probe-3-json_fuzzer.gcda
File 'fuzz/c/std/json_fuzzer.c'
Lines executed:70.35% of 172

File 'fuzz/c/fuzzlib/fuzzlib.c'
Lines executed:46.37% of 179

File 'release/c/wuffs-unsupported-snapshot.c'
Lines executed:9.48% of 6127

File '/usr/lib/gcc/x86_64-linux-gnu/13/include/emmintrin.h'
Lines executed:0.00% of 6

File '/usr/lib/gcc/x86_64-linux-gnu/13/include/tmmintrin.h'
Lines executed:0.00% of 1

File '/usr/lib/gcc/x86_64-linux-gnu/13/include/pmmintrin.h'
Lines executed:0.00% of 1

File '/usr/lib/gcc/x86_64-linux-gnu/13/include/cpuid.h'
Lines executed:0.00% of 12

Creating 'coverage-probe-3-json_fuzzer.gcov.json.gz'
Lines executed:12.08% of 6498

BUILD fuzz/c/std/png_fuzzer.c exit=0

RUN fuzz/c/std/png_fuzzer.c exit=0
-N237-xhpmwgbg/.coverage-corpus/input-091 png: bad header
- /tmp/silent-wuffs-cov-N237-xhpmwgbg/.coverage-corpus/input-092 png: bad header
- /tmp/silent-wuffs-cov-N237-xhpmwgbg/.coverage-corpus/input-093 png: bad header
- /tmp/silent-wuffs-cov-N237-xhpmwgbg/.coverage-corpus/input-094 png: bad header
- /tmp/silent-wuffs-cov-N237-xhpmwgbg/.coverage-corpus/input-095 png: bad header
- /tmp/silent-wuffs-cov-N237-xhpmwgbg/.coverage-corpus/input-096 png: bad header
- /tmp/silent-wuffs-cov-N237-xhpmwgbg/.coverage-corpus/input-097 png: bad header
- /tmp/silent-wuffs-cov-N237-xhpmwgbg/.coverage-corpus/input-098 png: bad header
- /tmp/silent-wuffs-cov-N237-xhpmwgbg/.coverage-corpus/input-099 png: bad header
- /tmp/silent-wuffs-cov-N237-xhpmwgbg/.coverage-corpus/input-100 png: bad header
- /tmp/silent-wuffs-cov-N237-xhpmwgbg/.coverage-corpus/input-101 png: bad header
- /tmp/silent-wuffs-cov-N237-xhpmwgbg/.coverage-corpus/input-102 png: bad header
- /tmp/silent-wuffs-cov-N237-xhpmwgbg/.coverage-corpus/input-103 png: bad header
- /tmp/silent-wuffs-cov-N237-xhpmwgbg/.coverage-corpus/input-104 png: bad header
- /tmp/silent-wuffs-cov-N237-xhpmwgbg/.coverage-corpus/input-105 png: bad header
- /tmp/silent-wuffs-cov-N237-xhpmwgbg/.coverage-corpus/input-106 png: bad header
- /tmp/silent-wuffs-cov-N237-xhpmwgbg/.coverage-corpus/input-107 png: bad header
- /tmp/silent-wuffs-cov-N237-xhpmwgbg/.coverage-corpus/input-108 png: bad header
- /tmp/silent-wuffs-cov-N237-xhpmwgbg/.coverage-corpus/input-109 png: bad header
- /tmp/silent-wuffs-cov-N237-xhpmwgbg/.coverage-corpus/input-110 png: bad header
- /tmp/silent-wuffs-cov-N237-xhpmwgbg/.coverage-corpus/input-111 png: bad header
- /tmp/silent-wuffs-cov-N237-xhpmwgbg/.coverage-corpus/input-112 png: bad header
- /tmp/silent-wuffs-cov-N237-xhpmwgbg/.coverage-corpus/input-113 png: bad header
- /tmp/silent-wuffs-cov-N237-xhpmwgbg/.coverage-corpus/input-114 png: bad header
- /tmp/silent-wuffs-cov-N237-xhpmwgbg/.coverage-corpus/input-115 png: bad header
- /tmp/silent-wuffs-cov-N237-xhpmwgbg/.coverage-corpus/input-116 png: bad header
- /tmp/silent-wuffs-cov-N237-xhpmwgbg/.coverage-corpus/input-117 png: bad header
- /tmp/silent-wuffs-cov-N237-xhpmwgbg/.coverage-corpus/input-118 png: bad header
- /tmp/silent-wuffs-cov-N237-xhpmwgbg/.coverage-corpus/input-119 png: bad header
- /tmp/silent-wuffs-cov-N237-xhpmwgbg/.coverage-corpus/input-120 png: bad header
- /tmp/silent-wuffs-cov-N237-xhpmwgbg/.coverage-corpus/input-121 png: bad header
- /tmp/silent-wuffs-cov-N237-xhpmwgbg/.coverage-corpus/input-122 png: bad header
- /tmp/silent-wuffs-cov-N237-xhpmwgbg/.coverage-corpus/input-123 png: bad header
- /tmp/silent-wuffs-cov-N237-xhpmwgbg/.coverage-corpus/input-124 png: bad header
- /tmp/silent-wuffs-cov-N237-xhpmwgbg/.coverage-corpus/input-125 png: bad header
- /tmp/silent-wuffs-cov-N237-xhpmwgbg/.coverage-corpus/input-126 png: bad header
- /tmp/silent-wuffs-cov-N237-xhpmwgbg/.coverage-corpus/input-127 png: bad header
PASS: 128 files processed

GCOV coverage-probe-4-png_fuzzer.gcda
File 'fuzz/c/std/png_fuzzer.c'
Lines executed:85.71% of 7

File 'fuzz/c/fuzzlib/fuzzlib_image_decoder.c'
Lines executed:20.31% of 64

File 'fuzz/c/fuzzlib/fuzzlib.c'
Lines executed:37.99% of 179

File 'release/c/wuffs-unsupported-snapshot.c'
Lines executed:1.83% of 9435

File '/usr/lib/gcc/x86_64-linux-gnu/13/include/emmintrin.h'
Lines executed:0.00% of 26

File '/usr/lib/gcc/x86_64-linux-gnu/13/include/tmmintrin.h'
Lines executed:0.00% of 3

File '/usr/lib/gcc/x86_64-linux-gnu/13/include/smmintrin.h'
Lines executed:0.00% of 1

File '/usr/lib/gcc/x86_64-linux-gnu/13/include/pmmintrin.h'
Lines executed:0.00% of 1

File '/usr/lib/gcc/x86_64-linux-gnu/13/include/cpuid.h'
Lines executed:0.00% of 19

Creating 'coverage-probe-4-png_fuzzer.gcov.json.gz'
Lines executed:2.67% of 9735
"
