case_id,project,commit_id,side,harness_file,compile_success,exit_code,command,diagnostic,link_success,harness_start_success,runtime_success
C002,meshoptimizer,546652c9e64c8a459c1f38032ba01cce03735353,S0_H0,tools/codecfuzz.cpp,true,0,/usr/bin/g++ -fsyntax-only -fdiagnostics-color=never -std=gnu++17 -Isrc -I. tools/codecfuzz.cpp,,NOT_RUN,NOT_RUN,NOT_RUN
C002,meshoptimizer,546652c9e64c8a459c1f38032ba01cce03735353,S1_H0,tools/codecfuzz.cpp,true,0,/usr/bin/g++ -fsyntax-only -fdiagnostics-color=never -std=gnu++17 -Isrc -I. tools/codecfuzz.cpp,,NOT_RUN,NOT_RUN,NOT_RUN
C002,meshoptimizer,546652c9e64c8a459c1f38032ba01cce03735353,S1_H1,tools/codecfuzz.cpp,true,0,/usr/bin/g++ -fsyntax-only -fdiagnostics-color=never -std=gnu++17 -Isrc -I. tools/codecfuzz.cpp,,NOT_RUN,NOT_RUN,NOT_RUN
C004,libspng,c21b8299781e512ed485cefc02ab617ef0c97fe7,S0_H0,tests/spng_read_fuzzer.cc,true,0,/usr/bin/g++ -fsyntax-only -fdiagnostics-color=never -std=gnu++17 -I. -Isrc -Ispng tests/spng_read_fuzzer.cc,,NOT_RUN,NOT_RUN,NOT_RUN
C004,libspng,c21b8299781e512ed485cefc02ab617ef0c97fe7,S1_H0,tests/spng_read_fuzzer.cc,false,1,/usr/bin/g++ -fsyntax-only -fdiagnostics-color=never -std=gnu++17 -I. -Isrc -Ispng tests/spng_read_fuzzer.cc,"tests/spng_read_fuzzer.cc:2:10: fatal error: ../spng.h: No such file or directory
    2 | #include ""../spng.h""
      |          ^~~~~~~~~~~
compilation terminated.
",NOT_APPLICABLE,NOT_APPLICABLE,NOT_APPLICABLE
C004,libspng,c21b8299781e512ed485cefc02ab617ef0c97fe7,S1_H1,tests/spng_read_fuzzer.cc,true,0,/usr/bin/g++ -fsyntax-only -fdiagnostics-color=never -std=gnu++17 -I. -Isrc -Ispng tests/spng_read_fuzzer.cc,,NOT_RUN,NOT_RUN,NOT_RUN
C007,wuffs,d770e879abc17a16de7ee111d22f0d5d8654d3f5,S0_H0,fuzz/c/std/gif_fuzzer.c,true,0,/usr/bin/gcc -fsyntax-only -fdiagnostics-color=never -std=gnu11 -Werror=implicit-function-declaration -I. fuzz/c/std/gif_fuzzer.c,,NOT_RUN,NOT_RUN,NOT_RUN
C007,wuffs,d770e879abc17a16de7ee111d22f0d5d8654d3f5,S0_H0,fuzz/c/std/zlib_fuzzer.c,true,0,/usr/bin/gcc -fsyntax-only -fdiagnostics-color=never -std=gnu11 -Werror=implicit-function-declaration -I. fuzz/c/std/zlib_fuzzer.c,,NOT_RUN,NOT_RUN,NOT_RUN
C007,wuffs,d770e879abc17a16de7ee111d22f0d5d8654d3f5,S1_H0,fuzz/c/std/gif_fuzzer.c,false,1,/usr/bin/gcc -fsyntax-only -fdiagnostics-color=never -std=gnu11 -Werror=implicit-function-declaration -I. fuzz/c/std/gif_fuzzer.c,"fuzz/c/std/gif_fuzzer.c: In function ‘fuzz’:
fuzz/c/std/gif_fuzzer.c:50:5: error: unknown type name ‘wuffs_gif__status’; did you mean ‘wuffs_base__status’?
   50 |     wuffs_gif__status s = 0;
      |     ^~~~~~~~~~~~~~~~~
      |     wuffs_base__status
",NOT_APPLICABLE,NOT_APPLICABLE,NOT_APPLICABLE
C007,wuffs,d770e879abc17a16de7ee111d22f0d5d8654d3f5,S1_H0,fuzz/c/std/zlib_fuzzer.c,false,1,/usr/bin/gcc -fsyntax-only -fdiagnostics-color=never -std=gnu11 -Werror=implicit-function-declaration -I. fuzz/c/std/zlib_fuzzer.c,"fuzz/c/std/zlib_fuzzer.c: In function ‘fuzz’:
fuzz/c/std/zlib_fuzzer.c:46:3: error: unknown type name ‘wuffs_zlib__status’; did you mean ‘wuffs_base__status’?
   46 |   wuffs_zlib__status s = 0;
      |   ^~~~~~~~~~~~~~~~~~
      |   wuffs_base__status
",NOT_APPLICABLE,NOT_APPLICABLE,NOT_APPLICABLE
C007,wuffs,d770e879abc17a16de7ee111d22f0d5d8654d3f5,S1_H1,fuzz/c/std/gif_fuzzer.c,true,0,/usr/bin/gcc -fsyntax-only -fdiagnostics-color=never -std=gnu11 -Werror=implicit-function-declaration -I. fuzz/c/std/gif_fuzzer.c,,NOT_RUN,NOT_RUN,NOT_RUN
C007,wuffs,d770e879abc17a16de7ee111d22f0d5d8654d3f5,S1_H1,fuzz/c/std/zlib_fuzzer.c,true,0,/usr/bin/gcc -fsyntax-only -fdiagnostics-color=never -std=gnu11 -Werror=implicit-function-declaration -I. fuzz/c/std/zlib_fuzzer.c,,NOT_RUN,NOT_RUN,NOT_RUN
C010,c-ares,f09f0a021be2b2ab28f67763bbc2956c79910e98,S0_H0,test/ares-test-fuzz.c,true,0,/usr/bin/gcc -fsyntax-only -fdiagnostics-color=never -std=gnu11 -Werror=implicit-function-declaration -Iinclude -Isrc/lib -Isrc/lib/include -I. test/ares-test-fuzz.c,,NOT_RUN,NOT_RUN,NOT_RUN
C010,c-ares,f09f0a021be2b2ab28f67763bbc2956c79910e98,S1_H0,test/ares-test-fuzz.c,false,1,/usr/bin/gcc -fsyntax-only -fdiagnostics-color=never -std=gnu11 -Werror=implicit-function-declaration -Iinclude -Isrc/lib -Isrc/lib/include -I. test/ares-test-fuzz.c,"test/ares-test-fuzz.c:29:10: fatal error: include/ares__buf.h: No such file or directory
   29 | #include ""include/ares__buf.h""
      |          ^~~~~~~~~~~~~~~~~~~~~
compilation terminated.
",NOT_APPLICABLE,NOT_APPLICABLE,NOT_APPLICABLE
C010,c-ares,f09f0a021be2b2ab28f67763bbc2956c79910e98,S1_H1,test/ares-test-fuzz.c,true,0,/usr/bin/gcc -fsyntax-only -fdiagnostics-color=never -std=gnu11 -Werror=implicit-function-declaration -Iinclude -Isrc/lib -Isrc/lib/include -I. test/ares-test-fuzz.c,,NOT_RUN,NOT_RUN,NOT_RUN
C013,wuffs,fd43e777bc570440d197ead1ee2f8bddb4e01254,S0_H0,fuzz/c/std/gif_fuzzer.c,true,0,/usr/bin/gcc -fsyntax-only -fdiagnostics-color=never -std=gnu11 -Werror=implicit-function-declaration -I. fuzz/c/std/gif_fuzzer.c,,NOT_RUN,NOT_RUN,NOT_RUN
C013,wuffs,fd43e777bc570440d197ead1ee2f8bddb4e01254,S0_H0,fuzz/c/std/zlib_fuzzer.c,true,0,/usr/bin/gcc -fsyntax-only -fdiagnostics-color=never -std=gnu11 -Werror=implicit-function-declaration -I. fuzz/c/std/zlib_fuzzer.c,,NOT_RUN,NOT_RUN,NOT_RUN
C013,wuffs,fd43e777bc570440d197ead1ee2f8bddb4e01254,S1_H0,fuzz/c/std/gif_fuzzer.c,true,0,/usr/bin/gcc -fsyntax-only -fdiagnostics-color=never -std=gnu11 -Werror=implicit-function-declaration -I. fuzz/c/std/gif_fuzzer.c,,NOT_RUN,NOT_RUN,NOT_RUN
C013,wuffs,fd43e777bc570440d197ead1ee2f8bddb4e01254,S1_H0,fuzz/c/std/zlib_fuzzer.c,true,0,/usr/bin/gcc -fsyntax-only -fdiagnostics-color=never -std=gnu11 -Werror=implicit-function-declaration -I. fuzz/c/std/zlib_fuzzer.c,,NOT_RUN,NOT_RUN,NOT_RUN
C013,wuffs,fd43e777bc570440d197ead1ee2f8bddb4e01254,S1_H1,fuzz/c/std/gif_fuzzer.c,true,0,/usr/bin/gcc -fsyntax-only -fdiagnostics-color=never -std=gnu11 -Werror=implicit-function-declaration -I. fuzz/c/std/gif_fuzzer.c,,NOT_RUN,NOT_RUN,NOT_RUN
C013,wuffs,fd43e777bc570440d197ead1ee2f8bddb4e01254,S1_H1,fuzz/c/std/zlib_fuzzer.c,true,0,/usr/bin/gcc -fsyntax-only -fdiagnostics-color=never -std=gnu11 -Werror=implicit-function-declaration -I. fuzz/c/std/zlib_fuzzer.c,,NOT_RUN,NOT_RUN,NOT_RUN
C023,wuffs,6fed251b40016ac70f2f32cd443f1fb89136bc05,S0_H0,fuzz/c/std/zlib_fuzzer.c,true,0,/usr/bin/gcc -fsyntax-only -fdiagnostics-color=never -std=gnu11 -Werror=implicit-function-declaration -I. fuzz/c/std/zlib_fuzzer.c,,NOT_RUN,NOT_RUN,NOT_RUN
C023,wuffs,6fed251b40016ac70f2f32cd443f1fb89136bc05,S1_H0,fuzz/c/std/zlib_fuzzer.c,false,1,/usr/bin/gcc -fsyntax-only -fdiagnostics-color=never -std=gnu11 -Werror=implicit-function-declaration -I. fuzz/c/std/zlib_fuzzer.c,"In file included from fuzz/c/std/zlib_fuzzer.c:47:
fuzz/c/std/../fuzzlib/fuzzlib.c: In function ‘llvmFuzzerTestOneInput’:
fuzz/c/std/../fuzzlib/fuzzlib.c:44:33: error: ‘wuffs_base__io_buffer’ {aka ‘struct wuffs_base__io_buffer__struct’} has no member named ‘ptr’
   44 |   wuffs_base__io_buffer src = {.ptr = (uint8_t*)(data),
      |                                 ^~~
fuzz/c/std/../fuzzlib/fuzzlib.c:45:33: error: ‘wuffs_base__io_buffer’ {aka ‘struct wuffs_base__io_buffer__struct’} has no member named ‘len’
   45 |                                .len = size,
      |                                 ^~~
fuzz/c/std/../fuzzlib/fuzzlib.c:46:33: error: ‘wuffs_base__io_buffer’ {aka ‘struct wuffs_base__io_buffer__struct’} has no member named ‘wi’
   46 |                                .wi = size,
      |                                 ^~
fuzz/c/std/../fuzzlib/fuzzlib.c:46:38: warning: excess elements in struct initializer
   46 |                                .wi = size,
      |                                      ^~~~
fuzz/c/std/../fuzzlib/fuzzlib.c:46:38: note: (near initialization for ‘src’)
fuzz/c/std/../fuzzlib/fuzzlib.c:47:33: error: ‘wuffs_base__io_buffer’ {aka ‘struct wuffs_base__io_buffer__struct’} has no member named ‘ri’
   47 |                                .ri = 0,
      |                                 ^~
fuzz/c/std/../fuzzlib/fuzzlib.c:47:38: warning: excess elements in struct initializer
   47 |                                .ri = 0,
      |                                      ^
fuzz/c/std/../fuzzlib/fuzzlib.c:47:38: note: (near initialization for ‘src’)
fuzz/c/std/../fuzzlib/fuzzlib.c:48:33: error: ‘wuffs_base__io_buffer’ {aka ‘struct wuffs_base__io_buffer__struct’} has no member named ‘closed’
   48 |                                .closed = true};
      |                                 ^~~~~~
fuzz/c/std/../fuzzlib/fuzzlib.c:48:42: warning: excess elements in struct initializer
   48 |                                .closed = true};
      |                                          ^~~~
fuzz/c/std/../fuzzlib/fuzzlib.c:48:42: note: (near initialization for ‘src’)
fuzz/c/std/zlib_fuzzer.c: In function ‘fuzz’:
fuzz/c/std/zlib_fuzzer.c:64:33: error: ‘wuffs_base__io_buffer’ {aka ‘struct wuffs_base__io_buffer__struct’} has no member named ‘ptr’
   64 |   wuffs_base__io_buffer dst = {.ptr = dstbuf, .len = dstbuf_size};
      |                                 ^~~
fuzz/c/std/zlib_fuzzer.c:64:48: error: ‘wuffs_base__io_buffer’ {aka ‘struct wuffs_base__io_buffer__struct’} has no member named ‘len’
   64 |   wuffs_base__io_buffer dst = {.ptr = dstbuf, .len = dstbuf_size};
      |                                                ^~~
fuzz/c/std/zlib_fuzzer.c:68:8: error: ‘wuffs_base__io_buffer’ {aka ‘struct wuffs_base__io_buffer__struct’} has no member named ‘wi’
   68 |     dst.wi = 0;
      |        ^
fuzz/c/std/zlib_fuzzer.c:73:12: error: ‘wuffs_base__io_buffer’ {aka ‘struct wuffs_base__io_buffer__struct’} has no member named ‘wi’
   73 |     if (dst.wi == 0) {
      |            ^
",NOT_APPLICABLE,NOT_APPLICABLE,NOT_APPLICABLE
C023,wuffs,6fed251b40016ac70f2f32cd443f1fb89136bc05,S1_H1,fuzz/c/std/zlib_fuzzer.c,true,0,/usr/bin/gcc -fsyntax-only -fdiagnostics-color=never -std=gnu11 -Werror=implicit-function-declaration -I. fuzz/c/std/zlib_fuzzer.c,,NOT_RUN,NOT_RUN,NOT_RUN
C025,wuffs,951d79fa0084eab72ad0462421353d82225df330,S0_H0,fuzz/c/std/gif_fuzzer.c,true,0,/usr/bin/gcc -fsyntax-only -fdiagnostics-color=never -std=gnu11 -Werror=implicit-function-declaration -I. fuzz/c/std/gif_fuzzer.c,,NOT_RUN,NOT_RUN,NOT_RUN
C025,wuffs,951d79fa0084eab72ad0462421353d82225df330,S1_H0,fuzz/c/std/gif_fuzzer.c,false,1,/usr/bin/gcc -fsyntax-only -fdiagnostics-color=never -std=gnu11 -Werror=implicit-function-declaration -I. fuzz/c/std/gif_fuzzer.c,"fuzz/c/std/gif_fuzzer.c: In function ‘fuzz’:
fuzz/c/std/gif_fuzzer.c:94:55: error: incompatible type for argument 3 of ‘wuffs_gif__decoder__decode_frame’
   94 |       s = wuffs_gif__decoder__decode_frame(&dec, &pb, src_reader,
      |                                                       ^~~~~~~~~~
      |                                                       |
      |                                                       wuffs_base__io_reader
In file included from fuzz/c/std/gif_fuzzer.c:46:
fuzz/c/std/../../../release/c/wuffs-unsupported-snapshot.h:7073:43: note: expected ‘uint32_t’ {aka ‘unsigned int’} but argument is of type ‘wuffs_base__io_reader’
 7073 |                                  uint32_t a_pixbuf_origin_x,
      |                                  ~~~~~~~~~^~~~~~~~~~~~~~~~~
fuzz/c/std/gif_fuzzer.c:95:44: error: incompatible type for argument 4 of ‘wuffs_gif__decoder__decode_frame’
   95 |                                            ((wuffs_base__slice_u8){}), 0, 0);
      |                                            ^~~~~~~~~~~~~~~~~~~~~~~~~~
      |                                            |
      |                                            wuffs_base__slice_u8
fuzz/c/std/../../../release/c/wuffs-unsupported-snapshot.h:7074:43: note: expected ‘uint32_t’ {aka ‘unsigned int’} but argument is of type ‘wuffs_base__slice_u8’
 7074 |                                  uint32_t a_pixbuf_origin_y,
      |                                  ~~~~~~~~~^~~~~~~~~~~~~~~~~
fuzz/c/std/gif_fuzzer.c:95:72: error: incompatible type for argument 5 of ‘wuffs_gif__decoder__decode_frame’
   95 |                                            ((wuffs_base__slice_u8){}), 0, 0);
      |                                                                        ^
      |                                                                        |
      |                                                                        int
fuzz/c/std/../../../release/c/wuffs-unsupported-snapshot.h:7075:56: note: expected ‘wuffs_base__io_reader’ but argument is of type ‘int’
 7075 |                                  wuffs_base__io_reader a_src,
      |                                  ~~~~~~~~~~~~~~~~~~~~~~^~~~~
fuzz/c/std/gif_fuzzer.c:95:75: error: incompatible type for argument 6 of ‘wuffs_gif__decoder__decode_frame’
   95 |                                            ((wuffs_base__slice_u8){}), 0, 0);
      |                                                                           ^
      |                                                                           |
      |                                                                           int
fuzz/c/std/../../../release/c/wuffs-unsupported-snapshot.h:7076:55: note: expected ‘wuffs_base__slice_u8’ but argument is of type ‘int’
 7076 |                                  wuffs_base__slice_u8 a_work_buffer) {
      |                                  ~~~~~~~~~~~~~~~~~~~~~^~~~~~~~~~~~~
",NOT_APPLICABLE,NOT_APPLICABLE,NOT_APPLICABLE
C025,wuffs,951d79fa0084eab72ad0462421353d82225df330,S1_H1,fuzz/c/std/gif_fuzzer.c,true,0,/usr/bin/gcc -fsyntax-only -fdiagnostics-color=never -std=gnu11 -Werror=implicit-function-declaration -I. fuzz/c/std/gif_fuzzer.c,,NOT_RUN,NOT_RUN,NOT_RUN
C029,c-ares,9ac7efc382686ccc10220039f70a6f218de40aa9,S0_H0,test/ares-test-fuzz.c,true,0,/usr/bin/gcc -fsyntax-only -fdiagnostics-color=never -std=gnu11 -Werror=implicit-function-declaration -Iinclude -Isrc/lib -Isrc/lib/include -I. test/ares-test-fuzz.c,,NOT_RUN,NOT_RUN,NOT_RUN
C029,c-ares,9ac7efc382686ccc10220039f70a6f218de40aa9,S1_H0,test/ares-test-fuzz.c,true,0,/usr/bin/gcc -fsyntax-only -fdiagnostics-color=never -std=gnu11 -Werror=implicit-function-declaration -Iinclude -Isrc/lib -Isrc/lib/include -I. test/ares-test-fuzz.c,,NOT_RUN,NOT_RUN,NOT_RUN
C029,c-ares,9ac7efc382686ccc10220039f70a6f218de40aa9,S1_H1,test/ares-test-fuzz.c,true,0,/usr/bin/gcc -fsyntax-only -fdiagnostics-color=never -std=gnu11 -Werror=implicit-function-declaration -Iinclude -Isrc/lib -Isrc/lib/include -I. test/ares-test-fuzz.c,,NOT_RUN,NOT_RUN,NOT_RUN
C030,libspng,e90c6b8dd3c557d8e18deb26c32c5a866dff0965,S0_H0,tests/spng_read_fuzzer.cc,false,1,/usr/bin/g++ -fsyntax-only -fdiagnostics-color=never -std=gnu++17 -I. -Isrc -Ispng tests/spng_read_fuzzer.cc,"tests/spng_read_fuzzer.cc: In function ‘int LLVMFuzzerTestOneInput(const uint8_t*, size_t)’:
tests/spng_read_fuzzer.cc:5:40: error: too few arguments to function ‘spng_ctx* spng_ctx_new(int)’
    5 |     struct spng_ctx *ctx = spng_ctx_new();
      |                            ~~~~~~~~~~~~^~
In file included from tests/spng_read_fuzzer.cc:1:
tests/../spng.h:364:18: note: declared here
  364 | struct spng_ctx *spng_ctx_new(int flags);
      |                  ^~~~~~~~~~~~
",NOT_APPLICABLE,NOT_APPLICABLE,NOT_APPLICABLE
C030,libspng,e90c6b8dd3c557d8e18deb26c32c5a866dff0965,S1_H0,tests/spng_read_fuzzer.cc,false,1,/usr/bin/g++ -fsyntax-only -fdiagnostics-color=never -std=gnu++17 -I. -Isrc -Ispng tests/spng_read_fuzzer.cc,"tests/spng_read_fuzzer.cc: In function ‘int LLVMFuzzerTestOneInput(const uint8_t*, size_t)’:
tests/spng_read_fuzzer.cc:5:40: error: too few arguments to function ‘spng_ctx* spng_ctx_new(int)’
    5 |     struct spng_ctx *ctx = spng_ctx_new();
      |                            ~~~~~~~~~~~~^~
In file included from tests/spng_read_fuzzer.cc:1:
tests/../spng.h:365:11: note: declared here
  365 | spng_ctx *spng_ctx_new(int flags);
      |           ^~~~~~~~~~~~
",NOT_APPLICABLE,NOT_APPLICABLE,NOT_APPLICABLE
C030,libspng,e90c6b8dd3c557d8e18deb26c32c5a866dff0965,S1_H1,tests/spng_read_fuzzer.cc,true,0,/usr/bin/g++ -fsyntax-only -fdiagnostics-color=never -std=gnu++17 -I. -Isrc -Ispng tests/spng_read_fuzzer.cc,,NOT_RUN,NOT_RUN,NOT_RUN
C032,wuffs,b840c80040069a1ec7bc953656f68ef8bc62d1b3,S0_H0,fuzz/c/std/gif_fuzzer.c,true,0,/usr/bin/gcc -fsyntax-only -fdiagnostics-color=never -std=gnu11 -Werror=implicit-function-declaration -I. fuzz/c/std/gif_fuzzer.c,,NOT_RUN,NOT_RUN,NOT_RUN
C032,wuffs,b840c80040069a1ec7bc953656f68ef8bc62d1b3,S0_H0,fuzz/c/std/zlib_fuzzer.c,true,0,/usr/bin/gcc -fsyntax-only -fdiagnostics-color=never -std=gnu11 -Werror=implicit-function-declaration -I. fuzz/c/std/zlib_fuzzer.c,,NOT_RUN,NOT_RUN,NOT_RUN
C032,wuffs,b840c80040069a1ec7bc953656f68ef8bc62d1b3,S1_H0,fuzz/c/std/gif_fuzzer.c,false,1,/usr/bin/gcc -fsyntax-only -fdiagnostics-color=never -std=gnu11 -Werror=implicit-function-declaration -I. fuzz/c/std/gif_fuzzer.c,"fuzz/c/std/gif_fuzzer.c: In function ‘fuzz’:
fuzz/c/std/gif_fuzzer.c:59:10: error: request for member ‘code’ in something not a structure or union
   59 |     if (z.code) {
      |          ^
fuzz/c/std/gif_fuzzer.c:60:41: error: request for member ‘code’ in something not a structure or union
   60 |       return wuffs_gif__status__string(z.code);
      |                                         ^
fuzz/c/std/gif_fuzzer.c:65:10: error: request for member ‘code’ in something not a structure or union
   65 |     if (z.code) {
      |          ^
fuzz/c/std/gif_fuzzer.c:66:40: error: request for member ‘code’ in something not a structure or union
   66 |       ret = wuffs_gif__status__string(z.code);
      |                                        ^
fuzz/c/std/gif_fuzzer.c:90:10: error: request for member ‘code’ in something not a structure or union
   90 |     if (z.code) {
      |          ^
fuzz/c/std/gif_fuzzer.c:91:40: error: request for member ‘code’ in something not a structure or union
   91 |       ret = wuffs_gif__status__string(z.code);
      |                                        ^
fuzz/c/std/gif_fuzzer.c:99:12: error: request for member ‘code’ in something not a structure or union
   99 |       if (z.code) {
      |            ^
fuzz/c/std/gif_fuzzer.c:100:15: error: request for member ‘code’ in something not a structure or union
  100 |         if ((z.code == WUFFS_BASE__SUSPENSION_END_OF_DATA) && seen_ok) {
      |               ^
fuzz/c/std/gif_fuzzer.c:101:12: error: request for member ‘code’ in something not a structure or union
  101 |           z.code = WUFFS_BASE__STATUS_OK;
      |            ^
fuzz/c/std/gif_fuzzer.c:103:42: error: request for member ‘code’ in something not a structure or union
  103 |         ret = wuffs_gif__status__string(z.code);
      |                                          ^
",NOT_APPLICABLE,NOT_APPLICABLE,NOT_APPLICABLE
C032,wuffs,b840c80040069a1ec7bc953656f68ef8bc62d1b3,S1_H0,fuzz/c/std/zlib_fuzzer.c,false,1,/usr/bin/gcc -fsyntax-only -fdiagnostics-color=never -std=gnu11 -Werror=implicit-function-declaration -I. fuzz/c/std/zlib_fuzzer.c,"fuzz/c/std/zlib_fuzzer.c: In function ‘fuzz’:
fuzz/c/std/zlib_fuzzer.c:54:8: error: request for member ‘code’ in something not a structure or union
   54 |   if (z.code) {
      |        ^
fuzz/c/std/zlib_fuzzer.c:55:40: error: request for member ‘code’ in something not a structure or union
   55 |     return wuffs_zlib__status__string(z.code);
      |                                        ^
fuzz/c/std/zlib_fuzzer.c:71:10: error: request for member ‘code’ in something not a structure or union
   71 |     if (z.code != WUFFS_BASE__SUSPENSION_SHORT_WRITE) {
      |          ^
fuzz/c/std/zlib_fuzzer.c:72:41: error: request for member ‘code’ in something not a structure or union
   72 |       ret = wuffs_zlib__status__string(z.code);
      |                                         ^
",NOT_APPLICABLE,NOT_APPLICABLE,NOT_APPLICABLE
C032,wuffs,b840c80040069a1ec7bc953656f68ef8bc62d1b3,S1_H1,fuzz/c/std/gif_fuzzer.c,true,0,/usr/bin/gcc -fsyntax-only -fdiagnostics-color=never -std=gnu11 -Werror=implicit-function-declaration -I. fuzz/c/std/gif_fuzzer.c,,NOT_RUN,NOT_RUN,NOT_RUN
C032,wuffs,b840c80040069a1ec7bc953656f68ef8bc62d1b3,S1_H1,fuzz/c/std/zlib_fuzzer.c,true,0,/usr/bin/gcc -fsyntax-only -fdiagnostics-color=never -std=gnu11 -Werror=implicit-function-declaration -I. fuzz/c/std/zlib_fuzzer.c,,NOT_RUN,NOT_RUN,NOT_RUN
C035,c-ares,9dd78e2f23a4c5f87d1cb6bd5c7126f48b0b89de,S0_H0,test/ares-test-fuzz-name.c,true,0,/usr/bin/gcc -fsyntax-only -fdiagnostics-color=never -std=gnu11 -Werror=implicit-function-declaration -Iinclude -Isrc/lib -Isrc/lib/include -I. test/ares-test-fuzz-name.c,"test/ares-test-fuzz-name.c: In function ‘LLVMFuzzerTestOneInput’:
test/ares-test-fuzz-name.c:46:3: warning: ‘ares_create_query’ is deprecated: Use ares_dns_record_create instead [-Wdeprecated-declarations]
   46 |   ares_create_query(name, C_IN, T_AAAA, 1234, 0, &buf, &buflen, 1024);
      |   ^~~~~~~~~~~~~~~~~
In file included from test/ares-test-fuzz-name.c:30:
include/ares.h:713:63: note: declared here
  713 | CARES_EXTERN CARES_DEPRECATED_FOR(ares_dns_record_create) int ares_create_query(
      |                                                               ^~~~~~~~~~~~~~~~~
",NOT_RUN,NOT_RUN,NOT_RUN
C035,c-ares,9dd78e2f23a4c5f87d1cb6bd5c7126f48b0b89de,S0_H0,test/ares-test-fuzz.c,true,0,/usr/bin/gcc -fsyntax-only -fdiagnostics-color=never -std=gnu11 -Werror=implicit-function-declaration -Iinclude -Isrc/lib -Isrc/lib/include -I. test/ares-test-fuzz.c,,NOT_RUN,NOT_RUN,NOT_RUN
C035,c-ares,9dd78e2f23a4c5f87d1cb6bd5c7126f48b0b89de,S1_H0,test/ares-test-fuzz-name.c,true,0,/usr/bin/gcc -fsyntax-only -fdiagnostics-color=never -std=gnu11 -Werror=implicit-function-declaration -Iinclude -Isrc/lib -Isrc/lib/include -I. test/ares-test-fuzz-name.c,"test/ares-test-fuzz-name.c: In function ‘LLVMFuzzerTestOneInput’:
test/ares-test-fuzz-name.c:46:3: warning: ‘ares_create_query’ is deprecated: Use ares_dns_record_create instead [-Wdeprecated-declarations]
   46 |   ares_create_query(name, C_IN, T_AAAA, 1234, 0, &buf, &buflen, 1024);
      |   ^~~~~~~~~~~~~~~~~
In file included from test/ares-test-fuzz-name.c:30:
include/ares.h:713:63: note: declared here
  713 | CARES_EXTERN CARES_DEPRECATED_FOR(ares_dns_record_create) int ares_create_query(
      |                                                               ^~~~~~~~~~~~~~~~~
",NOT_RUN,NOT_RUN,NOT_RUN
C035,c-ares,9dd78e2f23a4c5f87d1cb6bd5c7126f48b0b89de,S1_H0,test/ares-test-fuzz.c,true,0,/usr/bin/gcc -fsyntax-only -fdiagnostics-color=never -std=gnu11 -Werror=implicit-function-declaration -Iinclude -Isrc/lib -Isrc/lib/include -I. test/ares-test-fuzz.c,,NOT_RUN,NOT_RUN,NOT_RUN
C035,c-ares,9dd78e2f23a4c5f87d1cb6bd5c7126f48b0b89de,S1_H1,test/ares-test-fuzz-name.c,true,0,/usr/bin/gcc -fsyntax-only -fdiagnostics-color=never -std=gnu11 -Werror=implicit-function-declaration -Iinclude -Isrc/lib -Isrc/lib/include -I. test/ares-test-fuzz-name.c,"test/ares-test-fuzz-name.c: In function ‘LLVMFuzzerTestOneInput’:
test/ares-test-fuzz-name.c:65:3: warning: ‘ares_init’ is deprecated: Use ares_init_options instead [-Wdeprecated-declarations]
   65 |   ares_init(&channel);
      |   ^~~~~~~~~
In file included from test/ares-test-fuzz-name.c:30:
include/ares.h:484:70: note: declared here
  484 | CARES_EXTERN             CARES_DEPRECATED_FOR(ares_init_options) int ares_init(
      |                                                                      ^~~~~~~~~
",NOT_RUN,NOT_RUN,NOT_RUN
C035,c-ares,9dd78e2f23a4c5f87d1cb6bd5c7126f48b0b89de,S1_H1,test/ares-test-fuzz.c,true,0,/usr/bin/gcc -fsyntax-only -fdiagnostics-color=never -std=gnu11 -Werror=implicit-function-declaration -Iinclude -Isrc/lib -Isrc/lib/include -I. test/ares-test-fuzz.c,,NOT_RUN,NOT_RUN,NOT_RUN
C036,meshoptimizer,74fd37bd1028331a7e389675e1160aea800bd2f7,S0_H0,tools/clusterfuzz.cpp,true,0,/usr/bin/g++ -fsyntax-only -fdiagnostics-color=never -std=gnu++17 -Isrc -I. tools/clusterfuzz.cpp,,NOT_RUN,NOT_RUN,NOT_RUN
C036,meshoptimizer,74fd37bd1028331a7e389675e1160aea800bd2f7,S1_H0,tools/clusterfuzz.cpp,false,1,/usr/bin/g++ -fsyntax-only -fdiagnostics-color=never -std=gnu++17 -Isrc -I. tools/clusterfuzz.cpp,"size_t vertex_count, size_t vertex_positions_stride, size_t max_vertices, size_t min_triangles, size_t max_triangles, float fill_weight)
      |               ^~~~~~~~~~~~~~~~~~~~~~~~~~
tools/../src/meshoptimizer.h:1251:15: note:   template argument deduction/substitution failed:
tools/clusterfuzz.cpp:48:35: note:   candidate expects 12 arguments, 11 provided
   48 |         meshopt_buildMeshletsSplit(ml, mv, mt, ib, indices, vb[0], 100, sizeof(float) * 4, /* max_vertices= */ 16, /* min_triangles= */ 16, /* max_triangles= */ 32);
      |         ~~~~~~~~~~~~~~~~~~~~~~~~~~^~~~~~~~~~~~~~~~~~~~~~~~~~~~~~~~~~~~~~~~~~~~~~~~~~~~~~~~~~~~~~~~~~~~~~~~~~~~~~~~~~~~~~~~~~~~~~~~~~~~~~~~~~~~~~~~~~~~~~~~~~~~~~~~~~
tools/../src/meshoptimizer.h:608:35: note: candidate: ‘size_t meshopt_buildMeshletsSplit(meshopt_Meshlet*, unsigned int*, unsigned char*, const unsigned int*, size_t, const float*, size_t, size_t, size_t, size_t, size_t, float)’
  608 | MESHOPTIMIZER_EXPERIMENTAL size_t meshopt_buildMeshletsSplit(struct meshopt_Meshlet* meshlets, unsigned int* meshlet_vertices, unsigned char* meshlet_triangles, const unsigned int* indices, size_t index_count, const float* vertex_positions, size_t vertex_count, size_t vertex_positions_stride, size_t max_vertices, size_t min_triangles, size_t max_triangles, float fill_weight);
      |                                   ^~~~~~~~~~~~~~~~~~~~~~~~~~
tools/../src/meshoptimizer.h:608:35: note:   candidate expects 12 arguments, 11 provided
tools/clusterfuzz.cpp:49:35: error: no matching function for call to ‘meshopt_buildMeshletsSplit(meshopt_Meshlet [333], unsigned int [999], unsigned char [1332], unsigned int [999], int&, float [4], int, long unsigned int, int, int, int)’
   49 |         meshopt_buildMeshletsSplit(ml, mv, mt, ib, indices, vb[0], 100, sizeof(float) * 4, /* max_vertices= */ 16, /* min_triangles= */ 32, /* max_triangles= */ 32);
      |         ~~~~~~~~~~~~~~~~~~~~~~~~~~^~~~~~~~~~~~~~~~~~~~~~~~~~~~~~~~~~~~~~~~~~~~~~~~~~~~~~~~~~~~~~~~~~~~~~~~~~~~~~~~~~~~~~~~~~~~~~~~~~~~~~~~~~~~~~~~~~~~~~~~~~~~~~~~~~
tools/../src/meshoptimizer.h:1251:15: note: candidate: ‘template<class T> size_t meshopt_buildMeshletsSplit(meshopt_Meshlet*, unsigned int*, unsigned char*, const T*, size_t, const float*, size_t, size_t, size_t, size_t, size_t, float)’
 1251 | inline size_t meshopt_buildMeshletsSplit(meshopt_Meshlet* meshlets, unsigned int* meshlet_vertices, unsigned char* meshlet_triangles, const T* indices, size_t index_count, const float* vertex_positions, size_t vertex_count, size_t vertex_positions_stride, size_t max_vertices, size_t min_triangles, size_t max_triangles, float fill_weight)
      |               ^~~~~~~~~~~~~~~~~~~~~~~~~~
tools/../src/meshoptimizer.h:1251:15: note:   template argument deduction/substitution failed:
tools/clusterfuzz.cpp:49:35: note:   candidate expects 12 arguments, 11 provided
   49 |         meshopt_buildMeshletsSplit(ml, mv, mt, ib, indices, vb[0], 100, sizeof(float) * 4, /* max_vertices= */ 16, /* min_triangles= */ 32, /* max_triangles= */ 32);
      |         ~~~~~~~~~~~~~~~~~~~~~~~~~~^~~~~~~~~~~~~~~~~~~~~~~~~~~~~~~~~~~~~~~~~~~~~~~~~~~~~~~~~~~~~~~~~~~~~~~~~~~~~~~~~~~~~~~~~~~~~~~~~~~~~~~~~~~~~~~~~~~~~~~~~~~~~~~~~~
tools/../src/meshoptimizer.h:608:35: note: candidate: ‘size_t meshopt_buildMeshletsSplit(meshopt_Meshlet*, unsigned int*, unsigned char*, const unsigned int*, size_t, const float*, size_t, size_t, size_t, size_t, size_t, float)’
  608 | MESHOPTIMIZER_EXPERIMENTAL size_t meshopt_buildMeshletsSplit(struct meshopt_Meshlet* meshlets, unsigned int* meshlet_vertices, unsigned char* meshlet_triangles, const unsigned int* indices, size_t index_count, const float* vertex_positions, size_t vertex_count, size_t vertex_positions_stride, size_t max_vertices, size_t min_triangles, size_t max_triangles, float fill_weight);
      |                                   ^~~~~~~~~~~~~~~~~~~~~~~~~~
tools/../src/meshoptimizer.h:608:35: note:   candidate expects 12 arguments, 11 provided
",NOT_APPLICABLE,NOT_APPLICABLE,NOT_APPLICABLE
C036,meshoptimizer,74fd37bd1028331a7e389675e1160aea800bd2f7,S1_H1,tools/clusterfuzz.cpp,true,0,/usr/bin/g++ -fsyntax-only -fdiagnostics-color=never -std=gnu++17 -Isrc -I. tools/clusterfuzz.cpp,,NOT_RUN,NOT_RUN,NOT_RUN
C037,wuffs,1c75f7b748aef5717dc4e7197681d2974a55ff1b,S0_H0,fuzz/c/std/gif_fuzzer.c,true,0,/usr/bin/gcc -fsyntax-only -fdiagnostics-color=never -std=gnu11 -Werror=implicit-function-declaration -I. fuzz/c/std/gif_fuzzer.c,,NOT_RUN,NOT_RUN,NOT_RUN
C037,wuffs,1c75f7b748aef5717dc4e7197681d2974a55ff1b,S1_H0,fuzz/c/std/gif_fuzzer.c,false,1,/usr/bin/gcc -fsyntax-only -fdiagnostics-color=never -std=gnu11 -Werror=implicit-function-declaration -I. fuzz/c/std/gif_fuzzer.c,"base__image_buffer ib = ((wuffs_base__image_buffer){});
      |                                     ^~~~~~~~~~~~~~~~~~~~~~~~
      |                                     wuffs_base__io_buffer
fuzz/c/std/gif_fuzzer.c:60:37: note: each undeclared identifier is reported only once for each function it appears in
fuzz/c/std/gif_fuzzer.c:60:62: error: expected ‘)’ before ‘{’ token
   60 |     wuffs_base__image_buffer ib = ((wuffs_base__image_buffer){});
      |                                   ~                          ^
      |                                                              )
fuzz/c/std/gif_fuzzer.c:72:26: error: implicit declaration of function ‘wuffs_base__image_config__pixbuf_size’; did you mean ‘wuffs_base__pixel_config__pixbuf_size’? [-Werror=implicit-function-declaration]
   72 |     size_t pixbuf_size = wuffs_base__image_config__pixbuf_size(&ic);
      |                          ^~~~~~~~~~~~~~~~~~~~~~~~~~~~~~~~~~~~~
      |                          wuffs_base__pixel_config__pixbuf_size
fuzz/c/std/gif_fuzzer.c:83:9: error: implicit declaration of function ‘wuffs_base__image_buffer__set_from_slice’; did you mean ‘wuffs_base__pixel_buffer__set_from_slice’? [-Werror=implicit-function-declaration]
   83 |     s = wuffs_base__image_buffer__set_from_slice(
      |         ^~~~~~~~~~~~~~~~~~~~~~~~~~~~~~~~~~~~~~~~
      |         wuffs_base__pixel_buffer__set_from_slice
fuzz/c/std/gif_fuzzer.c:92:50: warning: passing argument 2 of ‘wuffs_gif__decoder__decode_frame’ from incompatible pointer type [-Wincompatible-pointer-types]
   92 |       s = wuffs_gif__decoder__decode_frame(&dec, &ib, src_reader,
      |                                                  ^~~
      |                                                  |
      |                                                  int *
In file included from fuzz/c/std/gif_fuzzer.c:46:
fuzz/c/std/../../../release/c/unsupported-snapshot.h:6831:60: note: expected ‘wuffs_base__frame_config *’ but argument is of type ‘int *’
 6831 |                                  wuffs_base__frame_config* a_dst0,
      |                                  ~~~~~~~~~~~~~~~~~~~~~~~~~~^~~~~~
fuzz/c/std/gif_fuzzer.c:92:55: error: incompatible type for argument 3 of ‘wuffs_gif__decoder__decode_frame’
   92 |       s = wuffs_gif__decoder__decode_frame(&dec, &ib, src_reader,
      |                                                       ^~~~~~~~~~
      |                                                       |
      |                                                       wuffs_base__io_reader
fuzz/c/std/../../../release/c/unsupported-snapshot.h:6832:60: note: expected ‘wuffs_base__pixel_buffer *’ but argument is of type ‘wuffs_base__io_reader’
 6832 |                                  wuffs_base__pixel_buffer* a_dst1,
      |                                  ~~~~~~~~~~~~~~~~~~~~~~~~~~^~~~~~
fuzz/c/std/gif_fuzzer.c:93:44: error: incompatible type for argument 4 of ‘wuffs_gif__decoder__decode_frame’
   93 |                                            ((wuffs_base__slice_u8){}));
      |                                            ^~~~~~~~~~~~~~~~~~~~~~~~~~
      |                                            |
      |                                            wuffs_base__slice_u8
fuzz/c/std/../../../release/c/unsupported-snapshot.h:6833:56: note: expected ‘wuffs_base__io_reader’ but argument is of type ‘wuffs_base__slice_u8’
 6833 |                                  wuffs_base__io_reader a_src,
      |                                  ~~~~~~~~~~~~~~~~~~~~~~^~~~~
fuzz/c/std/gif_fuzzer.c:92:11: error: too few arguments to function ‘wuffs_gif__decoder__decode_frame’
   92 |       s = wuffs_gif__decoder__decode_frame(&dec, &ib, src_reader,
      |           ^~~~~~~~~~~~~~~~~~~~~~~~~~~~~~~~
fuzz/c/std/../../../release/c/unsupported-snapshot.h:6830:1: note: declared here
 6830 | wuffs_gif__decoder__decode_frame(wuffs_gif__decoder* self,
      | ^~~~~~~~~~~~~~~~~~~~~~~~~~~~~~~~
cc1: some warnings being treated as errors
",NOT_APPLICABLE,NOT_APPLICABLE,NOT_APPLICABLE
C037,wuffs,1c75f7b748aef5717dc4e7197681d2974a55ff1b,S1_H1,fuzz/c/std/gif_fuzzer.c,true,0,/usr/bin/gcc -fsyntax-only -fdiagnostics-color=never -std=gnu11 -Werror=implicit-function-declaration -I. fuzz/c/std/gif_fuzzer.c,,NOT_RUN,NOT_RUN,NOT_RUN
C039,meshoptimizer,92822f05e4ac2d9e8c87410f18144a1a976ac53a,S0_H0,tools/clusterfuzz.cpp,true,0,/usr/bin/g++ -fsyntax-only -fdiagnostics-color=never -std=gnu++17 -Isrc -I. tools/clusterfuzz.cpp,,NOT_RUN,NOT_RUN,NOT_RUN
C039,meshoptimizer,92822f05e4ac2d9e8c87410f18144a1a976ac53a,S1_H0,tools/clusterfuzz.cpp,false,1,/usr/bin/g++ -fsyntax-only -fdiagnostics-color=never -std=gnu++17 -Isrc -I. tools/clusterfuzz.cpp,"tools/clusterfuzz.cpp: In function ‘int LLVMFuzzerTestOneInput(const uint8_t*, size_t)’:
tools/clusterfuzz.cpp:44:9: error: ‘meshopt_buildMeshletsSplit’ was not declared in this scope; did you mean ‘meshopt_buildMeshletsSpatial’?
   44 |         meshopt_buildMeshletsSplit(ml, mv, mt, ib, indices, vb[0], 100, sizeof(float) * 4, /* max_vertices= */ 4, /* min_triangles= */ 4, /* max_triangles= */ 8, 0.f);
      |         ^~~~~~~~~~~~~~~~~~~~~~~~~~
      |         meshopt_buildMeshletsSpatial
",NOT_APPLICABLE,NOT_APPLICABLE,NOT_APPLICABLE
C039,meshoptimizer,92822f05e4ac2d9e8c87410f18144a1a976ac53a,S1_H1,tools/clusterfuzz.cpp,true,0,/usr/bin/g++ -fsyntax-only -fdiagnostics-color=never -std=gnu++17 -Isrc -I. tools/clusterfuzz.cpp,,NOT_RUN,NOT_RUN,NOT_RUN
C040,libspng,15f35da3f904b8359b84c039ba2bd585f97cb473,S0_H0,tests/spng_read_fuzzer.cc,false,1,/usr/bin/g++ -fsyntax-only -fdiagnostics-color=never -std=gnu++17 -I. -Isrc -Ispng tests/spng_read_fuzzer.cc,"In file included from tests/spng_read_fuzzer.cc:2:
tests/../src/common.h:34:16: error: uninitialized ‘const png_u32max’ [-fpermissive]
   34 | const uint32_t png_u32max;
      |                ^~~~~~~~~~
tests/../src/common.h:35:15: error: uninitialized ‘const png_s32min’ [-fpermissive]
   35 | const int32_t png_s32min;
      |               ^~~~~~~~~~
tests/../src/common.h:37:15: error: uninitialized ‘const type_ihdr’ [-fpermissive]
   37 | const uint8_t type_ihdr[4];
      |               ^~~~~~~~~
tests/../src/common.h:38:15: error: uninitialized ‘const type_plte’ [-fpermissive]
   38 | const uint8_t type_plte[4];
      |               ^~~~~~~~~
tests/../src/common.h:39:15: error: uninitialized ‘const type_idat’ [-fpermissive]
   39 | const uint8_t type_idat[4];
      |               ^~~~~~~~~
tests/../src/common.h:40:15: error: uninitialized ‘const type_iend’ [-fpermissive]
   40 | const uint8_t type_iend[4];
      |               ^~~~~~~~~
tests/../src/common.h:41:15: error: uninitialized ‘const type_trns’ [-fpermissive]
   41 | const uint8_t type_trns[4];
      |               ^~~~~~~~~
tests/../src/common.h:42:15: error: uninitialized ‘const type_chrm’ [-fpermissive]
   42 | const uint8_t type_chrm[4];
      |               ^~~~~~~~~
tests/../src/common.h:43:15: error: uninitialized ‘const type_gama’ [-fpermissive]
   43 | const uint8_t type_gama[4];
      |               ^~~~~~~~~
tests/../src/common.h:44:15: error: uninitialized ‘const type_iccp’ [-fpermissive]
   44 | const uint8_t type_iccp[4];
      |               ^~~~~~~~~
tests/../src/common.h:45:15: error: uninitialized ‘const type_sbit’ [-fpermissive]
   45 | const uint8_t type_sbit[4];
      |               ^~~~~~~~~
tests/../src/common.h:46:15: error: uninitialized ‘const type_srgb’ [-fpermissive]
   46 | const uint8_t type_srgb[4];
      |               ^~~~~~~~~
tests/../src/common.h:47:15: error: uninitialized ‘const type_text’ [-fpermissive]
   47 | const uint8_t type_text[4];
      |               ^~~~~~~~~
tests/../src/common.h:48:15: error: uninitialized ‘const type_ztxt’ [-fpermissive]
   48 | const uint8_t type_ztxt[4];
      |               ^~~~~~~~~
tests/../src/common.h:49:15: error: uninitialized ‘const type_itxt’ [-fpermissive]
   49 | const uint8_t type_itxt[4];
      |               ^~~~~~~~~
tests/../src/common.h:50:15: error: uninitialized ‘const type_bkgd’ [-fpermissive]
   50 | const uint8_t type_bkgd[4];
      |               ^~~~~~~~~
tests/../src/common.h:51:15: error: uninitialized ‘const type_hist’ [-fpermissive]
   51 | const uint8_t type_hist[4];
      |               ^~~~~~~~~
tests/../src/common.h:52:15: error: uninitialized ‘const type_phys’ [-fpermissive]
   52 | const uint8_t type_phys[4];
      |               ^~~~~~~~~
tests/../src/common.h:53:15: error: uninitialized ‘const type_splt’ [-fpermissive]
   53 | const uint8_t type_splt[4];
      |               ^~~~~~~~~
tests/../src/common.h:54:15: error: uninitialized ‘const type_time’ [-fpermissive]
   54 | const uint8_t type_time[4];
      |               ^~~~~~~~~
tests/../src/common.h:55:15: error: uninitialized ‘const type_offs’ [-fpermissive]
   55 | const uint8_t type_offs[4];
      |               ^~~~~~~~~
tests/../src/common.h:56:15: error: uninitialized ‘const type_exif’ [-fpermissive]
   56 | const uint8_t type_exif[4];
      |               ^~~~~~~~~
",NOT_APPLICABLE,NOT_APPLICABLE,NOT_APPLICABLE
C040,libspng,15f35da3f904b8359b84c039ba2bd585f97cb473,S1_H0,tests/spng_read_fuzzer.cc,false,1,/usr/bin/g++ -fsyntax-only -fdiagnostics-color=never -std=gnu++17 -I. -Isrc -Ispng tests/spng_read_fuzzer.cc,"In file included from tests/spng_read_fuzzer.cc:2:
tests/../src/common.h:34:16: error: uninitialized ‘const png_u32max’ [-fpermissive]
   34 | const uint32_t png_u32max;
      |                ^~~~~~~~~~
tests/../src/common.h:35:15: error: uninitialized ‘const png_s32min’ [-fpermissive]
   35 | const int32_t png_s32min;
      |               ^~~~~~~~~~
tests/../src/common.h:37:15: error: uninitialized ‘const type_ihdr’ [-fpermissive]
   37 | const uint8_t type_ihdr[4];
      |               ^~~~~~~~~
tests/../src/common.h:38:15: error: uninitialized ‘const type_plte’ [-fpermissive]
   38 | const uint8_t type_plte[4];
      |               ^~~~~~~~~
tests/../src/common.h:39:15: error: uninitialized ‘const type_idat’ [-fpermissive]
   39 | const uint8_t type_idat[4];
      |               ^~~~~~~~~
tests/../src/common.h:40:15: error: uninitialized ‘const type_iend’ [-fpermissive]
   40 | const uint8_t type_iend[4];
      |               ^~~~~~~~~
tests/../src/common.h:41:15: error: uninitialized ‘const type_trns’ [-fpermissive]
   41 | const uint8_t type_trns[4];
      |               ^~~~~~~~~
tests/../src/common.h:42:15: error: uninitialized ‘const type_chrm’ [-fpermissive]
   42 | const uint8_t type_chrm[4];
      |               ^~~~~~~~~
tests/../src/common.h:43:15: error: uninitialized ‘const type_gama’ [-fpermissive]
   43 | const uint8_t type_gama[4];
      |               ^~~~~~~~~
tests/../src/common.h:44:15: error: uninitialized ‘const type_iccp’ [-fpermissive]
   44 | const uint8_t type_iccp[4];
      |               ^~~~~~~~~
tests/../src/common.h:45:15: error: uninitialized ‘const type_sbit’ [-fpermissive]
   45 | const uint8_t type_sbit[4];
      |               ^~~~~~~~~
tests/../src/common.h:46:15: error: uninitialized ‘const type_srgb’ [-fpermissive]
   46 | const uint8_t type_srgb[4];
      |               ^~~~~~~~~
tests/../src/common.h:47:15: error: uninitialized ‘const type_text’ [-fpermissive]
   47 | const uint8_t type_text[4];
      |               ^~~~~~~~~
tests/../src/common.h:48:15: error: uninitialized ‘const type_ztxt’ [-fpermissive]
   48 | const uint8_t type_ztxt[4];
      |               ^~~~~~~~~
tests/../src/common.h:49:15: error: uninitialized ‘const type_itxt’ [-fpermissive]
   49 | const uint8_t type_itxt[4];
      |               ^~~~~~~~~
tests/../src/common.h:50:15: error: uninitialized ‘const type_bkgd’ [-fpermissive]
   50 | const uint8_t type_bkgd[4];
      |               ^~~~~~~~~
tests/../src/common.h:51:15: error: uninitialized ‘const type_hist’ [-fpermissive]
   51 | const uint8_t type_hist[4];
      |               ^~~~~~~~~
tests/../src/common.h:52:15: error: uninitialized ‘const type_phys’ [-fpermissive]
   52 | const uint8_t type_phys[4];
      |               ^~~~~~~~~
tests/../src/common.h:53:15: error: uninitialized ‘const type_splt’ [-fpermissive]
   53 | const uint8_t type_splt[4];
      |               ^~~~~~~~~
tests/../src/common.h:54:15: error: uninitialized ‘const type_time’ [-fpermissive]
   54 | const uint8_t type_time[4];
      |               ^~~~~~~~~
tests/../src/common.h:55:15: error: uninitialized ‘const type_offs’ [-fpermissive]
   55 | const uint8_t type_offs[4];
      |               ^~~~~~~~~
tests/../src/common.h:56:15: error: uninitialized ‘const type_exif’ [-fpermissive]
   56 | const uint8_t type_exif[4];
      |               ^~~~~~~~~
tests/spng_read_fuzzer.cc: In function ‘int LLVMFuzzerTestOneInput(const uint8_t*, size_t)’:
tests/spng_read_fuzzer.cc:15:5: error: ‘spng_set_chunk_limits’ was not declared in this scope; did you mean ‘spng_set_image_limits’?
   15 |     spng_set_chunk_limits(ctx, 4 * 1000 * 1000, 8 * 1000 * 1000);
      |     ^~~~~~~~~~~~~~~~~~~~~
      |     spng_set_image_limits
",NOT_APPLICABLE,NOT_APPLICABLE,NOT_APPLICABLE
C040,libspng,15f35da3f904b8359b84c039ba2bd585f97cb473,S1_H1,tests/spng_read_fuzzer.cc,true,0,/usr/bin/g++ -fsyntax-only -fdiagnostics-color=never -std=gnu++17 -I. -Isrc -Ispng tests/spng_read_fuzzer.cc,,NOT_RUN,NOT_RUN,NOT_RUN
C043,wuffs,3d035df9085418f518d037431be47a3111ba04ff,S0_H0,fuzz/c/std/gif_fuzzer.c,true,0,/usr/bin/gcc -fsyntax-only -fdiagnostics-color=never -std=gnu11 -Werror=implicit-function-declaration -I. fuzz/c/std/gif_fuzzer.c,,NOT_RUN,NOT_RUN,NOT_RUN
C043,wuffs,3d035df9085418f518d037431be47a3111ba04ff,S1_H0,fuzz/c/std/gif_fuzzer.c,false,1,/usr/bin/gcc -fsyntax-only -fdiagnostics-color=never -std=gnu11 -Werror=implicit-function-declaration -I. fuzz/c/std/gif_fuzzer.c,"fuzz/c/std/gif_fuzzer.c: In function ‘fuzz’:
fuzz/c/std/gif_fuzzer.c:83:11: error: too few arguments to function ‘wuffs_gif__decoder__decode_frame’
   83 |       s = wuffs_gif__decoder__decode_frame(&dec, &ib, src_reader);
      |           ^~~~~~~~~~~~~~~~~~~~~~~~~~~~~~~~
In file included from fuzz/c/std/gif_fuzzer.c:39:
fuzz/c/std/../../../gen/c/std/gif.c:2348:20: note: declared here
 2348 | wuffs_base__status wuffs_gif__decoder__decode_frame(
      |                    ^~~~~~~~~~~~~~~~~~~~~~~~~~~~~~~~
",NOT_APPLICABLE,NOT_APPLICABLE,NOT_APPLICABLE
C043,wuffs,3d035df9085418f518d037431be47a3111ba04ff,S1_H1,fuzz/c/std/gif_fuzzer.c,true,0,/usr/bin/gcc -fsyntax-only -fdiagnostics-color=never -std=gnu11 -Werror=implicit-function-declaration -I. fuzz/c/std/gif_fuzzer.c,,NOT_RUN,NOT_RUN,NOT_RUN
C044,wuffs,c9830ceb9afd598be1d3d0693b39b17a26ce6cbc,S0_H0,fuzz/c/std/zlib_fuzzer.c,true,0,/usr/bin/gcc -fsyntax-only -fdiagnostics-color=never -std=gnu11 -Werror=implicit-function-declaration -I. fuzz/c/std/zlib_fuzzer.c,,NOT_RUN,NOT_RUN,NOT_RUN
C044,wuffs,c9830ceb9afd598be1d3d0693b39b17a26ce6cbc,S1_H0,fuzz/c/std/zlib_fuzzer.c,false,1,/usr/bin/gcc -fsyntax-only -fdiagnostics-color=never -std=gnu11 -Werror=implicit-function-declaration -I. fuzz/c/std/zlib_fuzzer.c,"fuzz/c/std/zlib_fuzzer.c: In function ‘fuzz’:
fuzz/c/std/zlib_fuzzer.c:77:9: error: too few arguments to function ‘wuffs_zlib__decoder__decode_io_writer’
   77 |         wuffs_zlib__decoder__decode_io_writer(&dec, dst_writer, src_reader);
      |         ^~~~~~~~~~~~~~~~~~~~~~~~~~~~~~~~~~~~~
In file included from fuzz/c/std/zlib_fuzzer.c:48:
fuzz/c/std/../../../release/c/wuffs-unsupported-snapshot.c:10897:1: note: declared here
10897 | wuffs_zlib__decoder__decode_io_writer(wuffs_zlib__decoder* self,
      | ^~~~~~~~~~~~~~~~~~~~~~~~~~~~~~~~~~~~~
",NOT_APPLICABLE,NOT_APPLICABLE,NOT_APPLICABLE
C044,wuffs,c9830ceb9afd598be1d3d0693b39b17a26ce6cbc,S1_H1,fuzz/c/std/zlib_fuzzer.c,true,0,/usr/bin/gcc -fsyntax-only -fdiagnostics-color=never -std=gnu11 -Werror=implicit-function-declaration -I. fuzz/c/std/zlib_fuzzer.c,,NOT_RUN,NOT_RUN,NOT_RUN
C048,wuffs,5b08ad2ba64b7d6d53c67cce2cf4e1b486d81d79,S0_H0,fuzz/c/std/gif_fuzzer.c,true,0,/usr/bin/gcc -fsyntax-only -fdiagnostics-color=never -std=gnu11 -Werror=implicit-function-declaration -I. fuzz/c/std/gif_fuzzer.c,,NOT_RUN,NOT_RUN,NOT_RUN
C048,wuffs,5b08ad2ba64b7d6d53c67cce2cf4e1b486d81d79,S0_H0,fuzz/c/std/zlib_fuzzer.c,true,0,/usr/bin/gcc -fsyntax-only -fdiagnostics-color=never -std=gnu11 -Werror=implicit-function-declaration -I. fuzz/c/std/zlib_fuzzer.c,,NOT_RUN,NOT_RUN,NOT_RUN
C048,wuffs,5b08ad2ba64b7d6d53c67cce2cf4e1b486d81d79,S1_H0,fuzz/c/std/gif_fuzzer.c,true,0,/usr/bin/gcc -fsyntax-only -fdiagnostics-color=never -std=gnu11 -Werror=implicit-function-declaration -I. fuzz/c/std/gif_fuzzer.c,,NOT_RUN,NOT_RUN,NOT_RUN
C048,wuffs,5b08ad2ba64b7d6d53c67cce2cf4e1b486d81d79,S1_H0,fuzz/c/std/zlib_fuzzer.c,true,0,/usr/bin/gcc -fsyntax-only -fdiagnostics-color=never -std=gnu11 -Werror=implicit-function-declaration -I. fuzz/c/std/zlib_fuzzer.c,,NOT_RUN,NOT_RUN,NOT_RUN
C048,wuffs,5b08ad2ba64b7d6d53c67cce2cf4e1b486d81d79,S1_H1,fuzz/c/std/gif_fuzzer.c,true,0,/usr/bin/gcc -fsyntax-only -fdiagnostics-color=never -std=gnu11 -Werror=implicit-function-declaration -I. fuzz/c/std/gif_fuzzer.c,,NOT_RUN,NOT_RUN,NOT_RUN
C048,wuffs,5b08ad2ba64b7d6d53c67cce2cf4e1b486d81d79,S1_H1,fuzz/c/std/zlib_fuzzer.c,true,0,/usr/bin/gcc -fsyntax-only -fdiagnostics-color=never -std=gnu11 -Werror=implicit-function-declaration -I. fuzz/c/std/zlib_fuzzer.c,,NOT_RUN,NOT_RUN,NOT_RUN
C050,libspng,d504fd5f032c5be73616c50def2eff05073a839d,S0_H0,tests/spng_read_fuzzer.c,true,0,/usr/bin/gcc -fsyntax-only -fdiagnostics-color=never -std=gnu11 -Werror=implicit-function-declaration -I. -Isrc -Ispng tests/spng_read_fuzzer.c,,NOT_RUN,NOT_RUN,NOT_RUN
C050,libspng,d504fd5f032c5be73616c50def2eff05073a839d,S1_H0,tests/spng_read_fuzzer.c,true,0,/usr/bin/gcc -fsyntax-only -fdiagnostics-color=never -std=gnu11 -Werror=implicit-function-declaration -I. -Isrc -Ispng tests/spng_read_fuzzer.c,,NOT_RUN,NOT_RUN,NOT_RUN
C050,libspng,d504fd5f032c5be73616c50def2eff05073a839d,S1_H1,tests/spng_read_fuzzer.c,true,0,/usr/bin/gcc -fsyntax-only -fdiagnostics-color=never -std=gnu11 -Werror=implicit-function-declaration -I. -Isrc -Ispng tests/spng_read_fuzzer.c,,NOT_RUN,NOT_RUN,NOT_RUN
C051,wuffs,2a32a86a6c62efea72a0c3f15a0d2e0a4777fd86,S0_H0,fuzz/c/std/gif_fuzzer.c,true,0,/usr/bin/gcc -fsyntax-only -fdiagnostics-color=never -std=gnu11 -Werror=implicit-function-declaration -I. fuzz/c/std/gif_fuzzer.c,,NOT_RUN,NOT_RUN,NOT_RUN
C051,wuffs,2a32a86a6c62efea72a0c3f15a0d2e0a4777fd86,S0_H0,fuzz/c/std/zlib_fuzzer.c,true,0,/usr/bin/gcc -fsyntax-only -fdiagnostics-color=never -std=gnu11 -Werror=implicit-function-declaration -I. fuzz/c/std/zlib_fuzzer.c,,NOT_RUN,NOT_RUN,NOT_RUN
C051,wuffs,2a32a86a6c62efea72a0c3f15a0d2e0a4777fd86,S1_H0,fuzz/c/std/gif_fuzzer.c,false,1,/usr/bin/gcc -fsyntax-only -fdiagnostics-color=never -std=gnu11 -Werror=implicit-function-declaration -I. fuzz/c/std/gif_fuzzer.c,"fuzz/c/std/gif_fuzzer.c: In function ‘fuzz’:
fuzz/c/std/gif_fuzzer.c:59:9: error: used struct type value where scalar is required
   59 |     if (z) {
      |         ^
fuzz/c/std/gif_fuzzer.c:60:40: error: incompatible type for argument 1 of ‘wuffs_gif__status__string’
   60 |       return wuffs_gif__status__string(z);
      |                                        ^
      |                                        |
      |                                        wuffs_base__status
In file included from fuzz/c/std/gif_fuzzer.c:46:
fuzz/c/std/../../../release/c/wuffs-unsupported-snapshot.h:6655:47: note: expected ‘int32_t’ {aka ‘int’} but argument is of type ‘wuffs_base__status’
 6655 | const char* wuffs_gif__status__string(int32_t status_code) {
      |                                       ~~~~~~~~^~~~~~~~~~~
fuzz/c/std/gif_fuzzer.c:65:9: error: used struct type value where scalar is required
   65 |     if (z) {
      |         ^
fuzz/c/std/gif_fuzzer.c:66:39: error: incompatible type for argument 1 of ‘wuffs_gif__status__string’
   66 |       ret = wuffs_gif__status__string(z);
      |                                       ^
      |                                       |
      |                                       wuffs_base__status
fuzz/c/std/../../../release/c/wuffs-unsupported-snapshot.h:6655:47: note: expected ‘int32_t’ {aka ‘int’} but argument is of type ‘wuffs_base__status’
 6655 | const char* wuffs_gif__status__string(int32_t status_code) {
      |                                       ~~~~~~~~^~~~~~~~~~~
fuzz/c/std/gif_fuzzer.c:90:9: error: used struct type value where scalar is required
   90 |     if (z) {
      |         ^
fuzz/c/std/gif_fuzzer.c:91:39: error: incompatible type for argument 1 of ‘wuffs_gif__status__string’
   91 |       ret = wuffs_gif__status__string(z);
      |                                       ^
      |                                       |
      |                                       wuffs_base__status
fuzz/c/std/../../../release/c/wuffs-unsupported-snapshot.h:6655:47: note: expected ‘int32_t’ {aka ‘int’} but argument is of type ‘wuffs_base__status’
 6655 | const char* wuffs_gif__status__string(int32_t status_code) {
      |                                       ~~~~~~~~^~~~~~~~~~~
fuzz/c/std/gif_fuzzer.c:99:11: error: used struct type value where scalar is required
   99 |       if (z) {
      |           ^
fuzz/c/std/gif_fuzzer.c:100:16: error: invalid operands to binary == (have ‘wuffs_base__status’ and ‘int’)
  100 |         if ((z == WUFFS_BASE__SUSPENSION_END_OF_DATA) && seen_ok) {
      |                ^~
fuzz/c/std/../../../release/c/wuffs-unsupported-snapshot.h:139:31: error: incompatible types when assigning to type ‘wuffs_base__status’ from type ‘int’
  139 | #define WUFFS_BASE__STATUS_OK 0                                    // 0x00000000
      |                               ^
fuzz/c/std/gif_fuzzer.c:101:15: note: in expansion of macro ‘WUFFS_BASE__STATUS_OK’
  101 |           z = WUFFS_BASE__STATUS_OK;
      |               ^~~~~~~~~~~~~~~~~~~~~
fuzz/c/std/gif_fuzzer.c:103:41: error: incompatible type for argument 1 of ‘wuffs_gif__status__string’
  103 |         ret = wuffs_gif__status__string(z);
      |                                         ^
      |                                         |
      |                                         wuffs_base__status
fuzz/c/std/../../../release/c/wuffs-unsupported-snapshot.h:6655:47: note: expected ‘int32_t’ {aka ‘int’} but argument is of type ‘wuffs_base__status’
 6655 | const char* wuffs_gif__status__string(int32_t status_code) {
      |                                       ~~~~~~~~^~~~~~~~~~~
",NOT_APPLICABLE,NOT_APPLICABLE,NOT_APPLICABLE
C051,wuffs,2a32a86a6c62efea72a0c3f15a0d2e0a4777fd86,S1_H0,fuzz/c/std/zlib_fuzzer.c,false,1,/usr/bin/gcc -fsyntax-only -fdiagnostics-color=never -std=gnu11 -Werror=implicit-function-declaration -I. fuzz/c/std/zlib_fuzzer.c,"fuzz/c/std/zlib_fuzzer.c: In function ‘fuzz’:
fuzz/c/std/zlib_fuzzer.c:54:7: error: used struct type value where scalar is required
   54 |   if (z) {
      |       ^
fuzz/c/std/zlib_fuzzer.c:55:39: error: incompatible type for argument 1 of ‘wuffs_zlib__status__string’
   55 |     return wuffs_zlib__status__string(z);
      |                                       ^
      |                                       |
      |                                       wuffs_base__status
In file included from fuzz/c/std/zlib_fuzzer.c:46:
fuzz/c/std/../../../release/c/wuffs-unsupported-snapshot.h:9575:48: note: expected ‘int32_t’ {aka ‘int’} but argument is of type ‘wuffs_base__status’
 9575 | const char* wuffs_zlib__status__string(int32_t status_code) {
      |                                        ~~~~~~~~^~~~~~~~~~~
fuzz/c/std/zlib_fuzzer.c:71:11: error: invalid operands to binary != (have ‘wuffs_base__status’ and ‘int’)
   71 |     if (z != WUFFS_BASE__SUSPENSION_SHORT_WRITE) {
      |           ^~
fuzz/c/std/zlib_fuzzer.c:72:40: error: incompatible type for argument 1 of ‘wuffs_zlib__status__string’
   72 |       ret = wuffs_zlib__status__string(z);
      |                                        ^
      |                                        |
      |                                        wuffs_base__status
fuzz/c/std/../../../release/c/wuffs-unsupported-snapshot.h:9575:48: note: expected ‘int32_t’ {aka ‘int’} but argument is of type ‘wuffs_base__status’
 9575 | const char* wuffs_zlib__status__string(int32_t status_code) {
      |                                        ~~~~~~~~^~~~~~~~~~~
",NOT_APPLICABLE,NOT_APPLICABLE,NOT_APPLICABLE
C051,wuffs,2a32a86a6c62efea72a0c3f15a0d2e0a4777fd86,S1_H1,fuzz/c/std/gif_fuzzer.c,true,0,/usr/bin/gcc -fsyntax-only -fdiagnostics-color=never -std=gnu11 -Werror=implicit-function-declaration -I. fuzz/c/std/gif_fuzzer.c,,NOT_RUN,NOT_RUN,NOT_RUN
C051,wuffs,2a32a86a6c62efea72a0c3f15a0d2e0a4777fd86,S1_H1,fuzz/c/std/zlib_fuzzer.c,true,0,/usr/bin/gcc -fsyntax-only -fdiagnostics-color=never -std=gnu11 -Werror=implicit-function-declaration -I. fuzz/c/std/zlib_fuzzer.c,,NOT_RUN,NOT_RUN,NOT_RUN
C053,wuffs,53760ce0fd2fca561662d821e87fa748c8b8a1eb,S0_H0,fuzz/c/std/gif_fuzzer.c,true,0,/usr/bin/gcc -fsyntax-only -fdiagnostics-color=never -std=gnu11 -Werror=implicit-function-declaration -I. fuzz/c/std/gif_fuzzer.c,,NOT_RUN,NOT_RUN,NOT_RUN
C053,wuffs,53760ce0fd2fca561662d821e87fa748c8b8a1eb,S0_H0,fuzz/c/std/zlib_fuzzer.c,true,0,/usr/bin/gcc -fsyntax-only -fdiagnostics-color=never -std=gnu11 -Werror=implicit-function-declaration -I. fuzz/c/std/zlib_fuzzer.c,,NOT_RUN,NOT_RUN,NOT_RUN
C053,wuffs,53760ce0fd2fca561662d821e87fa748c8b8a1eb,S1_H0,fuzz/c/std/gif_fuzzer.c,true,0,/usr/bin/gcc -fsyntax-only -fdiagnostics-color=never -std=gnu11 -Werror=implicit-function-declaration -I. fuzz/c/std/gif_fuzzer.c,,NOT_RUN,NOT_RUN,NOT_RUN
C053,wuffs,53760ce0fd2fca561662d821e87fa748c8b8a1eb,S1_H0,fuzz/c/std/zlib_fuzzer.c,true,0,/usr/bin/gcc -fsyntax-only -fdiagnostics-color=never -std=gnu11 -Werror=implicit-function-declaration -I. fuzz/c/std/zlib_fuzzer.c,,NOT_RUN,NOT_RUN,NOT_RUN
C053,wuffs,53760ce0fd2fca561662d821e87fa748c8b8a1eb,S1_H1,fuzz/c/std/gif_fuzzer.c,true,0,/usr/bin/gcc -fsyntax-only -fdiagnostics-color=never -std=gnu11 -Werror=implicit-function-declaration -I. fuzz/c/std/gif_fuzzer.c,,NOT_RUN,NOT_RUN,NOT_RUN
C053,wuffs,53760ce0fd2fca561662d821e87fa748c8b8a1eb,S1_H1,fuzz/c/std/zlib_fuzzer.c,true,0,/usr/bin/gcc -fsyntax-only -fdiagnostics-color=never -std=gnu11 -Werror=implicit-function-declaration -I. fuzz/c/std/zlib_fuzzer.c,,NOT_RUN,NOT_RUN,NOT_RUN
C054,libspng,64688bb70ce8d9c4246df7954d5757f600ac300a,S0_H0,tests/spng_read_fuzzer.cc,true,0,/usr/bin/g++ -fsyntax-only -fdiagnostics-color=never -std=gnu++17 -I. -Isrc -Ispng tests/spng_read_fuzzer.cc,,NOT_RUN,NOT_RUN,NOT_RUN
C054,libspng,64688bb70ce8d9c4246df7954d5757f600ac300a,S1_H0,tests/spng_read_fuzzer.cc,false,1,/usr/bin/g++ -fsyntax-only -fdiagnostics-color=never -std=gnu++17 -I. -Isrc -Ispng tests/spng_read_fuzzer.cc,"tests/spng_read_fuzzer.cc:2:10: fatal error: ../src/spng.h: No such file or directory
    2 | #include ""../src/spng.h""
      |          ^~~~~~~~~~~~~~~
compilation terminated.
",NOT_APPLICABLE,NOT_APPLICABLE,NOT_APPLICABLE
C054,libspng,64688bb70ce8d9c4246df7954d5757f600ac300a,S1_H1,tests/spng_read_fuzzer.cc,true,0,/usr/bin/g++ -fsyntax-only -fdiagnostics-color=never -std=gnu++17 -I. -Isrc -Ispng tests/spng_read_fuzzer.cc,,NOT_RUN,NOT_RUN,NOT_RUN
C055,leptonica,44a6bc61a6ee34470e0070ad48045daf4c9fd7bf,S0_H0,prog/fuzzing/fpix2_fuzzer.cc,true,0,/usr/bin/g++ -fsyntax-only -fdiagnostics-color=never -std=gnu++17 -Isrc -I. prog/fuzzing/fpix2_fuzzer.cc,,NOT_RUN,NOT_RUN,NOT_RUN
C055,leptonica,44a6bc61a6ee34470e0070ad48045daf4c9fd7bf,S1_H0,prog/fuzzing/fpix2_fuzzer.cc,false,1,/usr/bin/g++ -fsyntax-only -fdiagnostics-color=never -std=gnu++17 -Isrc -I. prog/fuzzing/fpix2_fuzzer.cc,"                ^~~~~~~~
prog/fuzzing/fpix2_fuzzer.cc:39:32: error: too many arguments to function ‘DPIX* dpixCopy(DPIX*)’
   39 |     DPIX *dpix_copy3 = dpixCopy(NULL, dpix_payload);
      |                        ~~~~~~~~^~~~~~~~~~~~~~~~~~~~
src/allheaders.h:877:24: note: declared here
  877 | LEPT_DLL extern DPIX * dpixCopy ( DPIX *dpixs );
      |                        ^~~~~~~~
prog/fuzzing/fpix2_fuzzer.cc:48:32: error: too many arguments to function ‘DPIX* dpixCopy(DPIX*)’
   48 |     DPIX *dpix_copy4 = dpixCopy(NULL, dpix_payload);
      |                        ~~~~~~~~^~~~~~~~~~~~~~~~~~~~
src/allheaders.h:877:24: note: declared here
  877 | LEPT_DLL extern DPIX * dpixCopy ( DPIX *dpixs );
      |                        ^~~~~~~~
prog/fuzzing/fpix2_fuzzer.cc:56:32: error: too many arguments to function ‘DPIX* dpixCopy(DPIX*)’
   56 |     DPIX *dpix_copy5 = dpixCopy(NULL, dpix_payload);
      |                        ~~~~~~~~^~~~~~~~~~~~~~~~~~~~
src/allheaders.h:877:24: note: declared here
  877 | LEPT_DLL extern DPIX * dpixCopy ( DPIX *dpixs );
      |                        ^~~~~~~~
prog/fuzzing/fpix2_fuzzer.cc:63:32: error: too many arguments to function ‘DPIX* dpixCopy(DPIX*)’
   63 |     DPIX *dpix_copy6 = dpixCopy(NULL, dpix_payload);
      |                        ~~~~~~~~^~~~~~~~~~~~~~~~~~~~
src/allheaders.h:877:24: note: declared here
  877 | LEPT_DLL extern DPIX * dpixCopy ( DPIX *dpixs );
      |                        ^~~~~~~~
prog/fuzzing/fpix2_fuzzer.cc:70:32: error: too many arguments to function ‘DPIX* dpixCopy(DPIX*)’
   70 |     DPIX *dpix_copy7 = dpixCopy(NULL, dpix_payload);
      |                        ~~~~~~~~^~~~~~~~~~~~~~~~~~~~
src/allheaders.h:877:24: note: declared here
  877 | LEPT_DLL extern DPIX * dpixCopy ( DPIX *dpixs );
      |                        ^~~~~~~~
prog/fuzzing/fpix2_fuzzer.cc:76:32: error: too many arguments to function ‘DPIX* dpixCopy(DPIX*)’
   76 |     DPIX *dpix_copy8 = dpixCopy(NULL, dpix_payload);
      |                        ~~~~~~~~^~~~~~~~~~~~~~~~~~~~
src/allheaders.h:877:24: note: declared here
  877 | LEPT_DLL extern DPIX * dpixCopy ( DPIX *dpixs );
      |                        ^~~~~~~~
prog/fuzzing/fpix2_fuzzer.cc:81:32: error: too many arguments to function ‘FPIX* fpixCopy(FPIX*)’
   81 |     FPIX *fpix_copy1 = fpixCopy(NULL, fpix_payload);
      |                        ~~~~~~~~^~~~~~~~~~~~~~~~~~~~
src/allheaders.h:848:24: note: declared here
  848 | LEPT_DLL extern FPIX * fpixCopy ( FPIX *fpixs );
      |                        ^~~~~~~~
prog/fuzzing/fpix2_fuzzer.cc:90:33: error: too many arguments to function ‘FPIX* fpixCopy(FPIX*)’
   90 |     FPIX *fpix_copy92 = fpixCopy(NULL, fpix_payload);
      |                         ~~~~~~~~^~~~~~~~~~~~~~~~~~~~
src/allheaders.h:848:24: note: declared here
  848 | LEPT_DLL extern FPIX * fpixCopy ( FPIX *fpixs );
      |                        ^~~~~~~~
prog/fuzzing/fpix2_fuzzer.cc:99:32: error: too many arguments to function ‘FPIX* fpixCopy(FPIX*)’
   99 |     FPIX *fpix_copy2 = fpixCopy(NULL, fpix_payload);
      |                        ~~~~~~~~^~~~~~~~~~~~~~~~~~~~
src/allheaders.h:848:24: note: declared here
  848 | LEPT_DLL extern FPIX * fpixCopy ( FPIX *fpixs );
      |                        ^~~~~~~~
prog/fuzzing/fpix2_fuzzer.cc:107:32: error: too many arguments to function ‘FPIX* fpixCopy(FPIX*)’
  107 |     FPIX *fpix_copy3 = fpixCopy(NULL, fpix_payload);
      |                        ~~~~~~~~^~~~~~~~~~~~~~~~~~~~
src/allheaders.h:848:24: note: declared here
  848 | LEPT_DLL extern FPIX * fpixCopy ( FPIX *fpixs );
      |                        ^~~~~~~~
prog/fuzzing/fpix2_fuzzer.cc:118:32: error: too many arguments to function ‘FPIX* fpixCopy(FPIX*)’
  118 |     FPIX *fpix_copy4 = fpixCopy(NULL, fpix_payload);
      |                        ~~~~~~~~^~~~~~~~~~~~~~~~~~~~
src/allheaders.h:848:24: note: declared here
  848 | LEPT_DLL extern FPIX * fpixCopy ( FPIX *fpixs );
      |                        ^~~~~~~~
",NOT_APPLICABLE,NOT_APPLICABLE,NOT_APPLICABLE
C055,leptonica,44a6bc61a6ee34470e0070ad48045daf4c9fd7bf,S1_H1,prog/fuzzing/fpix2_fuzzer.cc,true,0,/usr/bin/g++ -fsyntax-only -fdiagnostics-color=never -std=gnu++17 -Isrc -I. prog/fuzzing/fpix2_fuzzer.cc,,NOT_RUN,NOT_RUN,NOT_RUN
C061,meshoptimizer,4da7fb294a4d2daeeccdaa3d3e61eaed53728b05,S0_H0,tools/codecfuzz.cpp,true,0,/usr/bin/g++ -fsyntax-only -fdiagnostics-color=never -std=gnu++17 -Isrc -I. tools/codecfuzz.cpp,,NOT_RUN,NOT_RUN,NOT_RUN
C061,meshoptimizer,4da7fb294a4d2daeeccdaa3d3e61eaed53728b05,S1_H0,tools/codecfuzz.cpp,false,1,/usr/bin/g++ -fsyntax-only -fdiagnostics-color=never -std=gnu++17 -Isrc -I. tools/codecfuzz.cpp,"tools/codecfuzz.cpp: In function ‘void fuzzRoundtrip(const uint8_t*, size_t, size_t, int)’:
tools/codecfuzz.cpp:29:53: error: too few arguments to function ‘size_t meshopt_encodeVertexBufferLevel(unsigned char*, size_t, const void*, size_t, size_t, int, int)’
   29 |         size_t res = meshopt_encodeVertexBufferLevel(static_cast<unsigned char*>(encoded), bound, data, count, stride, level);
      |                      ~~~~~~~~~~~~~~~~~~~~~~~~~~~~~~~^~~~~~~~~~~~~~~~~~~~~~~~~~~~~~~~~~~~~~~~~~~~~~~~~~~~~~~~~~~~~~~~~~~~~~~~~
In file included from tools/codecfuzz.cpp:1:
tools/../src/meshoptimizer.h:309:35: note: declared here
  309 | MESHOPTIMIZER_EXPERIMENTAL size_t meshopt_encodeVertexBufferLevel(unsigned char* buffer, size_t buffer_size, const void* vertices, size_t vertex_count, size_t vertex_size, int level, int version);
      |                                   ^~~~~~~~~~~~~~~~~~~~~~~~~~~~~~~
tools/codecfuzz.cpp:34:54: error: too few arguments to function ‘size_t meshopt_encodeVertexBufferLevel(unsigned char*, size_t, const void*, size_t, size_t, int, int)’
   34 |         size_t rese = meshopt_encodeVertexBufferLevel(static_cast<unsigned char*>(encoded) + bound - res, res, data, count, stride, level);
      |                       ~~~~~~~~~~~~~~~~~~~~~~~~~~~~~~~^~~~~~~~~~~~~~~~~~~~~~~~~~~~~~~~~~~~~~~~~~~~~~~~~~~~~~~~~~~~~~~~~~~~~~~~~~~~~~~~~~~~~
tools/../src/meshoptimizer.h:309:35: note: declared here
  309 | MESHOPTIMIZER_EXPERIMENTAL size_t meshopt_encodeVertexBufferLevel(unsigned char* buffer, size_t buffer_size, const void* vertices, size_t vertex_count, size_t vertex_size, int level, int version);
      |                                   ^~~~~~~~~~~~~~~~~~~~~~~~~~~~~~~
",NOT_APPLICABLE,NOT_APPLICABLE,NOT_APPLICABLE
C061,meshoptimizer,4da7fb294a4d2daeeccdaa3d3e61eaed53728b05,S1_H1,tools/codecfuzz.cpp,true,0,/usr/bin/g++ -fsyntax-only -fdiagnostics-color=never -std=gnu++17 -Isrc -I. tools/codecfuzz.cpp,,NOT_RUN,NOT_RUN,NOT_RUN
