project,commit_id,parent_commit,timestamp,source_files_changed,harness_files_changed,commit_message,source_added,source_deleted,harness_added,harness_deleted,shared_added_identifiers,static_linkage_score,protocol_cue_score
brotli,ccabf811ffcef087d9f10cf417b05271c2067a82,222564a95d9ab58865a096b8d9f7324ea5f2e03e,2016-12-08T12:55:18+01:00,"[""dec/decode.c""]","[""fuzz/decode_fuzzer.cc"",""fuzz/run_decode_fuzzer.cc""]",Added fuzzer and updated decoder (#475),5,2,89,0,[],7,1
brotli,6ece1d8791a887c1b3fd500435be97d42921cee7,04de756ad2b0a8f58987d415ef520467e3440f20,2017-04-23T14:07:08+02:00,"[""c/common/constants.h"",""c/common/dictionary.c"",""c/common/dictionary.h"",""c/common/version.h"",""c/dec/bit_reader.c"",""c/dec/bit_reader.h"",""c/dec/context.h"",""c/dec/decode.c"",""c/dec/huffman.c"",""c/dec/huffman.h"",""c/dec/port.h"",""c/dec/prefix.h"",""c/dec/state.c"",""c/dec/state.h"",""c/dec/transform.h"",""c/enc/backward_references.c"",""c/enc/backward_references.h"",""c/enc/backward_references_hq.c"",""c/enc/backward_references_hq.h"",""c/enc/backward_references_inc.h"",""c/enc/bit_cost.c"",""c/enc/bit_cost.h"",""c/enc/bit_cost_inc.h"",""c/enc/block_encoder_inc.h"",""c/enc/block_splitter.c"",""c/enc/block_splitter.h"",""c/enc/block_splitter_inc.h"",""c/enc/brotli_bit_stream.c"",""c/enc/brotli_bit_stream.h"",""c/enc/cluster.c"",""c/enc/cluster.h"",""c/enc/cluster_inc.h"",""c/enc/command.h"",""c/enc/compress_fragment.c"",""c/enc/compress_fragment.h"",""c/enc/compress_fragment_two_pass.c"",""c/enc/compress_fragment_two_pass.h"",""c/enc/context.h"",""c/enc/dictionary_hash.c"",""c/enc/dictionary_hash.h"",""c/enc/encode.c"",""c/enc/entropy_encode.c"",""c/enc/entropy_encode.h"",""c/enc/entropy_encode_static.h"",""c/enc/fast_log.h"",""c/enc/find_match_length.h"",""c/enc/hash.h"",""c/enc/hash_forgetful_chain_inc.h"",""c/enc/hash_longest_match64_inc.h"",""c/enc/hash_longest_match_inc.h"",""c/enc/hash_longest_match_quickly_inc.h"",""c/enc/hash_to_binary_tree_inc.h"",""c/enc/histogram.c"",""c/enc/histogram.h"",""c/enc/histogram_inc.h"",""c/enc/literal_cost.c"",""c/enc/literal_cost.h"",""c/enc/memory.c"",""c/enc/memory.h"",""c/enc/metablock.c"",""c/enc/metablock.h"",""c/enc/metablock_inc.h"",""c/enc/port.h"",""c/enc/prefix.h"",""c/enc/quality.h"",""c/enc/ringbuffer.h"",""c/enc/static_dict.c"",""c/enc/static_dict.h"",""c/enc/static_dict_lut.h"",""c/enc/utf8_util.c"",""c/enc/utf8_util.h"",""c/enc/write_bits.h"",""c/include/brotli/decode.h"",""c/include/brotli/encode.h"",""c/include/brotli/port.h"",""c/include/brotli/types.h"",""c/tools/bro.c""]","[""c/fuzz/decode_fuzzer.cc"",""c/fuzz/run_decode_fuzzer.cc""]",Move files & update paths (#541),33231,0,97,0,"[""BrotliDecoderCreateInstance"",""BrotliDecoderDecompressStream"",""BrotliDecoderDestroyInstance"",""BrotliDecoderResult"",""BrotliDecoderState"",""Copyright"",""Distributed"",""Google"",""Make"",""Reserved"",""Rights"",""addend"",""after"",""argc"",""argv"",""avail_in"",""both"",""break"",""brotli"",""cases"",""char"",""check"",""code"",""copy"",""decode"",""decoding"",""detail"",""exit"",""expected"",""extern""]",37,1
brotli,6db17c87f5b7b31c5fba5ef5be0e00edb0c97147,6f7f5a163d76d05abe0708cb18bfb24a873af72e,2023-03-01T16:51:03+00:00,"[""c/common/platform.h"",""c/dec/bit_reader.c"",""c/dec/bit_reader.h"",""c/dec/decode.c"",""c/dec/state.c"",""c/dec/state.h""]","[""c/fuzz/decode_fuzzer.c""]",0.4-1.5% decoder speedup,241,220,0,5,[],1,1
brotli,6ee96e291db87ccea9b8451a23de0aa0d93d194d,e252f1fc155cf62d147766a33734b0ce0a4caf30,2023-07-03T19:13:24+00:00,"[""c/common/platform.h""]","[""c/fuzz/decode_fuzzer.c""]",Internal changes,7,2,5,0,[],1,1
c-ares,f4c079d9d0254da3658a0ffd58eed78ad7deedc6,d5146a6a4d9469ab0ee7252abda92db842ea49c2,2021-01-13T17:42:00-05:00,"[""src/lib/ares_create_query.c"",""src/lib/ares_nameser.h""]","[""test/ares-test-fuzz-name.c""]",more portability updates,28,9,1,1,[],0,1
c-ares,9ac7efc382686ccc10220039f70a6f218de40aa9,ccebec8303ff8b4ce0ef199ca3faa6c2e6a6af1a,2021-08-10T14:30:39+02:00,"[""include/ares.h"",""src/lib/Makefile.inc"",""src/lib/ares_data.c"",""src/lib/ares_data.h"",""src/lib/ares_nameser.h"",""src/lib/ares_parse_uri_reply.c"",""src/tools/adig.c""]","[""test/ares-test-fuzz.c""]",Add support for URI(Uniform Resource Identifier) records. (#411),233,5,4,0,"[""ares_free_data"",""ares_parse_uri_reply"",""ares_uri_reply""]",12,1
c-ares,c1b00c41a7a1eb27f6d6775a8c1ff52ad0fb8543,903a613f9f72e1509bb04cd57b5f320fe7e4d39e,2023-06-06T10:27:54+02:00,"[""include/ares.h"",""include/ares_dns.h"",""include/ares_nameser.h"",""include/ares_rules.h"",""include/ares_version.h"",""msvc_ver.inc"",""src/lib/Makefile.inc"",""src/lib/ares__addrinfo2hostent.c"",""src/lib/ares__addrinfo_localhost.c"",""src/lib/ares__close_sockets.c"",""src/lib/ares__get_hostent.c"",""src/lib/ares__parse_into_addrinfo.c"",""src/lib/ares__read_line.c"",""src/lib/ares__readaddrinfo.c"",""src/lib/ares__sortaddrinfo.c"",""src/lib/ares__timeval.c"",""src/lib/ares_android.c"",""src/lib/ares_android.h"",""src/lib/ares_cancel.c"",""src/lib/ares_create_query.c"",""src/lib/ares_data.c"",""src/lib/ares_data.h"",""src/lib/ares_destroy.c"",""src/lib/ares_expand_name.c"",""src/lib/ares_expand_string.c"",""src/lib/ares_fds.c"",""src/lib/ares_free_hostent.c"",""src/lib/ares_free_string.c"",""src/lib/ares_freeaddrinfo.c"",""src/lib/ares_getaddrinfo.c"",""src/lib/ares_getenv.c"",""src/lib/ares_getenv.h"",""src/lib/ares_gethostbyaddr.c"",""src/lib/ares_gethostbyname.c"",""src/lib/ares_getnameinfo.c"",""src/lib/ares_getsock.c"",""src/lib/ares_inet_net_pton.h"",""src/lib/ares_init.c"",""src/lib/ares_iphlpapi.h"",""src/lib/ares_ipv6.h"",""src/lib/ares_library_init.c"",""src/lib/ares_llist.c"",""src/lib/ares_llist.h"",""src/lib/ares_mkquery.c"",""src/lib/ares_nowarn.c"",""src/lib/ares_nowarn.h"",""src/lib/ares_options.c"",""src/lib/ares_parse_a_reply.c"",""src/lib/ares_parse_aaaa_reply.c"",""src/lib/ares_parse_caa_reply.c"",""src/lib/ares_parse_mx_reply.c"",""src/lib/ares_parse_naptr_reply.c"",""src/lib/ares_parse_ns_reply.c"",""src/lib/ares_parse_ptr_reply.c"",""src/lib/ares_parse_soa_reply.c"",""src/lib/ares_parse_srv_reply.c"",""src/lib/ares_parse_txt_reply.c"",""src/lib/ares_parse_uri_reply.c"",""src/lib/ares_platform.c"",""src/lib/ares_platform.h"",""src/lib/ares_private.h"",""src/lib/ares_process.c"",""src/lib/ares_query.c"",""src/lib/ares_rand.c"",""src/lib/ares_search.c"",""src/lib/ares_send.c"",""src/lib/ares_setup.h"",""src/lib/ares_strcasecmp.c"",""src/lib/ares_strcasecmp.h"",""src/lib/ares_strdup.c"",""src/lib/ares_strdup.h"",""src/lib/ares_strerror.c"",""src/lib/ares_strsplit.c"",""src/lib/ares_strsplit.h"",""src/lib/ares_timeout.c"",""src/lib/ares_version.c"",""src/lib/ares_writev.c"",""src/lib/ares_writev.h"",""src/lib/bitncmp.c"",""src/lib/bitncmp.h"",""src/lib/config-dos.h"",""src/lib/config-win32.h"",""src/lib/inet_net_pton.c"",""src/lib/inet_ntop.c"",""src/lib/setup_once.h"",""src/lib/windows_port.c"",""src/tools/Makefile.inc"",""src/tools/acountry.c"",""src/tools/adig.c"",""src/tools/ahost.c"",""src/tools/ares_getopt.c"",""src/tools/ares_getopt.h""]","[""test/ares-fuzz.c"",""test/ares-test-fuzz-name.c"",""test/ares-test-fuzz.c""]",provide SPDX identifiers and a REUSE CI job to verify,236,13,51,0,"[""Copyright"",""Identifier"",""License"",""Permission"",""about"",""above"",""advertising"",""appear"",""ares"",""both"",""copies"",""copy"",""copyright"",""distribute"",""distribution"",""documentation"",""express"",""granted"",""hereby"",""implied"",""makes"",""modify"",""name"",""notice"",""permission"",""pertaining"",""prior"",""project"",""provided"",""publicity""]",37,1
c-ares,3b10e571dabadfc9eedd6351874e255c69bfb7af,9feea5df3515aba160dab70ea69a4a0de28e7d75,2023-10-15T14:42:12-04:00,"[""src/lib/ares__addrinfo2hostent.c"",""src/lib/ares__addrinfo_localhost.c"",""src/lib/ares__close_sockets.c"",""src/lib/ares__parse_into_addrinfo.c"",""src/lib/ares__readaddrinfo.c"",""src/lib/ares__sortaddrinfo.c"",""src/lib/ares__timeval.c"",""src/lib/ares_create_query.c"",""src/lib/ares_destroy.c"",""src/lib/ares_expand_name.c"",""src/lib/ares_expand_string.c"",""src/lib/ares_fds.c"",""src/lib/ares_getaddrinfo.c"",""src/lib/ares_gethostbyaddr.c"",""src/lib/ares_gethostbyname.c"",""src/lib/ares_getnameinfo.c"",""src/lib/ares_getsock.c"",""src/lib/ares_init.c"",""src/lib/ares_options.c"",""src/lib/ares_parse_a_reply.c"",""src/lib/ares_parse_aaaa_reply.c"",""src/lib/ares_parse_caa_reply.c"",""src/lib/ares_parse_mx_reply.c"",""src/lib/ares_parse_naptr_reply.c"",""src/lib/ares_parse_ns_reply.c"",""src/lib/ares_parse_ptr_reply.c"",""src/lib/ares_parse_soa_reply.c"",""src/lib/ares_parse_srv_reply.c"",""src/lib/ares_parse_txt_reply.c"",""src/lib/ares_parse_uri_reply.c"",""src/lib/ares_platform.c"",""src/lib/ares_private.h"",""src/lib/ares_process.c"",""src/lib/ares_query.c"",""src/lib/ares_rand.c"",""src/lib/ares_search.c"",""src/lib/ares_send.c"",""src/lib/ares_strerror.c"",""src/lib/bitncmp.c"",""src/lib/bitncmp.h"",""src/lib/inet_net_pton.c"",""src/tools/adig.c"",""src/tools/ahost.c""]","[""test/ares-fuzz.c"",""test/ares-test-fuzz-name.c"",""test/ares-test-fuzz.c""]",Fix internal datatype usage and warnings (#573),753,634,39,30,"[""ares_parse_caa_reply"",""ares_parse_mx_reply"",""ares_parse_naptr_reply"",""ares_parse_ns_reply"",""ares_parse_ptr_reply"",""ares_parse_soa_reply"",""ares_parse_srv_reply"",""ares_parse_uri_reply"",""ares_ssize_t"",""buflen"",""char"",""count"",""host"",""long"",""memcpy"",""sizeof"",""unsigned""]",37,1
c-ares,1549415228e00ba6ab2645b8b79688d0f6d9b0e0,81110eebedc1e55fbfe56cd70825aa275cd02a2e,2023-10-15T20:22:07-04:00,"[""include/ares.h"",""include/ares_dns.h"",""include/ares_nameser.h"",""include/ares_rules.h"",""include/ares_version.h"",""src/lib/ares__addrinfo2hostent.c"",""src/lib/ares__addrinfo_localhost.c"",""src/lib/ares__buf.c"",""src/lib/ares__buf.h"",""src/lib/ares__close_sockets.c"",""src/lib/ares__get_hostent.c"",""src/lib/ares__htable.c"",""src/lib/ares__htable.h"",""src/lib/ares__htable_asvp.c"",""src/lib/ares__htable_asvp.h"",""src/lib/ares__htable_stvp.c"",""src/lib/ares__htable_stvp.h"",""src/lib/ares__llist.c"",""src/lib/ares__llist.h"",""src/lib/ares__parse_into_addrinfo.c"",""src/lib/ares__read_line.c"",""src/lib/ares__readaddrinfo.c"",""src/lib/ares__slist.c"",""src/lib/ares__slist.h"",""src/lib/ares__sortaddrinfo.c"",""src/lib/ares__timeval.c"",""src/lib/ares_android.c"",""src/lib/ares_android.h"",""src/lib/ares_cancel.c"",""src/lib/ares_create_query.c"",""src/lib/ares_data.c"",""src/lib/ares_data.h"",""src/lib/ares_destroy.c"",""src/lib/ares_expand_name.c"",""src/lib/ares_expand_string.c"",""src/lib/ares_fds.c"",""src/lib/ares_free_hostent.c"",""src/lib/ares_freeaddrinfo.c"",""src/lib/ares_getaddrinfo.c"",""src/lib/ares_gethostbyaddr.c"",""src/lib/ares_gethostbyname.c"",""src/lib/ares_getnameinfo.c"",""src/lib/ares_getsock.c"",""src/lib/ares_inet_net_pton.h"",""src/lib/ares_init.c"",""src/lib/ares_iphlpapi.h"",""src/lib/ares_ipv6.h"",""src/lib/ares_library_init.c"",""src/lib/ares_nowarn.c"",""src/lib/ares_nowarn.h"",""src/lib/ares_options.c"",""src/lib/ares_parse_a_reply.c"",""src/lib/ares_parse_aaaa_reply.c"",""src/lib/ares_parse_caa_reply.c"",""src/lib/ares_parse_mx_reply.c"",""src/lib/ares_parse_naptr_reply.c"",""src/lib/ares_parse_ns_reply.c"",""src/lib/ares_parse_ptr_reply.c"",""src/lib/ares_parse_soa_reply.c"",""src/lib/ares_parse_srv_reply.c"",""src/lib/ares_parse_txt_reply.c"",""src/lib/ares_parse_uri_reply.c"",""src/lib/ares_platform.c"",""src/lib/ares_private.h"",""src/lib/ares_process.c"",""src/lib/ares_query.c"",""src/lib/ares_rand.c"",""src/lib/ares_search.c"",""src/lib/ares_send.c"",""src/lib/ares_setup.h"",""src/lib/ares_str.c"",""src/lib/ares_str.h"",""src/lib/ares_strcasecmp.c"",""src/lib/ares_strsplit.c"",""src/lib/ares_strsplit.h"",""src/lib/ares_timeout.c"",""src/lib/ares_version.c"",""src/lib/bitncmp.c"",""src/lib/bitncmp.h"",""src/lib/config-dos.h"",""src/lib/config-win32.h"",""src/lib/inet_net_pton.c"",""src/lib/inet_ntop.c"",""src/lib/setup_once.h"",""src/lib/windows_port.c"",""src/tools/acountry.c"",""src/tools/adig.c"",""src/tools/ahost.c"",""src/tools/ares_getopt.c"",""src/tools/ares_getopt.h""]","[""test/ares-fuzz.c"",""test/ares-test-fuzz-name.c"",""test/ares-test-fuzz.c""]",Reformat code using clang-format (#579),19645,19721,60,37,"[""ares_addr6ttl"",""ares_addrttl"",""ares_caa_reply"",""ares_free_data"",""ares_free_hostent"",""ares_mx_reply"",""ares_naptr_reply"",""ares_soa_reply"",""ares_srv_reply"",""ares_txt_reply"",""ares_uri_reply"",""argc"",""argv"",""buflen"",""char"",""count"",""host"",""hostent"",""info"",""long"",""main"",""malloc"",""name"",""unistd"",""unsigned""]",29,-4
c-ares,8293a05f6340748e34ccb81957534f966c0aca85,b417a79b9bb314acb9e97ca022603109b5870a9e,2024-06-22T12:39:40-04:00,"[""src/lib/ares__close_sockets.c"",""src/lib/ares__threads.c"",""src/lib/ares__timeval.c"",""src/lib/ares_metrics.c"",""src/lib/ares_private.h"",""src/lib/ares_process.c"",""src/lib/ares_rand.c"",""src/lib/ares_send.c"",""src/lib/ares_timeout.c""]","[""test/ares-test-fuzz.c""]",cleanup more warnings due to new compiler flags,40,46,2,2,[],-5,1
c-ares,f09f0a021be2b2ab28f67763bbc2956c79910e98,69473eb1e4ac3da6d9817795bb3ecc1c47908387,2024-09-03T20:18:04-04:00,"[""src/lib/Makefile.inc"",""src/lib/ares_addrinfo2hostent.c"",""src/lib/ares_addrinfo_localhost.c"",""src/lib/ares_cancel.c"",""src/lib/ares_close_sockets.c"",""src/lib/ares_conn.h"",""src/lib/ares_cookie.c"",""src/lib/ares_destroy.c"",""src/lib/ares_freeaddrinfo.c"",""src/lib/ares_getaddrinfo.c"",""src/lib/ares_gethostbyaddr.c"",""src/lib/ares_gethostbyname.c"",""src/lib/ares_getnameinfo.c"",""src/lib/ares_hosts_file.c"",""src/lib/ares_init.c"",""src/lib/ares_metrics.c"",""src/lib/ares_options.c"",""src/lib/ares_parse_into_addrinfo.c"",""src/lib/ares_platform.c"",""src/lib/ares_platform.h"",""src/lib/ares_private.h"",""src/lib/ares_process.c"",""src/lib/ares_qcache.c"",""src/lib/ares_query.c"",""src/lib/ares_search.c"",""src/lib/ares_send.c"",""src/lib/ares_socket.c"",""src/lib/ares_sortaddrinfo.c"",""src/lib/ares_sysconfig.c"",""src/lib/ares_sysconfig_files.c"",""src/lib/ares_sysconfig_mac.c"",""src/lib/ares_sysconfig_win.c"",""src/lib/ares_timeout.c"",""src/lib/ares_update_servers.c"",""src/lib/dsa/ares_array.c"",""src/lib/dsa/ares_htable.c"",""src/lib/dsa/ares_htable.h"",""src/lib/dsa/ares_htable_asvp.c"",""src/lib/dsa/ares_htable_strvp.c"",""src/lib/dsa/ares_htable_szvp.c"",""src/lib/dsa/ares_htable_vpvp.c"",""src/lib/dsa/ares_llist.c"",""src/lib/dsa/ares_slist.c"",""src/lib/dsa/ares_slist.h"",""src/lib/event/ares_event.h"",""src/lib/event/ares_event_configchg.c"",""src/lib/event/ares_event_epoll.c"",""src/lib/event/ares_event_kqueue.c"",""src/lib/event/ares_event_poll.c"",""src/lib/event/ares_event_select.c"",""src/lib/event/ares_event_thread.c"",""src/lib/event/ares_event_win32.c"",""src/lib/include/ares_array.h"",""src/lib/include/ares_buf.h"",""src/lib/include/ares_htable_asvp.h"",""src/lib/include/ares_htable_strvp.h"",""src/lib/include/ares_htable_szvp.h"",""src/lib/include/ares_htable_vpvp.h"",""src/lib/include/ares_llist.h"",""src/lib/include/ares_str.h"",""src/lib/inet_net_pton.c"",""src/lib/legacy/ares_expand_name.c"",""src/lib/legacy/ares_expand_string.c"",""src/lib/legacy/ares_fds.c"",""src/lib/legacy/ares_getsock.c"",""src/lib/legacy/ares_parse_a_reply.c"",""src/lib/legacy/ares_parse_aaaa_reply.c"",""src/lib/legacy/ares_parse_txt_reply.c"",""src/lib/record/ares_dns_multistring.c"",""src/lib/record/ares_dns_multistring.h"",""src/lib/record/ares_dns_name.c"",""src/lib/record/ares_dns_parse.c"",""src/lib/record/ares_dns_private.h"",""src/lib/record/ares_dns_record.c"",""src/lib/record/ares_dns_write.c"",""src/lib/str/ares_buf.c"",""src/lib/str/ares_str.c"",""src/lib/str/ares_strsplit.c"",""src/lib/str/ares_strsplit.h"",""src/lib/util/ares__threads.h"",""src/lib/util/ares_iface_ips.c"",""src/lib/util/ares_iface_ips.h"",""src/lib/util/ares_math.c"",""src/lib/util/ares_math.h"",""src/lib/util/ares_rand.c"",""src/lib/util/ares_rand.h"",""src/lib/util/ares_threads.c"",""src/lib/util/ares_threads.h"",""src/lib/util/ares_time.h"",""src/lib/util/ares_timeval.c"",""src/tools/adig.c""]","[""test/ares-test-fuzz.c""]","Remove `ares__` prefix, just use `ares_` (#872)",12714,2054,91,72,"[""ares_buf"",""ares_buf_append_byte"",""ares_buf_append_num_dec"",""ares_buf_append_num_hex"",""ares_buf_append_str"",""ares_buf_create"",""ares_buf_destroy"",""ares_buf_finish_str"",""ares_buf_t"",""ares_dns_class_tostr"",""ares_dns_rec_type_tostr"",""ares_dns_record_get_flags"",""ares_dns_record_get_id"",""ares_dns_record_get_rcode"",""ares_dns_record_query_get"",""ares_dns_record_rr_cnt"",""ares_dns_record_t"",""ares_dns_rr_get_addr"",""ares_dns_rr_get_addr6"",""ares_dns_rr_get_class"",""ares_dns_rr_get_name"",""ares_dns_rr_get_str"",""ares_dns_rr_get_ttl"",""ares_dns_rr_get_type"",""ares_dns_rr_get_u16"",""ares_dns_rr_get_u32"",""ares_dns_rr_get_u8"",""ares_inet_ntop"",""char"",""dnsrec""]",37,3
c-ares,9dd78e2f23a4c5f87d1cb6bd5c7126f48b0b89de,b3b5d0b81d106cf5f3f4999b7d499e95159e90af,2024-09-16T11:02:05-04:00,"[""src/lib/Makefile.inc"",""src/lib/ares_private.h"",""src/lib/ares_search.c"",""src/lib/ares_sysconfig_files.c"",""src/lib/ares_update_servers.c"",""src/lib/dsa/ares_htable_dict.c"",""src/lib/include/ares_buf.h"",""src/lib/include/ares_htable_dict.h"",""src/lib/include/ares_str.h"",""src/lib/str/ares_buf.c"",""src/lib/str/ares_str.c"",""src/lib/str/ares_strsplit.c"",""src/lib/util/ares_uri.c"",""src/lib/util/ares_uri.h""]","[""test/ares-test-fuzz-name.c"",""test/ares-test-fuzz.c""]",URI parser/writer for ares_set_servers_csv()/ares_get_servers_csv() (#882),2825,200,30,1,"[""already"",""char"",""default"",""free"",""memcpy"",""name"",""query"",""scheme"",""this"",""unsigned""]",31,1
c-ares,4a721bac3c528305ba7fa1576578b15ee660b09f,0e835b1f2929d42915bbff16f64d4bc201f9f47e,2025-01-08T19:51:06-05:00,"[""src/lib/ares_ipv6.h"",""src/lib/ares_sysconfig_win.c"",""src/lib/config-win32.h"",""src/lib/event/ares_event.h"",""src/lib/event/ares_event_configchg.c"",""src/lib/event/ares_event_epoll.c"",""src/lib/event/ares_event_kqueue.c"",""src/lib/event/ares_event_poll.c"",""src/lib/event/ares_event_select.c"",""src/lib/event/ares_event_thread.c"",""src/lib/event/ares_event_wake_pipe.c"",""src/lib/event/ares_event_win32.c"",""src/lib/util/ares_iface_ips.c""]","[""test/ares-fuzz.c""]",Port: restore Windows XP minimal support (#958),104,51,1,1,[],2,1
c-ares,5d7abd1f8c0626445026712082e7e4b7835263a4,eeea1991b04d19615e8f6fc3e2673c7704456f09,2025-01-08T19:51:06-05:00,"[""src/lib/ares_ipv6.h"",""src/lib/ares_sysconfig_win.c"",""src/lib/config-win32.h"",""src/lib/event/ares_event.h"",""src/lib/event/ares_event_configchg.c"",""src/lib/event/ares_event_epoll.c"",""src/lib/event/ares_event_kqueue.c"",""src/lib/event/ares_event_poll.c"",""src/lib/event/ares_event_select.c"",""src/lib/event/ares_event_thread.c"",""src/lib/event/ares_event_wake_pipe.c"",""src/lib/event/ares_event_win32.c"",""src/lib/util/ares_iface_ips.c""]","[""test/ares-fuzz.c""]",Port: restore Windows XP minimal support (#958),104,51,1,1,[],2,1
leptonica,187250bda910463f5a3f718b2c7a537102e68005,105d7eb6e0406b005334dee4da6258cf90b7aa40,2020-06-05T11:58:40-07:00,"[""src/readbarcode.c"",""src/readfile.c""]","[""prog/fuzzing/enhance_fuzzer.cc""]",Issue 23091 and 23092 in oss-fuzz: divide by zero and uninitialized value * Also changed enhance_fuzzer to use Spix input.,5,3,2,2,[],5,3
leptonica,8b06c6b77c92b5649753415c31c6792eaa88a0cb,ce1550eb85087788b79b3218f9440794c65704e1,2020-09-21T12:37:50-07:00,"[""prog/binarizefiles.c"",""prog/hardlight_reg.c"",""prog/rasteroptest.c"",""prog/subpixel_reg.c"",""src/rop.c"",""src/roplow.c""]","[""prog/fuzzing/pix4_fuzzer.cc""]","Fix oss-fuzz issue 24134: dewarp_fuzzer: rasterop buffer overflow. * The bitblit (rasterop) operations gave the correct result, because the   bits read from a word beyond the image were masked out and not used.   But the memory sanitizers (e.g., valgrand) noticed the read error. * This also fixed an illegal 4 byte read (leptonica issue #534),   found by Nam Le Duc. * Also fix pix4_fuzzer.c. * Also remove unused variables from 4 prog functions. * Add instructions for building fuzzers to README.html.",136,65,1,1,[],6,3
leptonica,44a6bc61a6ee34470e0070ad48045daf4c9fd7bf,634aeae359ec6bc97a64b8ce5ddcf52e792d36ca,2020-10-27T18:05:37-07:00,"[""src/allheaders.h"",""src/dewarp3.c"",""src/fpix1.c"",""src/fpix2.c""]","[""prog/fuzzing/fpix2_fuzzer.cc""]","Simplify fpixCopy() and dpixCopy() * only allow new image * removed fpixResizeImageData() and dpixResizeImageData(). * simplified fpixEndianByteSwap() and dpixEndianByteSwap() * simplified fpixLinearCombination() and dpixLinearCombination() * simplified fpixRotate180(), fpixFlipLR() and fpixFlipTB() * modified fpix2_fuzzer.cc",57,244,18,24,"[""dpixCopy"",""fpixCopy""]",13,3
leptonica,45b3395d4fb37999ef1eacce3cfaccd29cc2e19f,93b4c471c7a84579bb016a8a53e2b9e15b1aa636,2020-11-04T17:09:26-08:00,"[""src/bilateral.c""]","[""prog/fuzzing/adaptmap_fuzzer.cc""]",Issue 26971: bilateral_fuzzer: Null-dereference READ in bilateralCreate * also removed unnecessary pix1 from adaptmap_fuzzer.cc (related to   issue 26967),9,1,0,12,[],5,3
leptonica,4cb5129c2a9eea3e836bbcd2439ad6077f994dd0,5a6b84b59c3bb8b330f37ad515262a2367201018,2020-11-18T21:28:07-08:00,"[""src/jpegio.c""]","[""prog/fuzzing/pix_rotate_shear_fuzzer.cc""]",Fix oss-fuzz issue 27592: pix_rotate_shear_fuzzer: uninit in jpeg library * Also fix comment about jpeg reading hint with bad data.,8,6,3,2,"[""jpeg""]",8,-4
leptonica,989e05e68f3006d7c4356b0050f0faf64445f4bf,4cb5129c2a9eea3e836bbcd2439ad6077f994dd0,2020-11-21T17:50:11-08:00,"[""src/sarray1.c""]","[""prog/fuzzing/dewarp_fuzzer.cc""]",Fix oss-fuzz issue 27691: dewarp_fuzzer: uninit value in genPathname * do proper arg checking in getFilenamesInDirectory() * don't ask for debug output with fuzzer,21,7,2,1,"[""requires""]",8,3
leptonica,688a4466c9d1cecbd99c811057c2f6570216b43a,15334407524a77c392289900cf5c7fa60a8d4e77,2020-12-31T14:19:19-08:00,"[""prog/string_reg.c"",""src/allheaders.h"",""src/sarray1.c""]","[""prog/fuzzing/enhance_fuzzer.cc""]",New function that uniformly concatenates sets of strings in an sarray. * added test in prog/string_reg.c,92,3,13,22,[],3,1
leptonica,c3b2f15c4316b1d76243df6588c86a1bfa6f54fe,db15a2136cdfc9108fe60cb7fe847310bcc057d8,2021-01-06T21:24:21-08:00,"[""src/enhance.c"",""src/finditalic.c"",""src/pdfio2.c""]","[""prog/fuzzing/enhance_fuzzer.cc""]",Oss-fuzz issue 29117: finditalic_fuzzer: heap overflow * substituteObjectNumbers() was not checking array bounds * also fixed enhance_fuzzer.cc * also fixed documentation in enhance.c,27,7,1,3,"[""pixTRCMapGeneral""]",8,1
leptonica,a0b59604bcf24b13af168fa45d54bbedab1d3d5d,0665ff28f9e9df91565ee09438a30d47232ad2eb,2021-01-27T15:10:15-08:00,"[""prog/alltests_reg.c"",""prog/binmorph6_reg.c"",""prog/dwamorph1_reg.c"",""src/fhmtauto.c"",""src/fmorphauto.c"",""src/sel1.c"",""sw.cpp""]","[""prog/fuzzing/flipdetect_fuzzer.cc"",""prog/fuzzing/morph_fuzzer.cc"",""prog/fuzzing/pix3_fuzzer.cc""]","Fix issue 29819: Heap-buffer-overflow in fdilate_1_56 * Illegal use of a function; fix documentation to reflect this. * Fix some bugs in flipdetect_fuzzer and pix3_fuzzer. * Limit size of sel generated from a template pix. * Remove large output data in dwamorph1_reg, unless display is requested * Added new reg test: binmorph6_reg.c",158,35,14,28,"[""box1"",""boxCreate"",""boxDestroy"",""feyn"",""fract"",""l_int32"",""pix1"",""pixClipRectangle"",""pixCloseSafe"",""pixRead"",""selname""]",40,3
leptonica,fa531852dcee67c75519df0c9818a4fcf220984f,a0b59604bcf24b13af168fa45d54bbedab1d3d5d,2021-01-27T21:50:47-08:00,"[""prog/alltests_reg.c"",""prog/flipdetect_reg.c"",""prog/rotate1_reg.c"",""prog/rotate2_reg.c"",""src/allheaders.h"",""src/flipdetect.c"",""sw.cpp""]","[""prog/fuzzing/flipdetect_fuzzer.cc""]","Remove all dwa code for flip detection. * This has didactic value, but it's not even twice as fast as rasterop   morphology.  On a 8 Mpixel image, rasterop is 0.37 sec, dwa is 0.21. * So the added complexity is not worth the cost, especially for this   single case application. * The dwa code, including that in fliphmtgen.c, has been put in a   new file: flipdetectdwa.c.notused; it is not compiled in the library. * Likewise, the file prog/flipselgen.c is renamed flipselgen.c.notused,   and is no longer compiled in. * prog/flipdetect_reg.c is now an actual regression test.",74,393,3,2,"[""l_float32"",""pixOrientCorrect""]",1,3
leptonica,dd624408b002a0f10192179c5c43872c05c3be53,eac4feabfa619b738a4b6098bd0ec7f61646fa9b,2021-10-27T21:47:50-07:00,"[""src/tiffio.c""]","[""prog/fuzzing/boxfunc5_fuzzer.cc""]","In fopenTiffMemstream(), catch failure to open the stream. Also fix fuzzing/boxafunc5_fuzzer.cc, which has out-of-date functions.",20,7,4,11,[],5,1
leptonica,f201a12680befcf6f49877f3cd1aba2c18c00301,ea2bb8c9cf61d3eba2589cfaac05f59a33b4110d,2021-12-09T12:10:20-08:00,"[""prog/cleanpdf.c""]","[""prog/fuzzing/pix_rotate_shear_fuzzer.cc""]",Attempt to fix oss-fuzz issue 42151 * Also remove preprocessor conditionals in prog/cleanpdf.c,4,13,2,1,[],5,3
leptonica,748723a795e48ce0ec0ce2fa78082ef0c62aac9c,a8f9da31004d98e1267860edfda1cb8c9f8b29e9,2022-01-22T15:00:58-08:00,"[""src/pix3.c""]","[""prog/fuzzing/pix3_fuzzer.cc""]","Fix oss-fuzz issue 43841: overflow in pixCountPixels() in pix3_fuzzer.cc * Caused by illegal pointer in the fuzzer program for tab8. * Also fixed the cropping in pixCountPixelsInRect().  It was allowing   an arbitrarily large pix to be made.  No error in counting, but a   waste of heap memory.",7,2,10,6,"[""box1"",""l_int32""]",11,1
libspng,e90c6b8dd3c557d8e18deb26c32c5a866dff0965,370a354711f286298edb922175f7a76d3a9831d2,2018-09-14T02:53:58+03:00,"[""example.c"",""spng.h""]","[""tests/spng_read_fuzzer.cc""]",make the context structure a typedef,52,51,1,1,"[""spng_ctx"",""spng_ctx_new""]",6,3
libspng,a365eb90c6e0a08dfa87d06ae934c56631d1ed4d,6772e90f9b0dc719f55015a1b446e8326fb2b254,2019-02-23T20:46:58+01:00,"[""src/common.h""]","[""tests/spng_read_fuzzer.cc""]",fuzz: fix build,4,0,1,0,[],4,0
libspng,15f35da3f904b8359b84c039ba2bd585f97cb473,a365eb90c6e0a08dfa87d06ae934c56631d1ed4d,2019-02-23T20:55:33+01:00,"[""src/common.h""]","[""tests/spng_read_fuzzer.cc""]",fuzz: fix build v2,0,4,3,1,[],5,1
libspng,264f5c9437b83f90e3aa865d8c65a9c64a9ae325,7cf09d705b55b6432a5b08855468b70052b7f485,2019-02-25T13:25:00+01:00,"[""src/spng.h""]","[""tests/spng_read_fuzzer.cc""]",api: expose unreleased functions with an #ifdef,5,0,1,3,[],3,1
libspng,64688bb70ce8d9c4246df7954d5757f600ac300a,525689c24284d9371370bfd4b10ae99fe0ffa23a,2019-03-14T22:28:29+01:00,"[""spng.c"",""spng.h""]","[""tests/spng_read_fuzzer.cc""]",move code out of src/,3710,0,1,1,"[""spng""]",3,1
libspng,949680795e7de7dea9dd701db0aca15351332e70,d58538e31520fea33e9fb8b1d50cdf69178e53dd,2020-06-20T14:06:08+02:00,"[""spng.c""]","[""tests/spng_read_fuzzer.cc""]",fuzz: fix format handling,1,1,1,1,[],-4,1
libspng,c21b8299781e512ed485cefc02ab617ef0c97fe7,a7d13e9342693ac372229f67d3addd1fdd63d37e,2020-06-24T19:42:37+02:00,"[""spng/spng.c"",""spng/spng.h""]","[""tests/spng_read_fuzzer.cc""]","move source to spng/, install header in subdir (#96)",5258,0,1,1,"[""spng""]",3,-4
libspng,d504fd5f032c5be73616c50def2eff05073a839d,99b5dd5fe0554498fda7ad1142ff71a84337b66a,2020-11-21T22:43:08+01:00,"[""spng/spng.c"",""spng/spng.h""]","[""tests/spng_read_fuzzer.c""]",default to SPNG_CRC_DISCARD for ancillary chunks (#138),58,34,2,1,"[""discard""]",4,1
meshoptimizer,546652c9e64c8a459c1f38032ba01cce03735353,978cca29d9d0bbb58e75b6c4ee6922cdb681648e,2024-12-28T08:38:14-08:00,"[""demo/main.cpp"",""demo/tests.cpp"",""gltf/gltfpack.cpp"",""src/meshoptimizer.h"",""src/vertexcodec.cpp"",""tools/codecbench.cpp"",""tools/codectest.cpp""]","[""tools/codecfuzz.cpp""]",vertexcodec: Change new version from 0xe to 1,22,27,1,1,"[""meshopt_encodeVertexVersion""]",5,3
meshoptimizer,74fd37bd1028331a7e389675e1160aea800bd2f7,fcb317b4bbe13a2d996de712f31a9ce85ca64598,2025-04-21T13:34:40-07:00,"[""demo/main.cpp"",""demo/nanite.cpp"",""demo/tests.cpp"",""src/clusterizer.cpp"",""src/meshoptimizer.h""]","[""tools/clusterfuzz.cpp""]",clusterizer: Expose fill weight as a tunable,13,13,6,6,"[""float"",""indices"",""max_triangles"",""max_vertices"",""meshopt_buildMeshletsSplit"",""min_triangles"",""sizeof""]",24,1
meshoptimizer,4da7fb294a4d2daeeccdaa3d3e61eaed53728b05,57123951b57eb38ab219eaa188ed73cc917f728f,2025-04-29T17:48:35-07:00,"[""demo/main.cpp"",""demo/tests.cpp"",""src/meshoptimizer.h"",""src/vertexcodec.cpp"",""tools/codectest.cpp""]","[""tools/codecfuzz.cpp""]",vertexcodec: Add version argument to encodeVertexBufferLevel,11,9,2,2,"[""char"",""count"",""level"",""meshopt_encodeVertexBufferLevel"",""stride"",""unsigned""]",21,7
meshoptimizer,92822f05e4ac2d9e8c87410f18144a1a976ac53a,c62bd03b317a322dfc1eb0072b14ceb01faf8fc8,2025-06-11T14:06:58-07:00,"[""demo/main.cpp"",""demo/nanite.cpp"",""demo/tests.cpp"",""src/clusterizer.cpp"",""src/meshoptimizer.h""]","[""tools/clusterfuzz.cpp""]",Rename buildMeshletsSplit to buildMeshletsSpatial,25,25,6,6,"[""float"",""indices"",""max_triangles"",""max_vertices"",""meshopt_buildMeshletsSpatial"",""min_triangles"",""sizeof""]",14,1
wuffs,82a48796c8f6223a1d75a17324970351a66ca4b8,e700bcd4f897b5d6512c6c59880770a5903a8541,2018-04-05T17:09:33+10:00,"[""cmd/wuffs-c/internal/cgen/base-header.h"",""cmd/wuffs-c/internal/cgen/base-impl.h"",""gen/c/std/crc32.c"",""gen/c/std/deflate.c"",""gen/c/std/gif.c"",""gen/c/std/gzip.c"",""gen/c/std/zlib.c"",""gen/h/std/crc32.h"",""gen/h/std/deflate.h"",""gen/h/std/gif.h"",""gen/h/std/gzip.h"",""gen/h/std/zlib.h"",""std/deflate/decode_deflate.wuffs"",""std/gif/decode_gif.wuffs""]","[""fuzz/c/std/gif_fuzzer.cc""]","Add pixel_format, image_buffer, etc. definitions",4806,412,1,1,"[""wuffs_base__image_config__is_valid""]",-3,1
wuffs,97aab3746204e2700d10b8ae94e50656cfd00924,82a48796c8f6223a1d75a17324970351a66ca4b8,2018-04-05T20:49:48+10:00,"[""cmd/wuffs-c/internal/cgen/base-header.h"",""cmd/wuffs-c/internal/cgen/base-impl.h"",""gen/c/std/crc32.c"",""gen/c/std/deflate.c"",""gen/c/std/gif.c"",""gen/c/std/gzip.c"",""gen/c/std/zlib.c"",""gen/h/std/crc32.h"",""gen/h/std/deflate.h"",""gen/h/std/gif.h"",""gen/h/std/gzip.h"",""gen/h/std/zlib.h"",""script/wuffs-deflate-decoder-decode-huffman.c"",""std/deflate/decode_deflate.wuffs"",""std/deflate/decode_huffman_fast.wuffs"",""std/deflate/decode_huffman_slow.wuffs"",""std/gif/decode_gif.wuffs"",""std/gif/decode_lzw.wuffs"",""std/gzip/decode_gzip.wuffs"",""std/zlib/decode_zlib.wuffs""]","[""fuzz/c/fuzzlib/fuzzlib.cc"",""fuzz/c/std/gif_fuzzer.cc"",""fuzz/c/std/zlib_fuzzer.cc""]","Rename buf1, reader1, etc to io_buffer, io_reader",432,453,13,13,"[""uint8_t"",""wuffs_base__io_buffer"",""wuffs_base__io_reader"",""wuffs_base__io_writer""]",5,3
wuffs,035b138cb13cba44fc9d496365710def0270e057,977f1fe64dfe65e2d28f01ba0907cc0863326c60,2018-04-27T17:20:10+10:00,"[""gen/c/std/adler32.c"",""gen/c/std/zlib.c"",""gen/h/std/adler32.h"",""gen/h/std/zlib.h"",""script/bench-c-deflate-fragmentation.c"",""std/adler32/common_adler32.wuffs"",""std/zlib/decode_zlib.wuffs""]","[""fuzz/c/std/zlib_fuzzer.cc""]",Spin out a std/adler32 package,2962,129,1,0,"[""adler32""]",3,0
wuffs,8827e222b1e48c0631da7168231cfd27d2da9625,eecdaba4e86dbc654326c2608ebcf0b4a1abac2a,2018-04-27T20:54:44+10:00,"[""cmd/wuffs-c/internal/cgen/base-header.h"",""gen/c/std/adler32.c"",""gen/c/std/crc32.c"",""gen/c/std/deflate.c"",""gen/c/std/gif.c"",""gen/c/std/gzip.c"",""gen/c/std/zlib.c"",""gen/h/std/adler32.h"",""gen/h/std/crc32.h"",""gen/h/std/deflate.h"",""gen/h/std/gif.h"",""gen/h/std/gzip.h"",""gen/h/std/zlib.h"",""script/bench-c-deflate-fragmentation.c""]","[""fuzz/c/fuzzlib/fuzzlib.cc"",""fuzz/c/std/gif_fuzzer.cc"",""fuzz/c/std/zlib_fuzzer.cc""]","Add wuffs_base__io_buffer__{reader,writer} funcs",236,2,3,3,"[""dst_writer"",""wuffs_base__io_buffer__reader"",""wuffs_base__io_buffer__writer"",""wuffs_base__io_writer""]",15,3
wuffs,2301c763c36f77b1a2fa42b4fae915ddb94e3db0,33ca57b5535e34211a3b08fa413a43e2c4e12b4d,2018-05-18T09:42:24+10:00,"[""gen/c/std/gif.c"",""gen/h/std/gif.h"",""std/gif/decode_gif.wuffs""]","[""fuzz/c/std/gif_fuzzer.c""]",Add a base.image_buffer arg to decode_frame,21,10,1,1,"[""wuffs_gif__decoder__decode_frame""]",5,5
wuffs,5badfef3130395f8acb5eba952152b95f44736fd,c5362d64135b8b44f159b466526411f4f3c68452,2018-05-29T08:41:42+10:00,"[""gen/c/std/gif.c"",""gen/h/std/gif.h"",""std/gif/decode_gif.wuffs""]","[""fuzz/c/std/gif_fuzzer.c""]",Remove unused base.io_writer arg,4,10,1,10,[],1,5
wuffs,87ab36f8c42cefa18b35407277aad81bbc44c6ed,d59eec7936fb44eb753fa0759c059adda770bc2b,2018-05-29T14:20:27+10:00,"[""cmd/wuffs-c/internal/cgen/base-impl.h"",""gen/c/std/adler32.c"",""gen/c/std/crc32.c"",""gen/c/std/deflate.c"",""gen/c/std/gif.c"",""gen/c/std/gzip.c"",""gen/c/std/zlib.c"",""gen/h/std/adler32.h"",""gen/h/std/crc32.h"",""gen/h/std/deflate.h"",""gen/h/std/gif.h"",""gen/h/std/gzip.h"",""gen/h/std/zlib.h""]","[""fuzz/c/std/gif_fuzzer.c"",""fuzz/c/std/zlib_fuzzer.c""]",Have check_wuffs_version take the sizeof receiver,158,214,7,7,"[""sizeof"",""wuffs_gif__decoder"",""wuffs_gif__decoder__check_wuffs_version"",""wuffs_zlib__decoder"",""wuffs_zlib__decoder__check_wuffs_version""]",16,3
wuffs,5b08ad2ba64b7d6d53c67cce2cf4e1b486d81d79,1211e16e3c0c1f8944062484a4b502db4a774746,2018-05-29T21:59:50+10:00,"[""gen/c/std/adler32.c"",""gen/c/std/crc32.c"",""gen/c/std/deflate.c"",""gen/c/std/gif.c"",""gen/c/std/gzip.c"",""gen/c/std/zlib.c"",""gen/h/std/adler32.h"",""gen/h/std/crc32.h"",""gen/h/std/deflate.h"",""gen/h/std/gif.h"",""gen/h/std/gzip.h"",""gen/h/std/zlib.h""]","[""fuzz/c/std/gif_fuzzer.c"",""fuzz/c/std/zlib_fuzzer.c""]",Change the order of check_wuffs_version args,116,116,2,2,"[""sizeof""]",4,9
wuffs,6d510bcfcb7e9a3d1d7b5ad35343e0559af28622,3e1cdd1a83b64ad1af923c2a36352157797eb177,2018-06-02T14:15:09+10:00,"[""gen/c/std/gif.c"",""gen/c/std/lzw.c"",""gen/h/std/gif.h"",""gen/h/std/lzw.h"",""std/gif/decode_gif.wuffs"",""std/lzw/decode_lzw.wuffs""]","[""fuzz/c/std/gif_fuzzer.c""]",Spin out a std/lzw package,3805,349,1,0,[],0,0
wuffs,df96e483419a156b5fdcea4974ffd23896bc8efd,a1ed77cc352434b90847f659b92d0fe708b600b3,2018-06-10T09:37:30+10:00,"[""cmd/wuffs-c/internal/cgen/base/base-public.h"",""gen/c/base.c"",""gen/c/std/adler32.c"",""gen/c/std/crc32.c"",""gen/c/std/deflate.c"",""gen/c/std/gif.c"",""gen/c/std/gzip.c"",""gen/c/std/lzw.c"",""gen/c/std/zlib.c"",""gen/h/std/adler32.h"",""gen/h/std/crc32.h"",""gen/h/std/deflate.h"",""gen/h/std/gif.h"",""gen/h/std/gzip.h"",""gen/h/std/lzw.h"",""gen/h/std/zlib.h""]","[""fuzz/c/fuzzlib/fuzzlib.c""]",Rename some #ifndef WUFFS_BASE_HEADER_H guards,69,69,1,1,"[""ifndef""]",-5,-4
wuffs,43bb14e88612c217911af353e780595b40bed828,2ac2424e77480bfa9725c2c6fdc33c1e8c615150,2018-06-10T21:22:41+10:00,"[""cmd/wuffs-c/internal/cgen/base/base-public.h"",""gen/c/base.c"",""gen/c/std/adler32.c"",""gen/c/std/crc32.c"",""gen/c/std/deflate.c"",""gen/c/std/gif.c"",""gen/c/std/gzip.c"",""gen/c/std/lzw.c"",""gen/c/std/zlib.c"",""gen/h/std/adler32.h"",""gen/h/std/crc32.h"",""gen/h/std/deflate.h"",""gen/h/std/gif.h"",""gen/h/std/gzip.h"",""gen/h/std/lzw.h"",""gen/h/std/zlib.h""]","[""fuzz/c/std/gif_fuzzer.c"",""fuzz/c/std/zlib_fuzzer.c""]",Redo the encoding of error codes,1031,970,2,0,[],0,3
wuffs,d770e879abc17a16de7ee111d22f0d5d8654d3f5,699bae15d26da84efdc3ccf67946824418b2c234,2018-06-10T21:40:43+10:00,"[""gen/c/std/adler32.c"",""gen/c/std/crc32.c"",""gen/c/std/deflate.c"",""gen/c/std/gif.c"",""gen/c/std/gzip.c"",""gen/c/std/lzw.c"",""gen/c/std/zlib.c"",""gen/h/std/adler32.h"",""gen/h/std/crc32.h"",""gen/h/std/deflate.h"",""gen/h/std/gif.h"",""gen/h/std/gzip.h"",""gen/h/std/lzw.h"",""gen/h/std/zlib.h""]","[""fuzz/c/std/gif_fuzzer.c"",""fuzz/c/std/zlib_fuzzer.c""]",Remove the wuffs_foo__status types,181,312,2,2,"[""wuffs_base__status""]",4,7
wuffs,50a955317ad6bf337cacec491dc1f1db87201be5,d770e879abc17a16de7ee111d22f0d5d8654d3f5,2018-06-10T22:05:06+10:00,"[""cmd/wuffs-c/internal/cgen/templates.h"",""gen/c/std/adler32.c"",""gen/c/std/crc32.c"",""gen/c/std/deflate.c"",""gen/c/std/gif.c"",""gen/c/std/gzip.c"",""gen/c/std/lzw.c"",""gen/c/std/zlib.c"",""gen/h/std/adler32.h"",""gen/h/std/crc32.h"",""gen/h/std/deflate.h"",""gen/h/std/gif.h"",""gen/h/std/gzip.h"",""gen/h/std/lzw.h"",""gen/h/std/zlib.h""]","[""fuzz/c/std/gif_fuzzer.c"",""fuzz/c/std/zlib_fuzzer.c""]",Remove the WUFFS_FOO__STATUS_ETC names,108,545,3,3,[],1,5
wuffs,3d035df9085418f518d037431be47a3111ba04ff,156cea5a7098a910af91eefe9fb56eec1f885873,2018-06-11T08:55:28+10:00,"[""gen/c/std/gif.c"",""gen/h/std/gif.h"",""std/gif/decode_gif.wuffs""]","[""fuzz/c/std/gif_fuzzer.c""]",Add a std/gif decode_frame work_buffer arg,7,4,2,1,"[""wuffs_base__slice_u8""]",6,7
wuffs,26ce04ab643c6a9b3284616ded671fae9b987a58,bc702b4c2b579ee63baf9d15cfe582b6d6fbd810,2018-06-11T10:42:29+10:00,"[""cmd/wuffs-c/internal/cgen/base/base-public.h"",""gen/c/base.c"",""gen/c/std/adler32.c"",""gen/c/std/crc32.c"",""gen/c/std/deflate.c"",""gen/c/std/gif.c"",""gen/c/std/gzip.c"",""gen/c/std/lzw.c"",""gen/c/std/zlib.c"",""gen/h/std/adler32.h"",""gen/h/std/crc32.h"",""gen/h/std/deflate.h"",""gen/h/std/gif.h"",""gen/h/std/gzip.h"",""gen/h/std/lzw.h"",""gen/h/std/zlib.h""]","[""fuzz/c/std/gif_fuzzer.c""]",have image_buffer.set_from_slice return an error,210,177,5,2,"[""wuffs_base__image_buffer__set_from_slice""]",4,3
wuffs,25a106903f333c7aa8042aab6022513243a16002,11858b97994cdbce38464bece867aa624039dbc0,2018-06-16T08:10:22+10:00,"[""cmd/wuffs-c/internal/cgen/base/base-private.h"",""cmd/wuffs-c/internal/cgen/base/base-public.h"",""gen/c/base.c"",""gen/c/std/adler32.c"",""gen/c/std/crc32.c"",""gen/c/std/deflate.c"",""gen/c/std/gif.c"",""gen/c/std/gzip.c"",""gen/c/std/lzw.c"",""gen/c/std/zlib.c"",""gen/h/std/adler32.h"",""gen/h/std/crc32.h"",""gen/h/std/deflate.h"",""gen/h/std/gif.h"",""gen/h/std/gzip.h"",""gen/h/std/lzw.h"",""gen/h/std/zlib.h""]","[""fuzz/c/fuzzlib/fuzzlib.c""]",Have include guards start with WUFFS_INCLUDE_GUARD,144,144,1,1,"[""ifndef""]",3,1
wuffs,a0bafff465c9cb6ce0c236d8e02ee26dc9ca4955,85c4de47b990def743d8e94883733914b40ee523,2018-07-14T08:59:36+10:00,"[""cmd/wuffs-c/internal/cgen/base/base-impl.c"",""gen/c/base.c"",""gen/c/std/adler32.c"",""gen/c/std/adler32.h"",""gen/c/std/crc32.c"",""gen/c/std/crc32.h"",""gen/c/std/deflate.c"",""gen/c/std/deflate.h"",""gen/c/std/gif.c"",""gen/c/std/gif.h"",""gen/c/std/gzip.c"",""gen/c/std/gzip.h"",""gen/c/std/lzw.c"",""gen/c/std/lzw.h"",""gen/c/std/zlib.c"",""gen/c/std/zlib.h"",""release/c/unsupported-snapshot.h"",""release/c/wuffs-v0.2.h"",""release/c/wuffs-v0.2/wuffs-v0.2.h"",""script/bench-c-deflate-fragmentation.c""]","[""fuzz/c/fuzzlib/fuzzlib.c"",""fuzz/c/std/gif_fuzzer.c"",""fuzz/c/std/zlib_fuzzer.c""]","Ship as a ""single file C library""",18581,16378,20,9,"[""Wuffs"",""before"",""blob"",""compiling"",""docs"",""error"",""file"",""files"",""github"",""header"",""https"",""ifndef"",""implementation"",""instead"",""library"",""like"",""master"",""nothings"",""release"",""ships"",""single"",""snapshot"",""stb_howto"",""that"",""this"",""unsupported""]",37,-4
wuffs,dcda30b96a9239910d7f50e937518d81cf75dc1c,7e4b244208731d928952930cb6b3cc5ca3103456,2018-07-15T17:49:04+10:00,"[""release/c/unsupported-snapshot.h"",""std/gif/decode_gif.wuffs""]","[""fuzz/c/std/gif_fuzzer.c""]",Rename decode_config to decode_image_config,24,24,1,1,"[""wuffs_gif__decoder__decode_image_config""]",-5,3
wuffs,1c75f7b748aef5717dc4e7197681d2974a55ff1b,4e70498189677af18ae4f4191b1b4bfb2fcb6739,2018-07-21T09:15:33+10:00,"[""cmd/wuffs-c/internal/cgen/base/image-public.h"",""release/c/unsupported-snapshot.h"",""std/gif/decode_gif.wuffs""]","[""fuzz/c/std/gif_fuzzer.c""]","Redo {frame,image,pixel}_config and pixel_buffer",787,440,8,5,"[""pixbuf_size"",""wuffs_base__frame_config"",""wuffs_base__image_config__pixel_config"",""wuffs_base__pixel_buffer"",""wuffs_base__pixel_buffer__set_from_slice"",""wuffs_base__pixel_config__pixbuf_size"",""wuffs_base__slice_u8"",""wuffs_gif__decoder__decode_frame""]",25,5
wuffs,bc82e51371c283d2a04b8467c8e002e56596cc95,1c75f7b748aef5717dc4e7197681d2974a55ff1b,2018-07-21T09:20:10+10:00,"[""release/c/wuffs-unsupported-snapshot.h"",""script/bench-c-deflate-fragmentation.c""]","[""fuzz/c/std/gif_fuzzer.c"",""fuzz/c/std/zlib_fuzzer.c""]",Rename wuffs-unsupported-snapshot.h,9666,1,2,2,"[""release"",""snapshot"",""unsupported"",""wuffs""]",7,1
wuffs,9514b12c7f0a36a4bbab178d0d5fcb1b87a34011,004706d430c8b1e5f647ad531897416786329111,2018-07-21T21:45:33+10:00,"[""release/c/wuffs-unsupported-snapshot.h"",""std/gif/decode_gif.wuffs""]","[""fuzz/c/std/gif_fuzzer.c""]",Spin decode_frame_config out of decode_frame,341,124,2,3,"[""wuffs_base__slice_u8"",""wuffs_gif__decoder__decode_frame""]",7,3
wuffs,951d79fa0084eab72ad0462421353d82225df330,adba763a02e11eeab9d0745c064e07296a8bc755,2018-07-22T17:27:29+10:00,"[""release/c/wuffs-unsupported-snapshot.h"",""std/gif/decode_gif.wuffs""]","[""fuzz/c/std/gif_fuzzer.c""]",Reorder decode_frame args,15,15,2,2,"[""wuffs_base__slice_u8"",""wuffs_gif__decoder__decode_frame""]",7,7
wuffs,3c50ada2c662c257050f9e44cb1f066e3cf9b2be,af7b15bc17ea5707cb7d6f7bdea232bc2a940df0,2018-07-26T17:12:19+00:00,"[""script/bench-c-deflate-fragmentation.c"",""std/gif/decode_gif.wuffs""]","[""fuzz/c/std/gif_fuzzer.c"",""fuzz/c/std/zlib_fuzzer.c""]",Fixed Spelling.,2,2,2,2,"[""accommodate"",""building"",""doesn"",""easily"",""environment"",""program"",""that"",""this""]",25,-4
wuffs,fd43e777bc570440d197ead1ee2f8bddb4e01254,845ffbeb863ff88103393a799fb3bf6c805bf9bc,2018-08-05T22:29:54+10:00,"[""cmd/wuffs-c/internal/cgen/base/base-private.h"",""cmd/wuffs-c/internal/cgen/base/base-public.h"",""release/c/wuffs-unsupported-snapshot.h""]","[""fuzz/c/std/gif_fuzzer.c"",""fuzz/c/std/zlib_fuzzer.c""]",Have check_wuffs_version return a status code,216,195,24,18,"[""sizeof"",""wuffs_base__status"",""wuffs_gif__decoder__check_wuffs_version"",""wuffs_zlib__decoder__check_wuffs_version""]",13,7
wuffs,2a32a86a6c62efea72a0c3f15a0d2e0a4777fd86,9c0b2d2f5c3004114fbb5633b501e0e90d389576,2018-08-11T13:27:29+10:00,"[""cmd/wuffs-c/internal/cgen/base/base-impl.c"",""cmd/wuffs-c/internal/cgen/base/base-private.h"",""cmd/wuffs-c/internal/cgen/base/base-public.h"",""cmd/wuffs-c/internal/cgen/base/image-public.h"",""release/c/wuffs-unsupported-snapshot.h""]","[""fuzz/c/std/gif_fuzzer.c"",""fuzz/c/std/zlib_fuzzer.c""]","Make the status type a struct, not an int32_t",493,400,14,14,"[""code"",""wuffs_gif__status__string"",""wuffs_zlib__status__string""]",10,5
wuffs,b840c80040069a1ec7bc953656f68ef8bc62d1b3,e0311e3bb2a5af8a865c4c27cccfaa8d8f313a06,2018-08-12T16:05:14+10:00,"[""cmd/wuffs-c/internal/cgen/base/base-private.h"",""cmd/wuffs-c/internal/cgen/base/base-public.h"",""cmd/wuffs-c/internal/cgen/base/image-public.h"",""release/c/wuffs-unsupported-snapshot.h""]","[""fuzz/c/std/gif_fuzzer.c"",""fuzz/c/std/zlib_fuzzer.c""]","Make the status type a const char*, not a struct",369,470,14,16,"[""exit"",""goto"",""wuffs_base__suspension__end_of_data"",""wuffs_base__suspension__short_write""]",13,5
wuffs,5e8801d86611c4df0dbe2de69734e2901adc0840,10ae70448fe9e7d86bff850229910287551069d0,2018-08-18T12:29:28+10:00,"[""cmd/wuffs-c/internal/cgen/base/image-public.h"",""release/c/wuffs-unsupported-snapshot.h""]","[""fuzz/c/std/gif_fuzzer.c""]",Promote pixcfg field out of private_impl,20,252,2,3,"[""pixcfg""]",4,1
wuffs,9c04249bfec848b890e61b302efbb5925e8338a8,54e5ea7f1546eae032b0090552462ae6203d2210,2018-08-26T23:22:45+10:00,"[""cmd/wuffs-c/internal/cgen/base/base-public.h"",""release/c/wuffs-unsupported-snapshot.h"",""std/gif/decode_gif.wuffs""]","[""fuzz/c/std/gif_fuzzer.c""]",Add warnings as another status code category,29,22,1,1,"[""wuffs_base__warning__end_of_data""]",5,3
wuffs,8b1e023e6aaba1235bfdd8603d26e768dc87db5b,a3269e160e1a4de2dc632ea6c621a7162a9497ed,2018-09-02T14:56:53+10:00,"[""cmd/wuffs-c/internal/cgen/base/image-public.h"",""release/c/wuffs-unsupported-snapshot.h"",""std/gif/decode_gif.wuffs""]","[""fuzz/c/std/gif_fuzzer.c""]",Add image_config.work_buffer_size,57,1,22,1,"[""exit"",""goto"",""max_incl"",""wuffs_base__image_config__work_buffer_size""]",15,3
wuffs,555a72d7a9e0fa3a2ecc810b2af820252f9c4fdf,8b1e023e6aaba1235bfdd8603d26e768dc87db5b,2018-09-02T15:08:00+10:00,"[""cmd/wuffs-c/internal/cgen/base/image-public.h"",""release/c/wuffs-unsupported-snapshot.h"",""std/gif/decode_gif.wuffs""]","[""fuzz/c/std/gif_fuzzer.c""]",Add a decode_frame_options type,51,18,3,2,"[""wuffs_gif__decoder__decode_frame""]",6,5
wuffs,ca940b0c56c1523141b1b175ed1ca1157dbc93ad,5bf7c5c051aaed4b8149d4b2891a41775af3f7a9,2018-09-08T08:47:34+10:00,"[""cmd/wuffs-c/internal/cgen/base/image-public.h"",""release/c/wuffs-unsupported-snapshot.h""]","[""fuzz/c/std/gif_fuzzer.c""]",Rename pixbuf_size to pixbuf_len,8,8,12,10,"[""pixbuf_len"",""wuffs_base__pixel_config__pixbuf_len""]",-1,1
wuffs,fbbdc412d1b15cede204f882e89f55c84aaddb15,ca940b0c56c1523141b1b175ed1ca1157dbc93ad,2018-09-08T09:06:56+10:00,"[""cmd/wuffs-c/internal/cgen/base/image-public.h"",""release/c/wuffs-unsupported-snapshot.h"",""std/gif/decode_gif.wuffs""]","[""fuzz/c/std/gif_fuzzer.c""]",Rename work_buffer_size to workbuf_len,51,52,9,10,"[""max_incl"",""workbuf_len"",""wuffs_base__image_config__workbuf_len""]",2,5
wuffs,180ce5e4813514c96def18d0b1a528b6b56326f1,399a7af6ef40f67976fc217407f1f210c90ecf29,2018-09-09T21:31:37+10:00,"[""cmd/wuffs-c/internal/cgen/base/base-public.h"",""release/c/wuffs-unsupported-snapshot.h""]","[""fuzz/c/std/gif_fuzzer.c""]",Add wuffs_base__malloc_slice_uxx functions,152,0,14,28,"[""malloc"",""wuffs_base__malloc_slice_u8"",""wuffs_base__slice_u8""]",12,1
wuffs,6fed251b40016ac70f2f32cd443f1fb89136bc05,2e804c8f2002d1581dc6cf776f251b310be772a2,2018-09-15T08:45:50+10:00,"[""cmd/wuffs-c/internal/cgen/base/base-private.h"",""cmd/wuffs-c/internal/cgen/base/base-public.h"",""release/c/wuffs-unsupported-snapshot.h""]","[""fuzz/c/fuzzlib/fuzzlib.c"",""fuzz/c/std/zlib_fuzzer.c""]",Split an io_buffer's fields into data and meta,285,190,20,8,"[""closed"",""meta"",""uint8_t"",""wuffs_base__io_buffer"",""wuffs_base__io_buffer_meta"",""wuffs_base__slice_u8""]",19,5
wuffs,fc1002cb89df52c0f9e08421bf38d5862444e62d,4023294ba27b7a67e6b86b1d48a321c26286972e,2018-11-17T21:52:26+11:00,"[""release/c/wuffs-unsupported-snapshot.h"",""std/gif/decode_gif.wuffs""]","[""fuzz/c/std/gif_fuzzer.c""]",Implement gif.decoder.workbuf_len,9,5,1,1,"[""max_incl""]",5,3
wuffs,04c91f1410fc2cf7836926feb174f83722e24069,b0429923fc13eb08757f5344d1f2751e9a7ee3bd,2018-12-22T15:29:00+11:00,"[""release/c/wuffs-unsupported-snapshot.c"",""release/c/wuffs-v0.2.c""]","[""fuzz/c/std/gif_fuzzer.c"",""fuzz/c/std/zlib_fuzzer.c""]",Generate .c files instead of .h files,21023,0,2,2,"[""release"",""unsupported"",""wuffs""]",10,1
wuffs,dd94ad3821f1e7b6d9c9018069285638e99212fe,ce96837b4014e62357081fdb8a168c8479eb80c5,2018-12-28T16:14:03+11:00,"[""script/wuffs-deflate-decoder-decode-huffman.c""]","[""fuzz/c/std/gif_fuzzer.c"",""fuzz/c/std/zlib_fuzzer.c""]","Rename z variable to status, in C code",7,5,20,20,[],-7,3
wuffs,16e97281e2f06058b16314365937354a9ff1dd14,abeff31736112d833a877456af88e045398d1e46,2019-01-12T10:29:41+11:00,"[""release/c/wuffs-unsupported-snapshot.c"",""std/deflate/decode_deflate.wuffs"",""std/gif/decode_gif.wuffs"",""std/gzip/decode_gzip.wuffs"",""std/lzw/decode_lzw.wuffs"",""std/zlib/decode_zlib.wuffs""]","[""fuzz/c/std/zlib_fuzzer.c""]",Rename some decode methods to decode_io_writer,103,94,2,1,"[""wuffs_zlib__decoder__decode_io_writer""]",-4,1
wuffs,670b45be53be4c6ddd4d5183b307092ea041915e,fc66207b5913bfafe45bde6d597e9902163ca147,2019-02-02T08:10:08+11:00,"[""script/adler32-standalone.c"",""script/bench-c-deflate-fragmentation.c"",""script/wuffs-deflate-decoder-decode-huffman.c""]","[""fuzz/c/std/gif_fuzzer.c"",""fuzz/c/std/zlib_fuzzer.c""]","Add some ""horizontal rule"" comment lines",8,2,4,0,[],3,-4
wuffs,c9830ceb9afd598be1d3d0693b39b17a26ce6cbc,91f7f4b70a576947aa9558dd7d68e2c8dbb95628,2019-02-02T15:35:05+11:00,"[""cmd/wuffs-c/internal/cgen/base/core-public.h"",""release/c/wuffs-unsupported-snapshot.c"",""std/deflate/decode_deflate.wuffs"",""std/gif/decode_gif.wuffs"",""std/gzip/decode_gzip.wuffs"",""std/lzw/decode_lzw.wuffs"",""std/zlib/decode_zlib.wuffs""]","[""fuzz/c/std/zlib_fuzzer.c""]",Add a workbuf argument to decode_io_writer,61,26,8,2,"[""wuffs_base__slice_u8"",""wuffs_zlib__decoder__decode_io_writer""]",9,7
wuffs,5f7c807729c2b3058b512e485c8fc1b1fe3056f2,4af1b88ef8a5a93bb0b7d77fcc41d3a91d171614,2019-02-02T16:17:10+11:00,"[""release/c/wuffs-unsupported-snapshot.c""]","[""fuzz/c/std/zlib_fuzzer.c""]",Generate macros for public scalar consts,10,0,1,1,[],0,1
wuffs,de5b64a84639e5e0f83b6ec3fc737e4463805c11,5f7c807729c2b3058b512e485c8fc1b1fe3056f2,2019-02-02T16:29:54+11:00,"[""release/c/wuffs-unsupported-snapshot.c"",""std/deflate/decode_deflate.wuffs"",""std/gif/decode_gif.wuffs"",""std/gzip/decode_gzip.wuffs"",""std/lzw/decode_lzw.wuffs"",""std/zlib/decode_zlib.wuffs""]","[""fuzz/c/std/zlib_fuzzer.c""]",Rename max_incl_workbuf_len constants,23,23,1,1,[],-8,3
wuffs,fc4abafbe7d9355402a6b97fc05dbe02fc3bb6e7,d9c36922dbaff9082e173eae5a1e5ff247e7728e,2019-02-03T15:44:25+11:00,"[""release/c/wuffs-unsupported-snapshot.c"",""std/deflate/decode_deflate.wuffs"",""std/gif/decode_gif.wuffs"",""std/gzip/decode_gzip.wuffs"",""std/lzw/decode_lzw.wuffs"",""std/zlib/decode_zlib.wuffs""]","[""fuzz/c/std/zlib_fuzzer.c""]",Rename decoder_max_incl_workbuf_len constants,29,29,1,1,[],-8,3
wuffs,0842bc71157ce7a2cc875dea5dcb167b4177cfa8,f8daf3d219f42303eae7bb65a4225acd3b5a9519,2019-02-09T13:56:24+11:00,"[""release/c/wuffs-unsupported-snapshot.c"",""std/gif/decode_gif.wuffs""]","[""fuzz/c/std/gif_fuzzer.c""]",Make the GIF dirty_rect be in the frame_rect,17,8,18,0,"[""dirty_rect"",""error"",""frame_rect""]",10,1
wuffs,53760ce0fd2fca561662d821e87fa748c8b8a1eb,b41f121d2051e49c288c7cbff7a528cf84ef42b8,2019-02-16T14:18:25+11:00,"[""script/bench-c-deflate-fragmentation.c""]","[""fuzz/c/std/gif_fuzzer.c"",""fuzz/c/std/zlib_fuzzer.c""]",Call initialize instead of check_wuffs_version,15,3,10,7,"[""sizeof"",""wuffs_zlib__decoder"",""wuffs_zlib__decoder__initialize""]",10,5
wuffs,d7f434c6e454531c4a029c54f2067701270fe77b,6974c4d62984f76eb67e6c047df2ac4a8c71e6d5,2019-02-23T14:29:16+11:00,"[""release/c/wuffs-unsupported-snapshot.c"",""std/gif/decode_gif.wuffs""]","[""fuzz/c/std/gif_fuzzer.c""]","Have the GIF decoder check for ""not enough data""",15,1,12,6,"[""exit"",""goto""]",7,1
wuffs,aa846d2dd750c4f197a74a11b35e18b65d0f25cf,f34d189236b7ebaabd2fec402638e56cfcd6a00a,2019-07-06T17:23:34+10:00,"[""internal/cgen/base/io-private.h"",""internal/cgen/base/io-public.h"",""release/c/wuffs-unsupported-snapshot.c""]","[""fuzz/c/fuzzlib/fuzzlib.c"",""fuzz/c/std/gif_fuzzer.c"",""fuzz/c/std/zlib_fuzzer.c""]","Remove io_{reader,writer} C types",102,132,8,10,"[""wuffs_base__io_buffer""]",4,5
wuffs,e6db7f6a40dc5ad3517a341f230bc0c7b6891620,c50f16e58bfed7daae92280f689ad766187b97e2,2020-01-05T10:48:20+11:00,"[""hello-wuffs-c/main.c"",""internal/cgen/base/core-private.h"",""internal/cgen/base/core-public.h"",""release/c/wuffs-unsupported-snapshot.c""]","[""fuzz/c/std/gif_fuzzer.c"",""fuzz/c/std/zlib_fuzzer.c""]",Make wuffs_base__status a struct,233,135,18,18,"[""repr"",""wuffs_base__status"",""wuffs_base__status__is_ok"",""wuffs_base__status__message"",""wuffs_base__suspension__short_write""]",16,3
wuffs,0fa32bd09f57f159ca9853e4133d2bfa14c4a79b,0319777ccef90a6b22dbade9dc37db50e1e081bb,2020-01-05T13:14:39+11:00,"[""internal/cgen/base/core-public.h"",""release/c/wuffs-unsupported-snapshot.c""]","[""fuzz/c/std/gif_fuzzer.c""]",Rename warnings to notes,34,39,2,2,"[""repr"",""wuffs_base__note__end_of_data""]",-1,1
wuffs,5f8d2da74f1902509cfed8c6fde3b7f8ef7200f1,ab0b2fd2aae0904ce4f36d818efb0704fe755cc9,2020-01-10T22:06:50+11:00,"[""release/c/wuffs-unsupported-snapshot.c"",""script/bench-c-deflate-fragmentation.c"",""std/deflate/decode_deflate.wuffs"",""std/gif/decode_gif.wuffs"",""std/gzip/decode_gzip.wuffs"",""std/lzw/decode_lzw.wuffs"",""std/zlib/decode_zlib.wuffs""]","[""fuzz/c/std/zlib_fuzzer.c""]",Rename decode_io_writer methods to transform_io,127,134,6,7,"[""work_buffer"",""wuffs_base__slice_u8"",""wuffs_zlib__decoder__transform_io""]",2,3
wuffs,1a791217de297350df5dc6abdb1466504dc10413,8562951be6d374e825f8b0167955bd200175b88b,2020-01-13T21:36:47+11:00,"[""internal/cgen/base/image-impl.c"",""internal/cgen/base/image-public.h"",""release/c/wuffs-unsupported-snapshot.c"",""std/gif/decode_gif.wuffs""]","[""fuzz/c/std/gif_fuzzer.c""]",Add wuffs_base__pixel_blend type,69,22,2,1,"[""workbuf"",""wuffs_gif__decoder__decode_frame""]",9,3
wuffs,2914bae3b278d7b645fe14ddd1e3de46d2ad781c,51b1258b61754cfc617013ef30a8addc3ebcf4e0,2020-02-26T09:40:30+11:00,"[""script/adler32-standalone.c"",""script/bench-c-deflate-fragmentation.c"",""script/mmap-ring-buffer.c"",""script/wuffs-deflate-decoder-decode-huffman.c""]","[""fuzz/c/fuzzlib/fuzzlib.c"",""fuzz/c/std/gif_fuzzer.c"",""fuzz/c/std/zlib_fuzzer.c""]",Re-format C function signatures,36,24,22,11,"[""argc"",""argv"",""char"",""main"",""uint8_t"",""wuffs_base__io_buffer""]",11,-4
wuffs,21682f403fb60fc2fcf7e2e90b9ad235e7efa3dc,6b29f32564f6f60be12091d9bfdf25e81788b60b,2020-02-29T23:11:33+11:00,"[""release/c/wuffs-unsupported-snapshot.c"",""std/json/common_consts.wuffs"",""std/json/decode_json.wuffs""]","[""fuzz/c/fuzzlib/fuzzlib.c"",""fuzz/c/std/json_fuzzer.c""]",Add fuzz/c/std/json_fuzzer.c,31,2,337,0,"[""This"",""bits"",""depth"",""does"",""length"",""limit"",""long"",""meta"",""nested"",""should"",""stack"",""that"",""therefore"",""valid"",""wuffs_base__io_buffer"",""wuffs_base__token_buffer""]",43,1
wuffs,6892095998d2c86f60c69670107696a623812951,f928944d64eb411214993f1096aad134c558bc78,2020-03-03T11:25:18+11:00,"[""script/adler32-standalone.c"",""script/print-json-token-debug-format.c""]","[""fuzz/c/fuzzlib/fuzzlib.c""]",Have C programs handle flags consistently,106,25,50,21,"[""Skip"",""argc"",""argument"",""argv"",""bare"",""bool"",""break"",""cases"",""char"",""continue"",""dash"",""double"",""equivalent"",""flag"",""flags"",""fprintf"",""interpret"",""main"",""means"",""name"",""parse_flags"",""parsing"",""printf"",""program"",""programs"",""remaining_argc"",""remaining_argv"",""single"",""some"",""special""]",37,-4
wuffs,fdac24a42540b8d35bb1236d2657adfeb7356232,01abc847846f8c5a58662080024cd60c87a5fb53,2020-03-06T21:53:08+11:00,"[""script/bench-c-deflate-fragmentation.c"",""script/print-json-token-debug-format.c""]","[""fuzz/c/std/json_fuzzer.c"",""fuzz/c/std/zlib_fuzzer.c""]",Rename FOO_BUFFER_SIZE to FOO_BUFFER_ARRAY_SIZE,35,32,20,17,"[""uint8_t"",""work_buffer_array"",""wuffs_base__slice_u8"",""wuffs_base__token"",""wuffs_zlib__decoder__transform_io""]",8,1
wuffs,3bfed6d81277a84a1b5c81f00c6e1136cb824e2c,59eab68360aec334214460e12bd8bad415337129,2020-03-24T17:44:47+11:00,"[""release/c/wuffs-unsupported-snapshot.c"",""script/print-json-token-debug-format.c"",""std/json/decode_json.wuffs"",""std/json/decode_quirks.wuffs""]","[""fuzz/c/std/json_fuzzer.c""]",Rename std/json quirk_replace_invalid_utf_8,23,23,1,1,[],-8,1
wuffs,f3146c2ea9c816a536b9496cd71f073c6edd8dd8,40d200cdabc4b2e8d7377ba3331357e245edf89f,2020-03-26T08:47:42+11:00,"[""release/c/wuffs-unsupported-snapshot.c"",""script/print-json-token-debug-format.c"",""std/json/common_consts.wuffs"",""std/json/decode_json.wuffs""]","[""fuzz/c/std/json_fuzzer.c"",""fuzz/c/std/zlib_fuzzer.c""]",Add base.token_decoder.workbuf_len,107,14,18,6,"[""This"",""Wuffs"",""allocated"",""allocation"",""allows"",""arrays"",""buffers"",""compilers"",""dynamically"",""either"",""exercises"",""length"",""program"",""statically"",""support"",""uint8_t"",""work"",""work_buffer_array"",""wuffs_base__make_slice_u8"",""wuffs_json__decoder__decode_tokens""]",39,3
wuffs,462f86675d89db5b6f25793c31e5e466943eb4ae,7d684f94ae1fc6444202a7bfa7fb778a293a9c89,2020-04-01T23:01:51+11:00,"[""internal/cgen/base/token-public.h"",""release/c/wuffs-unsupported-snapshot.c""]","[""fuzz/c/std/json_fuzzer.c""]","Add an ""extended token"" concept",110,78,1,1,"[""int64_t"",""wuffs_base__token__value_base_category""]",8,1
wuffs,496e88b6c5c5011de8aa4ceed8dd9de66ca5f27f,2ef3999d6d0e77861de8a049d1a8ac3e14135434,2020-04-09T22:10:08+10:00,"[""internal/cgen/base/token-public.h"",""release/c/wuffs-unsupported-snapshot.c"",""script/print-json-token-debug-format.c"",""std/json/decode_json.wuffs""]","[""fuzz/c/std/json_fuzzer.c""]",Remove wuffs_base__token__link_prev,157,188,3,3,"[""continued"",""wuffs_base__token__continued""]",7,3
wuffs,702c7b299fe041cacd66847b9d963b0b18a570f4,03a87ea3efab89e4819432a880e4eeff02ab71fb,2020-07-22T15:42:54+10:00,"[""internal/cgen/base/strconv-public.h"",""internal/cgen/base/utf8-submodule.c"",""release/c/wuffs-unsupported-snapshot.c""]","[""fuzz/c/std/json_fuzzer.c""]",Let wuffs_base__utf_8__etc take ptr-to-const-u8,78,76,2,2,"[""wuffs_base__ascii__longest_valid_prefix"",""wuffs_base__utf_8__longest_valid_prefix""]",7,1
wuffs,28ef6a786261e02410bb63e95251003c25bb1fb9,2397d029971f1a9bf8f154f3c1f9b762e156c64d,2020-08-10T22:29:08+10:00,"[""release/c/wuffs-unsupported-snapshot.c"",""std/cbor/decode_cbor.wuffs"",""std/json/common_consts.wuffs""]","[""fuzz/c/std/cbor_fuzzer.c"",""fuzz/c/std/json_fuzzer.c""]",Add fuzz/c/std/cbor_fuzzer.c,33,0,419,6,"[""allows"",""arrays"",""depth"",""does"",""length"",""maps"",""nested"",""that"",""will"",""wuffs_base__io_buffer"",""wuffs_base__token_buffer""]",40,1
wuffs,6c138776889418bb155b748630e73f386b57a381,6bc3f5716d8c076e1ae70e59a72916fb70bff13e,2020-08-30T16:15:35+10:00,"[""internal/cgen/auxiliary/json.cc"",""internal/cgen/auxiliary/json.hh"",""release/c/wuffs-unsupported-snapshot.c"",""std/json/decode_json.wuffs"",""std/json/decode_quirks.wuffs""]","[""fuzz/c/std/json_fuzzer.c""]",Drop WUFFS_JSON__QUIRK_ALLOW_BACKSLASH_X_AS_BYTES,126,359,3,7,[],1,1
wuffs,fa50f4de67da25a320584164ed12869603898a16,2912ea8e286a694a980c4d2701a533608e65fb2c,2020-09-21T11:07:36+10:00,"[""release/c/wuffs-unsupported-snapshot.c"",""std/json/decode_json.wuffs"",""std/json/decode_quirks.wuffs""]","[""fuzz/c/std/json_fuzzer.c""]",Add json QUIRK_ALLOW_TRAILING_COMMENT,90,11,1,0,[],2,-5
wuffs,cd4cbc9102e7c58ecd6561d8c2d2055f76de4141,3e8cb4ebf8a0b024549e1086c7ed65d5df0fe8fa,2020-09-22T22:22:15+10:00,"[""release/c/wuffs-unsupported-snapshot.c"",""script/print-json-token-debug-format.c"",""std/json/decode_json.wuffs"",""std/json/decode_quirks.wuffs""]","[""fuzz/c/std/json_fuzzer.c""]",Tweak JSON trailing comment/new-line quirks,144,114,1,2,[],3,-4
wuffs,0de64ee8b77fc14bb19c240f37ff39ab20d1783f,b2fe296a43630823c1ec80c716bed088bd29035e,2021-01-21T22:49:57+11:00,"[""release/c/wuffs-unsupported-snapshot.c"",""std/gzip/decode_gzip.wuffs"",""std/png/decode_png.wuffs"",""std/zlib/decode_zlib.wuffs""]","[""fuzz/c/std/zlib_fuzzer.c""]",Use WUFFS_BASE__QUIRK_IGNORE_CHECKSUM,41,0,2,1,"[""wuffs_zlib__decoder__set_quirk_enabled""]",4,1
wuffs,2f78804e6236e1e0adb0d9b26546824423a38263,07b5e017e10686c12751a46f17a909fa64783ce0,2021-01-23T19:29:19+11:00,"[""script/manual-test-parse-number-f64.cc"",""script/print-json-token-debug-format.c"",""script/process-json-numbers.c"",""std/bmp/decode_bmp.wuffs""]","[""fuzz/c/std/bmp_fuzzer.c"",""fuzz/c/std/cbor_fuzzer.c"",""fuzz/c/std/gif_fuzzer.c"",""fuzz/c/std/json_fuzzer.c"",""fuzz/c/std/png_fuzzer.c"",""fuzz/c/std/zlib_fuzzer.c""]",Use more inclusive language,8,8,20,20,"[""That"",""Wuffs"",""build"",""choose"",""codecs"",""contains"",""entire"",""file"",""implementing"",""library"",""parts"",""release"",""standard"",""variety"",""which""]",37,-4
wuffs,d8796aa6d92adf76e4bbea3ac2d5d7a599491285,a12771373e00ba66805abe28504350d5e22d7728,2021-06-25T23:46:12+10:00,"[""internal/cgen/base/fundamental-public.h"",""release/c/wuffs-unsupported-snapshot.c""]","[""fuzz/c/std/bmp_fuzzer.c"",""fuzz/c/std/cbor_fuzzer.c"",""fuzz/c/std/gif_fuzzer.c"",""fuzz/c/std/json_fuzzer.c"",""fuzz/c/std/png_fuzzer.c""]",Add wuffs_base__uxx__rotate_etc functions,100,0,36,35,"[""wuffs_base__u64__rotate_right""]",6,1
wuffs,d5075c7e9468ad039ca878f8db2ebf49c6dd1668,16b51dd2a4b147ca86597ec7bbdb299e2df3cad5,2021-11-02T14:07:58+11:00,"[""script/adler32-standalone.c"",""script/bench-c-deflate-fragmentation.c"",""script/print-json-token-debug-format.c""]","[""fuzz/c/fuzzlib/fuzzlib.c"",""fuzz/c/std/gif_fuzzer.c"",""fuzz/c/std/json_fuzzer.cc""]","Push ""int i"" into ""for (int i = etc; etc; etc)""",4,8,3,6,"[""quirks""]",4,1
wuffs,6e84987d33f08a26b1d1c5fe2986cd567f1c0673,176cdf752774b90f1d59475983e1e9973ff43e10,2023-04-13T22:59:49+10:00,"[""internal/cgen/auxiliary/cbor.cc"",""internal/cgen/auxiliary/image.cc"",""internal/cgen/auxiliary/json.cc"",""release/c/wuffs-unsupported-snapshot.c"",""script/print-json-token-debug-format.c"",""std/adler32/common_adler32.wuffs"",""std/bmp/decode_bmp.wuffs"",""std/bzip2/decode_bzip2.wuffs"",""std/cbor/decode_cbor.wuffs"",""std/crc32/common_crc32.wuffs"",""std/deflate/decode_deflate.wuffs"",""std/gif/decode_gif.wuffs"",""std/gzip/decode_gzip.wuffs"",""std/json/decode_json.wuffs"",""std/lzw/decode_lzw.wuffs"",""std/nie/decode_nie.wuffs"",""std/png/decode_png.wuffs"",""std/tga/decode_tga.wuffs"",""std/wbmp/decode_wbmp.wuffs"",""std/zlib/decode_zlib.wuffs""]","[""fuzz/c/std/bzip2_fuzzer.c"",""fuzz/c/std/gif_fuzzer.c"",""fuzz/c/std/json_fuzzer.cc"",""fuzz/c/std/zlib_fuzzer.c""]",std: change set_quirk_enabled to set_quirk,572,421,6,6,"[""quirks"",""wuffs_bzip2__decoder__set_quirk"",""wuffs_gif__decoder__set_quirk"",""wuffs_json__decoder__set_quirk"",""wuffs_zlib__decoder__set_quirk""]",16,3
wuffs,94df43c530c8b81e8bd761c40742f6cb75f7f2df,56fae16567de5f5966ee77f6acaf8517cd23e262,2023-05-19T22:32:15+10:00,"[""internal/cgen/base/image-private.h"",""internal/cgen/base/pixconv-submodule-ycck.c"",""release/c/wuffs-unsupported-snapshot.c"",""std/jpeg/decode_jpeg.wuffs""]","[""fuzz/c/std/pixel_swizzler_fuzzer.c""]",std/jpeg: prepare for triangle-filter upsampling,889,287,4,2,"[""bool"",""triangle_filter_for_2to1"",""uint8_t"",""wuffs_base__make_slice_u8""]",13,1
wuffs,8e42e01d3c4a9a95b608d9589d1b55a139e5ea63,6f79c182ea33e30344181598380a537d89925ebc,2023-10-04T18:45:18+11:00,"[""release/c/wuffs-unsupported-snapshot.c"",""script/manual-test-truncated-input.cc"",""script/print-average-pixel.cc"",""script/print-image-metadata.cc"",""std/gif/common_consts.wuffs"",""std/gif/decode_gif.wuffs"",""std/gif/decode_lzw.wuffs"",""std/lzw/decode_lzw.wuffs""]","[""fuzz/c/std/gif_fuzzer.c""]",std/gif: remove the std/lzw dependency,593,73,0,1,[],0,2
wuffs,74a6ea2fcde0eaa9476d4b6bf8004bef966611d2,80b1988237b95e2ac8c8a86953f3b427ec076669,2023-10-05T23:30:42+11:00,"[""hello-wuffs-c/main.c"",""hello-wuffs-c/naive-parse.c"",""hello-wuffs-c/parse.wuffs"",""hello-wuffs-c/wuffs-base.c"",""hello-wuffs-c/wuffs-parse.c"",""internal/cgen/auxiliary/base.cc"",""internal/cgen/auxiliary/base.hh"",""internal/cgen/auxiliary/cbor.cc"",""internal/cgen/auxiliary/cbor.hh"",""internal/cgen/auxiliary/image.cc"",""internal/cgen/auxiliary/image.hh"",""internal/cgen/auxiliary/json.cc"",""internal/cgen/auxiliary/json.hh"",""internal/cgen/base/all-impl.c"",""internal/cgen/base/floatconv-submodule-code.c"",""internal/cgen/base/floatconv-submodule-data.c"",""internal/cgen/base/fundamental-private.h"",""internal/cgen/base/fundamental-public.h"",""internal/cgen/base/image-private.h"",""internal/cgen/base/image-public.h"",""internal/cgen/base/intconv-submodule.c"",""internal/cgen/base/io-private.h"",""internal/cgen/base/io-public.h"",""internal/cgen/base/magic-submodule.c"",""internal/cgen/base/memory-private.h"",""internal/cgen/base/memory-public.h"",""internal/cgen/base/pixconv-submodule-regular.c"",""internal/cgen/base/pixconv-submodule-x86-avx2.c"",""internal/cgen/base/pixconv-submodule-ycck.c"",""internal/cgen/base/range-private.h"",""internal/cgen/base/range-public.h"",""internal/cgen/base/strconv-private.h"",""internal/cgen/base/strconv-public.h"",""internal/cgen/base/token-private.h"",""internal/cgen/base/token-public.h"",""internal/cgen/base/utf8-submodule.c"",""release/c/wuffs-unsupported-snapshot.c"",""script/adler32-standalone.c"",""script/bench-c-deflate-fragmentation.c"",""script/manual-test-parse-number-f64.cc"",""script/manual-test-truncated-input.cc"",""script/mmap-ring-buffer.c"",""script/print-average-pixel.cc"",""script/print-image-metadata.cc"",""script/print-json-token-debug-format.c"",""script/process-json-numbers.c"",""script/wuffs-deflate-decoder-decode-huffman.c"",""std/adler32/common_adler32.wuffs"",""std/adler32/common_up_arm_neon.wuffs"",""std/adler32/common_up_x86_sse42.wuffs"",""std/bmp/decode_bmp.wuffs"",""std/bzip2/decode_bzip2.wuffs"",""std/bzip2/decode_flush_fast.wuffs"",""std/bzip2/decode_flush_slow.wuffs"",""std/bzip2/decode_huffman_fast.wuffs"",""std/bzip2/decode_huffman_slow.wuffs"",""std/cbor/decode_cbor.wuffs"",""std/crc32/common_crc32.wuffs"",""std/crc32/common_up_arm_crc32.wuffs"",""std/crc32/common_up_x86_avx2.wuffs"",""std/crc32/common_up_x86_sse42.wuffs"",""std/deflate/common_consts.wuffs"",""std/deflate/decode_deflate.wuffs"",""std/deflate/decode_huffman_bmi2.wuffs"",""std/deflate/decode_huffman_fast32.wuffs"",""std/deflate/decode_huffman_fast64.wuffs"",""std/deflate/decode_huffman_slow.wuffs"",""std/gif/common_consts.wuffs"",""std/gif/decode_gif.wuffs"",""std/gif/decode_lzw.wuffs"",""std/gif/decode_quirks.wuffs"",""std/gzip/decode_gzip.wuffs"",""std/jpeg/common_consts.wuffs"",""std/jpeg/decode_idct_default.wuffs"",""std/jpeg/decode_idct_x86_avx2.wuffs"",""std/jpeg/decode_jpeg.wuffs"",""std/jpeg/decode_load_smooth.wuffs"",""std/jpeg/decode_mcu_default.wuffs"",""std/jpeg/decode_mcu_progressive_ac_high_bits.wuffs"",""std/jpeg/decode_mcu_progressive_ac_low_bit.wuffs"",""std/jpeg/decode_mcu_progressive_dc_high_bits.wuffs"",""std/jpeg/decode_mcu_progressive_dc_low_bit.wuffs"",""std/json/common_consts.wuffs"",""std/json/decode_json.wuffs"",""std/json/decode_quirks.wuffs"",""std/lzw/decode_lzw.wuffs"",""std/lzw/decode_quirks.wuffs"",""std/netpbm/decode_netpbm.wuffs"",""std/nie/decode_nie.wuffs"",""std/png/common_consts.wuffs"",""std/png/decode_filter_arm_neon.wuffs"",""std/png/decode_filter_fallback.wuffs"",""std/png/decode_filter_x86_sse42.wuffs"",""std/png/decode_png.wuffs"",""std/png/decode_swizzle_default.wuffs"",""std/png/decode_swizzle_tricky.wuffs"",""std/tga/decode_tga.wuffs"",""std/wbmp/decode_wbmp.wuffs"",""std/xxhash32/common_xxhash32.wuffs"",""std/zlib/decode_quirks.wuffs"",""std/zlib/decode_zlib.wuffs""]","[""fuzz/c/fuzzlib/fuzzlib.c"",""fuzz/c/fuzzlib/fuzzlib_image_decoder.c"",""fuzz/c/std/bmp_fuzzer.c"",""fuzz/c/std/bzip2_fuzzer.c"",""fuzz/c/std/cbor_fuzzer.c"",""fuzz/c/std/gif_fuzzer.c"",""fuzz/c/std/jpeg_fuzzer.c"",""fuzz/c/std/json_fuzzer.cc"",""fuzz/c/std/pixel_swizzler_fuzzer.c"",""fuzz/c/std/png_fuzzer.c"",""fuzz/c/std/tga_fuzzer.c"",""fuzz/c/std/zlib_fuzzer.c""]",all: relicense from Apache2 to dual Apache2/MIT,505,1111,60,132,"[""Apache"",""License"",""Licensed"",""This"",""Version"",""according"",""apache"",""copied"",""distributed"",""except"",""file"",""https"",""license"",""licenses"",""modified"",""opensource"",""option"",""terms"",""those"",""under"",""your""]",37,-9
wuffs,f563f32f8245aad3a5ea56ae3f74ab1643690b78,6381a325eb1b4d521115bc8933c784e13c679fcb,2023-10-06T20:52:36+02:00,"[""hello-wuffs-c/main.c"",""hello-wuffs-c/naive-parse.c"",""hello-wuffs-c/parse.wuffs"",""hello-wuffs-c/wuffs-base.c"",""hello-wuffs-c/wuffs-parse.c"",""internal/cgen/auxiliary/base.cc"",""internal/cgen/auxiliary/base.hh"",""internal/cgen/auxiliary/cbor.cc"",""internal/cgen/auxiliary/cbor.hh"",""internal/cgen/auxiliary/image.cc"",""internal/cgen/auxiliary/image.hh"",""internal/cgen/auxiliary/json.cc"",""internal/cgen/auxiliary/json.hh"",""internal/cgen/base/all-impl.c"",""internal/cgen/base/floatconv-submodule-code.c"",""internal/cgen/base/floatconv-submodule-data.c"",""internal/cgen/base/fundamental-private.h"",""internal/cgen/base/fundamental-public.h"",""internal/cgen/base/image-private.h"",""internal/cgen/base/image-public.h"",""internal/cgen/base/intconv-submodule.c"",""internal/cgen/base/io-private.h"",""internal/cgen/base/io-public.h"",""internal/cgen/base/magic-submodule.c"",""internal/cgen/base/memory-private.h"",""internal/cgen/base/memory-public.h"",""internal/cgen/base/pixconv-submodule-regular.c"",""internal/cgen/base/pixconv-submodule-x86-avx2.c"",""internal/cgen/base/pixconv-submodule-ycck.c"",""internal/cgen/base/range-private.h"",""internal/cgen/base/range-public.h"",""internal/cgen/base/strconv-private.h"",""internal/cgen/base/strconv-public.h"",""internal/cgen/base/token-private.h"",""internal/cgen/base/token-public.h"",""internal/cgen/base/utf8-submodule.c"",""release/c/wuffs-unsupported-snapshot.c"",""release/c/wuffs-v0.4.c"",""script/adler32-standalone.c"",""script/bench-c-deflate-fragmentation.c"",""script/manual-test-parse-number-f64.cc"",""script/manual-test-truncated-input.cc"",""script/mmap-ring-buffer.c"",""script/print-average-pixel.cc"",""script/print-image-metadata.cc"",""script/print-json-token-debug-format.c"",""script/process-json-numbers.c"",""script/wuffs-deflate-decoder-decode-huffman.c"",""std/adler32/common_adler32.wuffs"",""std/adler32/common_up_arm_neon.wuffs"",""std/adler32/common_up_x86_sse42.wuffs"",""std/bmp/decode_bmp.wuffs"",""std/bzip2/decode_bzip2.wuffs"",""std/bzip2/decode_flush_fast.wuffs"",""std/bzip2/decode_flush_slow.wuffs"",""std/bzip2/decode_huffman_fast.wuffs"",""std/bzip2/decode_huffman_slow.wuffs"",""std/cbor/decode_cbor.wuffs"",""std/crc32/common_crc32.wuffs"",""std/crc32/common_up_arm_crc32.wuffs"",""std/crc32/common_up_x86_avx2.wuffs"",""std/crc32/common_up_x86_sse42.wuffs"",""std/deflate/common_consts.wuffs"",""std/deflate/decode_deflate.wuffs"",""std/deflate/decode_huffman_bmi2.wuffs"",""std/deflate/decode_huffman_fast32.wuffs"",""std/deflate/decode_huffman_fast64.wuffs"",""std/deflate/decode_huffman_slow.wuffs"",""std/gif/common_consts.wuffs"",""std/gif/decode_gif.wuffs"",""std/gif/decode_lzw.wuffs"",""std/gif/decode_quirks.wuffs"",""std/gzip/decode_gzip.wuffs"",""std/jpeg/common_consts.wuffs"",""std/jpeg/decode_idct_default.wuffs"",""std/jpeg/decode_idct_x86_avx2.wuffs"",""std/jpeg/decode_jpeg.wuffs"",""std/jpeg/decode_load_smooth.wuffs"",""std/jpeg/decode_mcu_default.wuffs"",""std/jpeg/decode_mcu_progressive_ac_high_bits.wuffs"",""std/jpeg/decode_mcu_progressive_ac_low_bit.wuffs"",""std/jpeg/decode_mcu_progressive_dc_high_bits.wuffs"",""std/jpeg/decode_mcu_progressive_dc_low_bit.wuffs"",""std/json/common_consts.wuffs"",""std/json/decode_json.wuffs"",""std/json/decode_quirks.wuffs"",""std/lzw/decode_lzw.wuffs"",""std/lzw/decode_quirks.wuffs"",""std/netpbm/decode_netpbm.wuffs"",""std/nie/decode_nie.wuffs"",""std/png/common_consts.wuffs"",""std/png/decode_filter_arm_neon.wuffs"",""std/png/decode_filter_fallback.wuffs"",""std/png/decode_filter_x86_sse42.wuffs"",""std/png/decode_png.wuffs"",""std/png/decode_swizzle_default.wuffs"",""std/png/decode_swizzle_tricky.wuffs"",""std/tga/decode_tga.wuffs"",""std/wbmp/decode_wbmp.wuffs"",""std/xxhash32/common_xxhash32.wuffs"",""std/xxhash64/common_xxhash64.wuffs"",""std/zlib/decode_quirks.wuffs"",""std/zlib/decode_zlib.wuffs""]","[""fuzz/c/fuzzlib/fuzzlib.c"",""fuzz/c/fuzzlib/fuzzlib_image_decoder.c"",""fuzz/c/std/bmp_fuzzer.c"",""fuzz/c/std/bzip2_fuzzer.c"",""fuzz/c/std/cbor_fuzzer.c"",""fuzz/c/std/gif_fuzzer.c"",""fuzz/c/std/jpeg_fuzzer.c"",""fuzz/c/std/json_fuzzer.cc"",""fuzz/c/std/pixel_swizzler_fuzzer.c"",""fuzz/c/std/png_fuzzer.c"",""fuzz/c/std/tga_fuzzer.c"",""fuzz/c/std/zlib_fuzzer.c""]",Add SPDX identifier to license headers,206,0,24,0,"[""Apache"",""Identifier"",""License""]",12,-9
wuffs,bdfbdf407e265a9c1b95b9b84d9de5f2ee8044de,0c9b700df0067263a5c025011f628f938a86a496,2024-03-27T19:03:11+11:00,"[""internal/cgen/base/image-public.h"",""internal/cgen/base/pixconv-submodule-regular.c"",""internal/cgen/base/pixconv-submodule-ycck.c"",""release/c/wuffs-unsupported-snapshot.c""]","[""fuzz/c/std/pixel_swizzler_fuzzer.c""]",pixconv: add PIXEL_FORMAT__YA_NONPREMUL support,938,0,1,0,[],-6,0
wuffs,c9fff5b207dd33beb8f2ac70396b33b13abb3ca2,fb769ff82fc01f6f294792f0ae083c8d30b49d61,2024-08-04T23:15:58+10:00,"[""internal/cgen/auxiliary/image.cc"",""internal/cgen/base/fundamental-public.h"",""internal/cgen/base/image-private.h"",""internal/cgen/base/pixconv-submodule-ycck.c"",""release/c/wuffs-unsupported-snapshot.c"",""std/jpeg/decode_jpeg.wuffs"",""std/jpeg/decode_mcu_default.wuffs"",""std/jpeg/decode_mcu_progressive_ac_high_bits.wuffs"",""std/jpeg/decode_mcu_progressive_ac_low_bit.wuffs"",""std/jpeg/decode_mcu_progressive_dc_high_bits.wuffs"",""std/jpeg/decode_mcu_progressive_dc_low_bit.wuffs""]","[""fuzz/c/std/pixel_swizzler_fuzzer.c""]",std/jpeg: add and use WUFFS_BASE__QUIRK_QUALITY,883,322,36,14,"[""bool"",""triangle_filter_for_2to1"",""wuffs_base__u32__min"",""x_max_excl"",""x_min_incl"",""y_max_excl"",""y_min_incl""]",24,1
wuffs,ffb64df0a0b127e20d5eb0e1aab40c29409c0c3e,3215f6afac6cfa0fd649ddc6ccec76b67ce2600e,2024-08-05T00:12:15+10:00,"[""internal/cgen/auxiliary/base.hh"",""internal/cgen/auxiliary/cbor.cc"",""internal/cgen/auxiliary/cbor.hh"",""internal/cgen/auxiliary/image.cc"",""internal/cgen/auxiliary/image.hh"",""internal/cgen/auxiliary/json.cc"",""internal/cgen/auxiliary/json.hh"",""release/c/wuffs-unsupported-snapshot.c""]","[""fuzz/c/std/json_fuzzer.cc""]",aux: add QuirkKeyValuePair type,82,94,2,2,"[""QuirkKeyValuePair"",""quirks""]",9,3
wuffs,85af5a4bed4b59ecc4186e6e5e13ce82119469d1,8924b5f003a8cdefdbd3161460d08863f7142e05,2024-09-08T09:00:10+10:00,"[""internal/cgen/auxiliary/image.cc"",""internal/cgen/auxiliary/image.hh"",""internal/cgen/base/fundamental-public.h"",""internal/cgen/drop-in/stb.c"",""release/c/wuffs-unsupported-snapshot.c"",""script/manual-test-truncated-input.cc"",""script/print-average-pixel.cc"",""script/print-image-metadata.cc"",""std/targa/decode_targa.wuffs""]","[""fuzz/c/std/targa_fuzzer.c""]",std/tga: rename to std/targa,833,189,84,0,"[""Apache"",""Authors"",""Copyright"",""Identifier"",""License"",""Licensed"",""This"",""Version"",""Wuffs"",""according"",""apache"",""char"",""copied"",""defined"",""discussed"",""distributed"",""doesn"",""entire"",""except"",""file"",""have"",""header"",""https"",""information"",""license"",""licenses"",""manually"",""means"",""modified"",""opensource""]",29,1
wuffs,5ec14737f3bd2668a7aeeffd7084a75c23ebbe60,22c3b002ce1deb44d567775f6048a1c446c2e58b,2025-06-10T11:33:08+10:00,"[""internal/cgen/base/pixconv-submodule-regular.c"",""release/c/wuffs-unsupported-snapshot.c""]","[""fuzz/c/std/pixel_swizzler_fuzzer.c""]",pixconv: allow swizzle from PIXEL_FORMAT__Y_16LE,376,0,1,0,[],-8,0
wuffs,eec7d22ea3e43942d2ddad0c16686b53201ced93,1222a6886d411eef802df4000e2858690a71712b,2025-07-15T15:34:48+10:00,"[""internal/cgen/base/image-public.h"",""internal/cgen/base/pixconv-submodule-regular.c"",""release/c/wuffs-unsupported-snapshot.c""]","[""fuzz/c/std/pixel_swizzler_fuzzer.c""]",pixconv: swizzle PIXEL_FORMAT__BGRA_PREMUL_4X16LE,1748,18,1,0,[],-8,0
wuffs,85a0283cfcb446102106a92447f0e98303476acd,e3b5a7d506e0881e33c7804a10bec2611c4f9d0b,2026-07-02T22:32:20+10:00,"[""internal/cgen/base/image-private.h"",""internal/cgen/base/pixconv-submodule-x86-avx2.c"",""internal/cgen/base/pixconv-submodule-ycck.c"",""release/c/wuffs-unsupported-snapshot.c"",""std/jpeg/decode_jpeg.wuffs"",""std/vp8/decode_macroblocks.wuffs""]","[""fuzz/c/std/pixel_swizzler_fuzzer.c""]",base: tweak swizzle_ycck ycc_upsampling parameter,199,55,5,5,"[""uint8_t"",""ycc_upsampling""]",7,1
