baseline,project,n,tp,fp,fn,tn,precision,recall,f1,fpr,specificity
Build-Only,mbedtls,4,0,0,0,4,NOT_ESTIMABLE,NOT_ESTIMABLE,NOT_ESTIMABLE,0.000000,1.000000
Build-Only,solidity,4,0,0,4,0,NOT_ESTIMABLE,0.000000,NOT_ESTIMABLE,NOT_ESTIMABLE,NOT_ESTIMABLE
Build-Only,wuffs,72,10,0,16,46,1.000000,0.384615,0.555556,0.000000,1.000000
Gap-Only,mbedtls,4,0,1,0,3,0.000000,NOT_ESTIMABLE,NOT_ESTIMABLE,0.250000,0.750000
Gap-Only,solidity,4,4,0,0,0,1.000000,1.000000,1.000000,NOT_ESTIMABLE,NOT_ESTIMABLE
Gap-Only,wuffs,72,23,21,3,25,0.522727,0.884615,0.657143,0.456522,0.543478
Evolution-Aware,mbedtls,4,0,0,0,4,NOT_ESTIMABLE,NOT_ESTIMABLE,NOT_ESTIMABLE,0.000000,1.000000
Evolution-Aware,solidity,4,4,0,0,0,1.000000,1.000000,1.000000,NOT_ESTIMABLE,NOT_ESTIMABLE
Evolution-Aware,wuffs,72,20,0,6,46,1.000000,0.769231,0.869565,0.000000,1.000000
