case_id,internal_id,audit_categories,ground_truth_label,positive_type,evidence_summary,prediction
C001,N242,RANDOM_TN,VERIFIED_NEGATIVE,,License-text-only change; no executable source or harness semantics change.,"{""case_id"": ""C001"", ""gap_exists"": false, ""gap_type"": [], ""commit_induced"": ""NO"", ""maintenance_needed"": false, ""confidence"": 100, ""affected_functions"": [], ""reason"": ""The S0-to-S1 diff changes only license-header comments, replacing Apache-2.0 boilerplate with Apache-2.0-or-MIT text. It changes no executable code, entry point, API protocol, state, configuration, input semantics, or attack surface, so S1 + H0 has no material harness gap attributable to this commit."", ""evidence"": [""Every shown production hunk modifies only leading comment lines beginning with `// Licensed under`; no function body or declaration changes are present."", ""Executable identifiers exercised by H0, including `LLVMFuzzerTestOneInput`, `fuzz_image_decoder`, `wuffs_bzip2__decoder__transform_io`, `wuffs_cbor__decoder__decode_tokens`, `wuffs_json__decoder__decode_tokens`, and `wuffs_base__pixel_swizzler__swizzle_ycck`, are unchanged by the diff."", ""The generated source `release/c/wuffs-unsupported-snapshot.c` likewise changes only its copyright/license comment block.""], ""recommended_action"": ""No fuzz-harness maintenance is needed for this commit.""}"
C002,N216,ALL_FN,VERIFIED_SILENT_POSITIVE,VP5,historical oracle placement and three-way run,"{""case_id"": ""C002"", ""gap_exists"": false, ""gap_type"": [], ""commit_induced"": ""NO"", ""maintenance_needed"": false, ""confidence"": 99, ""affected_functions"": [""wuffs_gif__decoder__decode_id_part2"", ""decoder.decode_id_part2"", ""wuffs_gif__decoder__decode_frame""], ""reason"": ""The commit adds an end-of-image-data validation in decoder.decode_id_part2 / wuffs_gif__decoder__decode_id_part2 that returns wuffs_base__error__not_enough_data when a non-empty frame has insufficient decoded pixel rows. H0 already initializes wuffs_gif__decoder, accepts arbitrary input through src_reader, and repeatedly calls wuffs_gif__decoder__decode_frame, so malformed GIF image data can reach and control the new condition. This is validation/error handling within the existing decode protocol and needs no new entry point, state, configuration, or input semantics."", ""evidence"": [""H0 calls wuffs_gif__decoder__initialize and wuffs_gif__decoder__decode_image_config before repeatedly invoking wuffs_gif__decoder__decode_frame with the fuzz-controlled src_reader."", ""The changed wuffs_gif__decoder__decode_id_part2 adds only a conditional check on f_dst_y, f_frame_rect_y1, f_frame_rect_x0, and f_frame_rect_x1, followed by wuffs_base__error__not_enough_data."", ""The corresponding decoder.decode_id_part2 change replaces the TODO for checking \""not enough pixel data\"" with the validation and return of base.\""?not enough data\""."", ""H0 propagates any decode_frame status other than an accepted end-of-data warning through ret, so the newly added error is observable.""], ""recommended_action"": ""Keep H0 unchanged; its existing arbitrary GIF input and decode-frame loop exercise the added insufficient-pixel-data validation.""}"
C003,N215,ALL_SILENT_TP,VERIFIED_SILENT_POSITIVE,VP5,dynamic changed-line coverage 2/6 -> 6/6 plus oracle diff,"{""case_id"": ""C003"", ""gap_exists"": true, ""gap_type"": [""entry point"", ""API protocol"", ""state""], ""commit_induced"": ""YES"", ""maintenance_needed"": true, ""confidence"": 91, ""affected_functions"": [""wuffs_gif__decoder__decode_image_config"", ""wuffs_gif__decoder__decode_frame_config"", ""wuffs_gif__decoder__frame_dirty_rect""], ""reason"": ""H0 calls wuffs_gif__decoder__decode_image_config and wuffs_gif__decoder__decode_frame, but never calls wuffs_gif__decoder__decode_frame_config or wuffs_gif__decoder__frame_dirty_rect. S1 moves the f_dirty_y reset from decode_image_config, which H0 directly reaches, to decode_frame_config, which H0 omits, and adds width clamping in frame_dirty_rect, whose result H0 never observes. Thus H0 lacks control and observation of the newly changed per-frame dirty-rectangle state protocol. This gap is commit-induced because S0 performed the reset in H0's existing decode_image_config path, while S1 relocates it outside that explicit path."", ""evidence"": [""H0 explicitly invokes wuffs_gif__decoder__decode_image_config(&dec, &ic, src_reader)."", ""H0's frame loop invokes only wuffs_gif__decoder__decode_frame(&dec, &pb, src_reader, workbuf, NULL)."", ""S0 decode_image_config resets self->private_impl.f_dirty_y; S1 removes that reset."", ""S1 decode_frame_config adds a reset of self->private_impl.f_dirty_y at function entry."", ""H0 contains no invocation of wuffs_gif__decoder__decode_frame_config."", ""S1 frame_dirty_rect clamps f_frame_rect_x0 and f_frame_rect_x1 with f_width, but H0 never invokes frame_dirty_rect or inspects its returned rectangle.""], ""recommended_action"": ""Extend H0 to exercise the frame-configuration protocol explicitly: call wuffs_gif__decoder__decode_frame_config for frames, decode the corresponding frame, and query wuffs_gif__decoder__frame_dirty_rect so fuzz input can drive and observe the reset and width-clamping behavior.""}"
C007,N244,ALL_SILENT_TP,VERIFIED_SILENT_POSITIVE,VP4,dynamic changed-line coverage 0/250 -> 17/250,"{""case_id"": ""C007"", ""gap_exists"": true, ""gap_type"": [""configuration"", ""input_semantics"", ""attack_surface""], ""commit_induced"": ""YES"", ""maintenance_needed"": true, ""confidence"": 99, ""affected_functions"": [""wuffs_base__pixel_swizzler__prepare"", ""wuffs_private_impl__pixel_swizzler__prepare__ya_nonpremul"", ""wuffs_private_impl__swizzle_bgr_565__ya_nonpremul__src"", ""wuffs_private_impl__swizzle_bgr_565__ya_nonpremul__src_over"", ""wuffs_private_impl__swizzle_bgra_nonpremul__ya_nonpremul__src"", ""wuffs_private_impl__swizzle_bgra_nonpremul__ya_nonpremul__src_over"", ""wuffs_private_impl__swizzle_bgra_nonpremul_4x16le__ya_nonpremul__src"", ""wuffs_private_impl__swizzle_bgra_nonpremul_4x16le__ya_nonpremul__src_over"", ""wuffs_private_impl__swizzle_bgra_premul__ya_nonpremul__src"", ""wuffs_private_impl__swizzle_bgra_premul__ya_nonpremul__src_over"", ""wuffs_private_impl__swizzle_xxx__ya_nonpremul__src"", ""wuffs_private_impl__swizzle_xxx__ya_nonpremul__src_over"", ""wuffs_private_impl__swizzle_ya_nonpremul__ya_nonpremul__src_over"", ""wuffs_base__pixel_buffer__color_u32_at"", ""wuffs_base__pixel_buffer__set_color_u32_at"", ""wuffs_base__pixel_swizzler__swizzle_ycck""], ""reason"": ""S1 adds WUFFS_BASE__PIXEL_FORMAT__YA_NONPREMUL as a newly supported source and destination format, but H0's pixfmts array omits that identifier. Consequently fuzz_swizzle_interleaved_from_slice can never select YA_NONPREMUL for src_pixfmt or dst_pixfmt, so prepare__ya_nonpremul and all new YA swizzle implementations are unreachable. fuzz_swizzle_ycck likewise cannot select YA_NONPREMUL as dst_pixfmt, leaving the new YA destination branch untested. This gap did not exist in S0 because those YA support paths were introduced by S1."", ""evidence"": [""H0 derives both dst_pixfmt and src_pixfmt exclusively from the pixfmts array in fuzz_swizzle_interleaved_from_slice."", ""H0's pixfmts contains Y, Y_16BE, indexed, BGR, BGRA, RGB, and RGBA formats, but not WUFFS_BASE__PIXEL_FORMAT__YA_NONPREMUL."", ""S1 adds a WUFFS_BASE__PIXEL_FORMAT__YA_NONPREMUL case to wuffs_base__pixel_swizzler__prepare, dispatching to the new wuffs_private_impl__pixel_swizzler__prepare__ya_nonpremul."", ""S1 adds multiple YA_NONPREMUL conversion implementations for both WUFFS_BASE__PIXEL_BLEND__SRC and WUFFS_BASE__PIXEL_BLEND__SRC_OVER."", ""H0's fuzz_swizzle_ycck also derives dst_pixfmt from the same pixfmts array, while S1 newly admits YA_NONPREMUL in wuffs_base__pixel_swizzler__swizzle_ycck."", ""S1 adds YA_NONPREMUL cases to wuffs_base__pixel_buffer__color_u32_at and wuffs_base__pixel_buffer__set_color_u32_at, but H0 constructs no YA_NONPREMUL pixel buffer.""], ""recommended_action"": ""Add WUFFS_BASE__PIXEL_FORMAT__YA_NONPREMUL to H0's pixfmts array so fuzz_swizzle_interleaved_from_slice exercises it as both source and destination with SRC and SRC_OVER, and fuzz_swizzle_ycck exercises it as a destination.""}"
C009,N211,RANDOM_TN,VERIFIED_NEGATIVE,,Comment separators only; no executable behavior or harness requirement changes.,"{""case_id"": ""C009"", ""gap_exists"": false, ""gap_type"": [], ""commit_induced"": ""NO"", ""maintenance_needed"": false, ""confidence"": 100, ""affected_functions"": [], ""reason"": ""The S0-to-S1 diff changes only comments in three script files and does not change any entry point, API protocol, state, configuration, input semantics, attack surface, or executable function body. H0 therefore retains the same coverage relationship to S1 as it had to S0."", ""evidence"": [""script/adler32-standalone.c only adds the comment separator \""// ----------------\""."", ""script/bench-c-deflate-fragmentation.c only adds the comment separator \""// ----------------\""."", ""script/wuffs-deflate-decoder-decode-huffman.c only changes comment formatting and separator lines."", ""The harness entry points fuzz in fuzz/c/std/gif_fuzzer.c and fuzz/c/std/zlib_fuzzer.c are unaffected by every shown change.""], ""recommended_action"": ""No fuzz-harness maintenance is needed for this commit.""}"
C011,N128,ALL_SILENT_TP,VERIFIED_SILENT_POSITIVE,VP3,real OptimiserSettings.h probe and coverage 0/8 -> 8/8,"{""case_id"": ""C011"", ""gap_exists"": true, ""gap_type"": [""entry_point"", ""configuration"", ""input_semantics""], ""commit_induced"": ""YES"", ""maintenance_needed"": true, ""confidence"": 86, ""affected_functions"": [""OptimiserSettings::removeInvalidCharacters"", ""LLVMFuzzerTestOneInput"", ""OptimiserSuite::runSequence""], ""reason"": ""S1 adds the public string-processing entry point OptimiserSettings::removeInvalidCharacters, but H0 never invokes it or supplies independently controlled optimizer-sequence text. H0 derives settings solely through randomYulOptimiserSequence(_size), limiting optimizer configuration to permutations of DefaultYulOptimiserSteps selected by the 0–600 input size. Consequently it cannot exercise removeInvalidCharacters on arbitrary bytes or deliberately target the changed unknown-abbreviation path in OptimiserSuite::runSequence. This uncovered API and its input semantics did not exist in S0, so the material gap is commit-induced."", ""evidence"": [""S1 newly defines OptimiserSettings::removeInvalidCharacters(const std::string& _input), which filters caller-controlled text using validCharacters."", ""H0 constructs optSequence only with OptimiserSettings::randomYulOptimiserSequence(_size) and passes it to OptimiserSettings::fuzz(optSequence); it never calls removeInvalidCharacters."", ""H0 rejects _size values above 600, so optimizer-sequence selection through _size has at most 601 seed values and is not byte-for-byte controlled by the fuzz input."", ""OptimiserSuite::runSequence changes abbreviationsToSteps to catch std::out_of_range for an abbreviation, while H0's sequence characters originate from DefaultYulOptimiserSteps rather than independently supplied sequence text."", ""The AsmAnalyzer::analyzeStrictAssertCorrect change only prints AsmPrinter output and does not itself require additional harness state or input control.""], ""recommended_action"": ""Extend H0 so a bounded portion of the fuzz bytes controls optimizer-sequence text, pass it through OptimiserSettings::removeInvalidCharacters, and use the resulting sequence in OptimiserSettings::fuzz while retaining the Yul program input and resource limits.""}"
C013,S002,RANDOM_TN,VERIFIED_NEGATIVE,,VP8 reconstruction changes are comments only; generated executable decoder statements are unchanged.,"{""case_id"": ""C013"", ""gap_exists"": false, ""gap_type"": [], ""commit_induced"": ""NO"", ""maintenance_needed"": false, ""confidence"": 99, ""affected_functions"": [""fuzz"", ""fuzz_image_decoder"", ""wuffs_webp__decoder__initialize"", ""wuffs_vp8__decoder__decode_coefficients"", ""wuffs_vp8__decoder__decode_subblock_coefficients"", ""decoder.decode_coefficients"", ""decoder.decode_subblock_coefficients""], ""reason"": ""S1 introduces no material harness gap. H0 initializes wuffs_webp__decoder and passes its wuffs_base__image_decoder upcast plus attacker-controlled src and hash to fuzz_image_decoder, so it continues to exercise VP8 decoding through the existing WebP entry point. The production changes rename the private coefficient helper from decode_block_coefficients to decode_subblock_coefficients at its declaration, definition, and all callers; the shown function body and call arguments are unchanged. All other shown Wuffs changes add or revise comments only. No entry point, API protocol, required state, configuration, input semantics, or attack surface changed between S0 and S1."", ""evidence"": [""H0 defines WUFFS_CONFIG__MODULE__VP8 and WUFFS_CONFIG__MODULE__WEBP, then includes wuffs-unsupported-snapshot.c."", ""fuzz initializes wuffs_webp__decoder with wuffs_webp__decoder__initialize and invokes fuzz_image_decoder using wuffs_webp__decoder__upcast_as__wuffs_base__image_decoder."", ""The release C diff consistently replaces wuffs_vp8__decoder__decode_block_coefficients with wuffs_vp8__decoder__decode_subblock_coefficients in the prototype, definition, and every call in wuffs_vp8__decoder__decode_coefficients."", ""The corresponding std/vp8/decode_coefficients.wuffs diff consistently renames decoder.decode_block_coefficients to decoder.decode_subblock_coefficients without changing its parameters or implementation."", ""Changes in decode_bitstream.wuffs, decode_idct_default.wuffs, decode_macroblocks.wuffs, decode_predict_default.wuffs, decode_reconstruct.wuffs, and decode_vp8.wuffs are comments and documentation, not executable behavior.""], ""recommended_action"": ""No harness maintenance is needed for this commit; retain H0 unchanged.""}"
C015,N223,ALL_FN,VERIFIED_SILENT_POSITIVE,VP3,portfolio S0/H0 and S1/H0 PASS; JSON S1/H1 PASS,"{""case_id"": ""C015"", ""gap_exists"": true, ""gap_type"": [""entry_point""], ""commit_induced"": ""NO"", ""maintenance_needed"": false, ""confidence"": 98, ""affected_functions"": [""fuzz"", ""LLVMFuzzerTestOneInput"", ""decoder.decode_digits!""], ""reason"": ""S1 + H0 has a material JSON entry-point gap because fuzz/c/std/json_fuzzer.c does not exist and fuzzlib.c only declares fuzz(wuffs_base__io_buffer*, uint32_t) without supplying a JSON-specific definition. However, the same gap exists in S0 + H0. The commit only publishes constants describing existing limits and changes comments in decoder.decode_digits!; it introduces no decoder behavior, state, protocol, input-semantics, configuration, or attack-surface change that aggravates H0's coverage."", ""evidence"": [""H0's LLVMFuzzerTestOneInput constructs a wuffs_base__io_buffer and calls fuzz(&src, hash), but the supplied H0 contains only a declaration of fuzz."", ""The case explicitly states that fuzz/c/std/json_fuzzer.c does not exist in H0, so H0 supplies no JSON-specific fuzz entry point."", ""S1 adds WUFFS_JSON__DECODER_DEPTH_MAX_INCL, WUFFS_JSON__DECODER_DST_TOKEN_BUFFER_LENGTH_MIN_INCL, and WUFFS_JSON__DECODER_SRC_IO_BUFFER_LENGTH_MIN_INCL as public constants."", ""The changed body of decoder.decode_digits! differs only in commentary naming decoder_src_io_buffer_length_min_incl; its executable statements and the existing n >= 99 limit are unchanged."", ""The decoder stack remains array[1024 / 32] base.u32; the diff only associates its existing 1024 limit with decoder_depth_max_incl.""], ""recommended_action"": ""Do not require harness maintenance for this commit. A JSON-specific definition of fuzz could address the pre-existing entry-point gap independently, but the added constants and comment-only decoder.decode_digits! change do not create that need.""}"
C017,N231,ALL_FN,VERIFIED_SILENT_POSITIVE,VP3,three-way portfolio/target build and run,"{""case_id"": ""C017"", ""gap_exists"": true, ""gap_type"": [""entry_point"", ""attack_surface""], ""commit_induced"": ""NO"", ""maintenance_needed"": false, ""confidence"": 98, ""affected_functions"": [], ""reason"": ""H0 exercises only wuffs_json__decoder__decode_tokens through fuzz_complex and fuzz_simple; it has no cbor_fuzzer.c and therefore does not exercise the CBOR decoder. That is a material pre-existing CBOR coverage gap, but S1 only adds public CBOR constants describing existing decoder limits and requirements. It adds no CBOR entry point, decoding behavior, state, configuration mode, input semantics, or attack surface, so the commit neither introduced nor materially aggravated the gap."", ""evidence"": [""H0 defines WUFFS_CONFIG__MODULE__JSON and calls wuffs_json__decoder__decode_tokens, but does not define WUFFS_CONFIG__MODULE__CBOR or call a CBOR decoder."", ""fuzz/c/std/cbor_fuzzer.c does not exist in H0."", ""S1 adds WUFFS_CBOR__DECODER_DEPTH_MAX_INCL, WUFFS_CBOR__DECODER_DST_TOKEN_BUFFER_LENGTH_MIN_INCL, and WUFFS_CBOR__DECODER_SRC_IO_BUFFER_LENGTH_MIN_INCL."", ""The only other S1 changes are comments and separator comments around constants in std/cbor/decode_cbor.wuffs and std/json/common_consts.wuffs; no function body or decoder behavior changes.""], ""recommended_action"": ""Do not require harness maintenance for this commit. Track the missing CBOR harness separately as historical coverage debt if CBOR fuzzing is desired.""}"
C018,S003,RANDOM_TN,VERIFIED_NEGATIVE,,Private VP8 helper/file rename preserves the decoder entry path and call graph.,"{""case_id"": ""C018"", ""gap_exists"": false, ""gap_type"": [], ""commit_induced"": ""NO"", ""maintenance_needed"": false, ""confidence"": 99, ""affected_functions"": [""wuffs_vp8__decoder__decode_header_partition"", ""wuffs_vp8__decoder__do_decode_frame"", ""decoder.decode_header_partition"", ""decoder.do_decode_frame"", ""decoder.do_decode_image_config""], ""reason"": ""The commit renames and relocates the private VP8 header-partition implementation without changing its input semantics, state requirements, public entry point, or call protocol. H0 still reaches the affected logic through wuffs_webp__decoder and fuzz_image_decoder, so there is no material harness gap and no commit-induced maintenance need."", ""evidence"": [""H0 initializes wuffs_webp__decoder and passes its wuffs_base__image_decoder upcast to fuzz_image_decoder, preserving the existing WebP-to-VP8 decoding path."", ""wuffs_vp8__decoder__do_decode_frame changes only its callee name from wuffs_vp8__decoder__decode_first_partition to wuffs_vp8__decoder__decode_header_partition."", ""The generated C body of wuffs_vp8__decoder__decode_header_partition is otherwise identical to the renamed wuffs_vp8__decoder__decode_first_partition body shown in the diff."", ""decoder.do_decode_frame likewise changes only this.decode_first_partition! to this.decode_header_partition!; its source, workbuf, decoder state, and surrounding call sequence are unchanged."", ""decoder.do_decode_image_config changes only a comment naming decode_header_partition; its behavior is unchanged."", ""decode_header_partition remains a private function reached through the existing decode-frame path, so H0 does not need a new entry point, configuration, state setup, or input control.""], ""recommended_action"": ""No harness change is needed.""}"
C021,N132,ALL_SILENT_TP,VERIFIED_SILENT_POSITIVE,VP4,real EVMVersion.h probe: target 0 -> 1,"{""case_id"": ""C021"", ""gap_exists"": true, ""gap_type"": [""configuration"", ""input semantics"", ""attack surface""], ""commit_induced"": ""YES"", ""maintenance_needed"": true, ""confidence"": 99, ""affected_functions"": [""EVMVersion::prague"", ""EVMVersion::fromString"", ""EVMVersion::name"", ""FuzzerUtil::testCompilerJsonInterface"", ""FuzzerUtil::testCompiler"", ""ProtoConverter::evmVersionMapping""], ""reason"": ""S1 adds the selectable Prague EVM configuration through EVMVersion::prague(), EVMVersion::fromString(), and EVMVersion::name(), but H0 cannot select it. FuzzerUtil::testCompilerJsonInterface fixes settings.evmVersion to \""berlin\""; FuzzerUtil::testCompiler draws only from s_evmVersions ending at EVMVersion::paris(); and ProtoConverter::evmVersionMapping handles Program versions only through CANCUN. Thus H0 lacks input/configuration control for the newly introduced Prague-specific compilation surface. Although omissions of Shanghai and Cancun in s_evmVersions predate this commit, the unreachable Prague mode is newly caused by S1."", ""evidence"": [""S1 adds static EVMVersion prague() returning Version::Prague."", ""S1 adds prague() to EVMVersion::fromString(), making \""prague\"" a recognized external configuration value."", ""S1 adds Version::Prague and maps it to \""prague\"" in EVMVersion::name()."", ""H0 FuzzerUtil::testCompilerJsonInterface assigns config[\""settings\""][\""evmVersion\""] = \""berlin\""."", ""H0 s_evmVersions ends with EVMVersion::paris(), so FuzzerUtil::testCompiler cannot choose EVMVersion::prague()."", ""H0 ProtoConverter::evmVersionMapping has cases through Program::CANCUN and no Prague case.""], ""recommended_action"": ""Extend H0's EVM-version input spaces to include Prague: add EVMVersion::prague() to s_evmVersions and add a corresponding Prague Program version and mapping in ProtoConverter::evmVersionMapping; where appropriate, allow the JSON-interface harness to exercise \""prague\"" instead of always fixing evmVersion to \""berlin\"".""}"
C027,S006,RANDOM_TN,VERIFIED_NEGATIVE,,C++ warning cleanup in the STB compatibility layer does not change the Wuffs decoder protocol.,"{""case_id"": ""C027"", ""gap_exists"": true, ""gap_type"": [""entry_point"", ""attack_surface""], ""commit_induced"": ""NO"", ""maintenance_needed"": false, ""confidence"": 99, ""affected_functions"": [""wuffs_drop_in__stb__load1"", ""wuffs_drop_in__stb__load0"", ""stbi_info_from_memory"", ""stbi_load_from_memory""], ""reason"": ""H0 exclusively exercises JSON decoding through wuffs_json__decoder__decode_tokens and wuffs_aux::DecodeJson, so it does not reach the STB image-loading entry points changed in S1. However, that separation already existed in S0, and the commit only adds explicit pointer/return casts, replaces zero-valued compound literals with wuffs_base__null_pixel_config, wuffs_base__null_pixel_buffer, and wuffs_base__null_image_config, and narrows internal return types from void* to stbi_uc*. It introduces no new entry point, protocol, state, configuration, input semantics, or attack surface, so the historical reachability gap is not commit-induced."", ""evidence"": [""H0 defines WUFFS_CONFIG__MODULE__JSON and calls wuffs_json__decoder__decode_tokens in fuzz_complex and fuzz_simple."", ""H0's C++ path calls wuffs_aux::DecodeJson; it contains no call to wuffs_drop_in__stb__load0, wuffs_drop_in__stb__load1, stbi_info_from_memory, or stbi_load_from_memory."", ""wuffs_drop_in__stb__load1 retains the same decode_image_config and decode_frame control flow; S1 changes its return type to stbi_uc*, adds uint8_t* casts, and uses wuffs_base__null_pixel_config and wuffs_base__null_pixel_buffer."", ""wuffs_drop_in__stb__load0 retains the same decoder creation, desired_channels switch, and load call; S1 changes its return type and initializes ic with wuffs_base__null_image_config."", ""stbi_info_from_memory and stbi_load_from_memory retain their signatures and input handling, replacing a C-style const-removing cast with wuffs_base__strip_const_from_u8_ptr.""], ""recommended_action"": ""No harness maintenance is needed for this commit. A separate STB image API harness could address the pre-existing coverage gap, but it is not required by S0-to-S1.""}"
C030,N206,ALL_SILENT_TP,VERIFIED_SILENT_POSITIVE,VP3,dynamic changed-line coverage 0/6 -> 5/6,"{""case_id"": ""C030"", ""gap_exists"": true, ""gap_type"": [""entry_point"", ""API_protocol"", ""input_semantics""], ""commit_induced"": ""YES"", ""maintenance_needed"": true, ""confidence"": 98, ""affected_functions"": [""wuffs_base__malloc_slice_u8"", ""wuffs_base__malloc_slice_u16"", ""wuffs_base__malloc_slice_u32"", ""wuffs_base__malloc_slice_u64""], ""reason"": ""S1 adds four public allocation-helper entry points whose callback, element-count, overflow, allocation-failure, and returned-slice semantics are not exercised by H0. H0 only drives wuffs_gif__decoder__decode_image_config and wuffs_gif__decoder__decode_frame, and the source explicitly states that the new helpers are not used by Wuffs itself, so the GIF decoding path cannot reach them. These APIs did not exist in S0, making the gap commit-induced."", ""evidence"": [""S1 newly defines wuffs_base__malloc_slice_u8, wuffs_base__malloc_slice_u16, wuffs_base__malloc_slice_u32, and wuffs_base__malloc_slice_u64."", ""Each helper accepts a caller-controlled malloc_func and uint64_t element count, rejects NULL callbacks or counts exceeding SIZE_MAX / sizeof(element), and otherwise returns either an allocated slice or an empty slice."", ""The added comment says the allocation functions \""aren't used by Wuffs per se,\"" so including the snapshot does not make them reachable through decoder behavior."", ""H0 calls wuffs_gif__decoder__check_wuffs_version, wuffs_gif__decoder__decode_image_config, wuffs_base__pixel_buffer__set_from_slice, and wuffs_gif__decoder__decode_frame, but never calls any wuffs_base__malloc_slice_uxx helper."", ""No corresponding allocation-helper entry points are present in S0.""], ""recommended_action"": ""Add a focused fuzz target that directly invokes all four wuffs_base__malloc_slice_uxx functions with controlled allocator callbacks and fuzz-derived element counts, including NULL callbacks, allocation failures, zero lengths, valid boundary lengths, and overflow-adjacent lengths, while validating returned pointer and element-length invariants.""}"
C035,S017,RANDOM_TN,VERIFIED_NEGATIVE,,A private XZ bit-vector getter is renamed consistently; it does not alter the JSON harness target or its protocol.,"{""case_id"": ""C035"", ""gap_exists"": true, ""gap_type"": [""entry_point"", ""attack_surface""], ""commit_induced"": ""NO"", ""maintenance_needed"": false, ""confidence"": 99, ""affected_functions"": [""wuffs_base__bitvec256__get_u64"", ""wuffs_xz__decoder__do_transform_io"", ""decoder.do_transform_io"", ""fuzz"", ""fuzz_complex"", ""fuzz_simple"", ""fuzz_cpp""], ""reason"": ""H0 exclusively configures WUFFS_CONFIG__MODULE__JSON and drives wuffs_json__decoder__decode_tokens or wuffs_aux::DecodeJson, so it does not reach the XZ checksum path in wuffs_xz__decoder__do_transform_io or decoder.do_transform_io. That is a pre-existing scope gap, not one introduced or materially aggravated by this commit: S0 and S1 perform the same four SHA-256 bit-vector element comparisons at indices 3, 2, 1, and 0; only the accessor name changes from wuffs_base__bitvec256__get/get to wuffs_base__bitvec256__get_u64/get_u64, while its body remains return b->elements_u64[i & 3]. No entry point, protocol, state, configuration, input semantics, or attack surface changed."", ""evidence"": [""H0 defines WUFFS_CONFIG__MODULE__JSON and calls wuffs_json__decoder__decode_tokens in fuzz_complex and fuzz_simple."", ""H0's C++ path calls wuffs_aux::DecodeJson in fuzz_cpp; no H0 function invokes wuffs_xz__decoder__do_transform_io or decoder.do_transform_io."", ""wuffs_base__bitvec256__get was renamed to wuffs_base__bitvec256__get_u64, but the implementation remains return b->elements_u64[i & 3]."", ""The four calls in wuffs_xz__decoder__do_transform_io and decoder.do_transform_io only change get to get_u64 for the same indices and comparisons against checksum64_want.""], ""recommended_action"": ""No maintenance is needed for H0 for this commit. Any desired XZ decoder fuzzing should be handled as separate coverage work rather than attributed to this accessor-only rename.""}"
C037,N207,ALL_FN,VERIFIED_SILENT_POSITIVE,VP2,dynamic changed-line coverage 1/4 -> 4/4,"{""case_id"": ""C037"", ""gap_exists"": false, ""gap_type"": [], ""commit_induced"": ""NO"", ""maintenance_needed"": false, ""confidence"": 98, ""affected_functions"": [""wuffs_gif__decoder__decode_image_config"", ""wuffs_gif__decoder__workbuf_len"", ""wuffs_gif__decoder__decode_frame"", ""fuzz""], ""reason"": ""H0 remains aligned with the decoder protocol in S1: fuzz obtains workbuf_len(&ic).max_incl after decode_image_config, allocates that amount, and passes the resulting workbuf to decode_frame. S1 sets the advertised length to this.width and changes decode_frame from requiring equality to accepting any length at least this.width. Thus H0 supplies a valid exact-width buffer and continues exercising frame decoding from fuzz-controlled GIF input. The newly accepted oversized-buffer case is an API validation relaxation, not a material missing entry point, state, configuration, input-semantic dimension, or attack surface for this harness."", ""evidence"": [""wuffs_gif__decoder__decode_image_config now initializes workbuf_len0 and workbuf_len1 to this.width."", ""wuffs_gif__decoder__workbuf_len now returns a fixed range whose min_incl and max_incl are self->private_impl.f_width."", ""fuzz reads wuffs_base__image_config__workbuf_len(&ic).max_incl, allocates workbuf with that length, and passes it to wuffs_gif__decoder__decode_frame."", ""wuffs_gif__decoder__decode_frame changes only the work-buffer check from a_workbuf.len != f_width to a_workbuf.len < f_width, so H0's exact-width buffer satisfies S1."", ""H0 still controls src_reader and drives decode_image_config followed by repeated decode_frame calls, preserving the relevant decoder state and input reachability.""], ""recommended_action"": ""No harness maintenance is needed for this commit.""}"
C038,N185,ALL_FN,VERIFIED_SILENT_POSITIVE,VP3,dynamic changed-line coverage 0/20 -> 20/20,"{""case_id"": ""C038"", ""gap_exists"": false, ""gap_type"": [], ""commit_induced"": ""NO"", ""maintenance_needed"": false, ""confidence"": 99, ""affected_functions"": [""wuffs_base__io_buffer__reader"", ""wuffs_base__io_buffer__writer""], ""reason"": ""S1 only adds convenience constructors for existing wuffs_base__io_reader and wuffs_base__io_writer values. H0's aggregate initialization sets the same buf field while zero-initializing private_impl, so it continues to exercise wuffs_gif__decoder__decode_config, wuffs_gif__decoder__decode_frame, and wuffs_zlib__decoder__decode with equivalent reader/writer state. The added null-pointer branches are trivial construction semantics and do not materially expand the fuzz-relevant attack surface."", ""evidence"": [""LLVMFuzzerTestOneInput constructs wuffs_base__io_buffer src and passes an equivalent wuffs_base__io_reader with .buf = &src."", ""gif_fuzzer.cc constructs wuffs_base__io_writer dst_writer with .buf = &dst before calling wuffs_gif__decoder__decode_frame."", ""zlib_fuzzer.cc constructs wuffs_base__io_writer dst_writer with .buf = &dst before calling wuffs_zlib__decoder__decode."", ""wuffs_base__io_buffer__reader zero-initializes its return value and assigns ret.buf only when buf is non-null."", ""wuffs_base__io_buffer__writer zero-initializes its return value and assigns ret.buf only when buf is non-null."", ""decode_once changes from aggregate initialization to the new helpers without changing the buffers, decoder calls, fragmentation state, or input semantics.""], ""recommended_action"": ""No fuzz-harness maintenance is needed for this commit; optionally adopt the helper constructors later as a non-functional style/API cleanup.""}"
C039,S030,RANDOM_TN,VERIFIED_NEGATIVE,,XXHash SIMD documentation changes are outside the JSON harness target and contain no executable change.,"{""case_id"": ""C039"", ""gap_exists"": true, ""gap_type"": [""entry_point"", ""input_semantics""], ""commit_induced"": ""NO"", ""maintenance_needed"": false, ""confidence"": 99, ""affected_functions"": [""std/xxhash32 hasher.update!"", ""std/xxhash64 hasher.update!""], ""reason"": ""H0 exercises JSON decoding through fuzz_complex, fuzz_simple, and fuzz_cpp, so it does not invoke either xxhash hasher.update! or control their roslice base.u8 argument. That is a pre-existing scope gap, not a commit-induced maintenance need: the S0-to-S1 diff adds only comments inside both functions and does not change executable behavior, API protocol, state, configuration, input semantics, or attack surface."", ""evidence"": [""H0 initializes wuffs_json__decoder and calls wuffs_json__decoder__decode_tokens or wuffs_aux::DecodeJson; it contains no xxhash32 or xxhash64 hasher entry point."", ""The std/xxhash32/common_xxhash32.wuffs change adds comments before an unchanged loop that slices args.x and calls this.up!(x: args.x)."", ""The std/xxhash64/common_xxhash64.wuffs change adds comments before the unchanged call this.up!(x: args.x).""], ""recommended_action"": ""No harness maintenance is needed for this commit. Any separate xxhash fuzz harness would address historical component coverage rather than a gap introduced or aggravated by S1.""}"
C044,N234,ALL_FN,VERIFIED_SILENT_POSITIVE,VP4,configuration diff; coverage is non-monotonic and not used as recovery evidence,"{""case_id"": ""C044"", ""gap_exists"": false, ""gap_type"": [], ""commit_induced"": ""NO"", ""maintenance_needed"": false, ""confidence"": 98, ""affected_functions"": [""set_quirks"", ""fuzz_complex"", ""wuffs_json__decoder__decode_tokens"", ""wuffs_json__decoder__decode_comment"", ""wuffs_json__decoder__decode_trailer""], ""reason"": ""H0 retains adequate entry-point, streaming-state, input, and configuration control for the changed JSON trailer behavior. fuzz_complex repeatedly calls wuffs_json__decoder__decode_tokens with varied source and token-buffer limits, while set_quirks independently controls the relevant numeric quirk values through the existing WUFFS_JSON__QUIRK_ALLOW_TRAILING_COMMENT and WUFFS_JSON__QUIRK_ALLOW_TRAILING_NEW_LINE identifiers. In S1 those identifiers are deprecated aliases with the same values as WUFFS_JSON__QUIRK_ALLOW_TRAILING_FILLER and WUFFS_JSON__QUIRK_EXPECT_TRAILING_NEW_LINE_OR_EOF, respectively. Consequently H0 can enable either new semantic mode, combine them with WUFFS_JSON__QUIRK_ALLOW_COMMENT_BLOCK or WUFFS_JSON__QUIRK_ALLOW_COMMENT_LINE, reach the new bad-quirk-combination path, and supply arbitrary trailing bytes. The renamed internal helper does not create a new public entry point or protocol requirement."", ""evidence"": [""set_quirks includes WUFFS_JSON__QUIRK_ALLOW_TRAILING_COMMENT, WUFFS_JSON__QUIRK_ALLOW_TRAILING_NEW_LINE, WUFFS_JSON__QUIRK_ALLOW_COMMENT_BLOCK, and WUFFS_JSON__QUIRK_ALLOW_COMMENT_LINE, with each selected from hash_44_bits."", ""S1 defines WUFFS_JSON__QUIRK_ALLOW_TRAILING_FILLER and WUFFS_JSON__QUIRK_ALLOW_TRAILING_COMMENT as 1225364497."", ""S1 defines WUFFS_JSON__QUIRK_EXPECT_TRAILING_NEW_LINE_OR_EOF and WUFFS_JSON__QUIRK_ALLOW_TRAILING_NEW_LINE as 1225364498."", ""fuzz_complex calls wuffs_json__decoder__decode_tokens in a loop, varies tok_limit and src_limit through buffer_limit, handles short_read and short_write, and passes the complete fuzz input through full_src."", ""The changed wuffs_json__decoder__decode_tokens invokes wuffs_json__decoder__decode_trailer based on f_quirks[17] or f_quirks[18], both already controllable through H0's alias identifiers."", ""The new bad-quirk-combination check involving f_quirks[18] with f_quirks[11], f_quirks[12], or f_quirks[17] is reachable through H0's independently hash-selected quirk list.""], ""recommended_action"": ""No harness maintenance is needed for this commit; optionally rename the two deprecated quirk identifiers in set_quirks for clarity, without changing fuzz coverage.""}"
C054,N248,ALL_SILENT_TP,VERIFIED_SILENT_POSITIVE,VP4,dynamic changed-line coverage 0/93 -> 59/93,"{""case_id"": ""C054"", ""gap_exists"": true, ""gap_type"": [""input semantics"", ""configuration"", ""attack surface""], ""commit_induced"": ""YES"", ""maintenance_needed"": true, ""confidence"": 99, ""affected_functions"": [""wuffs_base__pixel_swizzler__prepare"", ""wuffs_private_impl__pixel_swizzler__prepare__y_16le"", ""wuffs_private_impl__swizzle_bgr_565__y_16le"", ""wuffs_private_impl__swizzle_xxx__y_16le"", ""wuffs_private_impl__swizzle_xxxx__y_16le"", ""wuffs_private_impl__swizzle_xxxxxxxx__y_16le"", ""wuffs_private_impl__swizzle_y__y_16le""], ""reason"": ""S1 adds supported WUFFS_BASE__PIXEL_FORMAT__Y_16LE source-format behavior, but H0 cannot select that format because pixfmts omits WUFFS_BASE__PIXEL_FORMAT__Y_16LE. Consequently fuzz_swizzle_interleaved_from_slice reaches wuffs_base__pixel_swizzler__prepare but never dispatches through its new Y_16LE case or exercises the newly added conversion functions. This gap is commit-induced because those Y_16LE dispatch paths and implementations did not exist in S0."", ""evidence"": [""H0 derives both dst_pixfmt and src_pixfmt exclusively from pixfmts."", ""H0's pixfmts contains WUFFS_BASE__PIXEL_FORMAT__Y_16BE but not WUFFS_BASE__PIXEL_FORMAT__Y_16LE."", ""S1 adds case WUFFS_BASE__PIXEL_FORMAT__Y_16LE to wuffs_base__pixel_swizzler__prepare, dispatching to wuffs_private_impl__pixel_swizzler__prepare__y_16le."", ""S1 adds multiple Y_16LE conversion implementations selected only through that new source-format route.""], ""recommended_action"": ""Add WUFFS_BASE__PIXEL_FORMAT__Y_16LE to H0's pixfmts so fuzz-controlled source and destination format selection can exercise the new dispatch and conversion paths.""}"
C056,S023,RANDOM_TN,VERIFIED_NEGATIVE,,Unused pixel-conversion length locals are removed without changing conversion calls.,"{""case_id"": ""C056"", ""gap_exists"": false, ""gap_type"": [], ""commit_induced"": ""NO"", ""maintenance_needed"": false, ""confidence"": 99, ""affected_functions"": [""wuffs_base__pixel_swizzler__swizzle_ycc__general__box_filter"", ""wuffs_base__pixel_swizzler__swizzle_ycc__upsample_inv_h2v2_triangle_x86_avx2"", ""wuffs_base__pixel_swizzler__swizzle_ycck"", ""fuzz_swizzle_ycck""], ""reason"": ""S1 changes no entry point, API protocol, state, configuration, input semantics, or attack surface. It removes only the write-only local counters total_src_len0, total_src_len1, and total_src_len2 from wuffs_base__pixel_swizzler__swizzle_ycc__general__box_filter and fixes preprocessor whitespace from '# else' to '#else'. H0 already invokes wuffs_base__pixel_swizzler__swizzle_ycck through fuzz_swizzle_ycck and controls width, height, component h/v factors, triangle_filter_for_2to1, source values, and destination pixel format. The changed computation path remains reachable with adequate state and input control, so there is neither a material S1+H0 gap nor a commit-induced maintenance need."", ""evidence"": [""fuzz calls fuzz_swizzle_ycck(src, hash), which calls wuffs_base__pixel_swizzler__swizzle_ycck"", ""fuzz_swizzle_ycck derives width, height, h0-h2, v0-v2, and triangle_filter_for_2to1 from hash"", ""The only functional-body deletions are declarations and increments of total_src_len0, total_src_len1, and total_src_len2; none is subsequently read"", ""The remaining src_len0, src_len1, and src_len2 calculations and upfunc0-upfunc2 and convfunc calls are unchanged"", ""The '# else' to '#else' edit does not alter the conditional or selected function""], ""recommended_action"": ""Keep H0 unchanged; no fuzz-harness maintenance is warranted for this commit.""}"
C057,N249,ALL_SILENT_TP,VERIFIED_SILENT_POSITIVE,VP4,dynamic changed-line coverage 6/463 -> 121/463,"{""case_id"": ""C057"", ""gap_exists"": true, ""gap_type"": [""input semantics"", ""attack surface""], ""commit_induced"": ""YES"", ""maintenance_needed"": true, ""confidence"": 99, ""affected_functions"": [""wuffs_base__pixel_swizzler__prepare"", ""wuffs_private_impl__pixel_swizzler__prepare__bgra_premul_4x16le"", ""wuffs_base__pixel_buffer__color_u32_at"", ""wuffs_base__pixel_buffer__set_color_u32_at"", ""wuffs_private_impl__swizzle_y__bgra_premul_4x16le__src"", ""wuffs_private_impl__swizzle_y__bgra_premul_4x16le__src_over"", ""wuffs_private_impl__swizzle_bgra_premul_4x16le__bgra_premul_4x16le__src_over""], ""reason"": ""S1 adds material support for WUFFS_BASE__PIXEL_FORMAT__BGRA_PREMUL_4X16LE, including selection in wuffs_base__pixel_swizzler__prepare and numerous new 8-byte-per-pixel conversion and compositing implementations. H0 exercises the relevant prepare and swizzle entry points, but both dst_pixfmt and src_pixfmt are chosen exclusively from pixfmts, which omits WUFFS_BASE__PIXEL_FORMAT__BGRA_PREMUL_4X16LE. Consequently H0 cannot reach any conversion where the new format is the source or destination. This gap did not exist for these pathways in S0 because S0 did not dispatch this format from wuffs_base__pixel_swizzler__prepare."", ""evidence"": [""H0's pixfmts contains WUFFS_BASE__PIXEL_FORMAT__BGRA_NONPREMUL_4X16LE but not WUFFS_BASE__PIXEL_FORMAT__BGRA_PREMUL_4X16LE."", ""fuzz_swizzle_interleaved_from_slice derives both dst_pixfmt and src_pixfmt solely by indexing pixfmts."", ""S1 adds a WUFFS_BASE__PIXEL_FORMAT__BGRA_PREMUL_4X16LE case to wuffs_base__pixel_swizzler__prepare, dispatching to the new wuffs_private_impl__pixel_swizzler__prepare__bgra_premul_4x16le."", ""The new prepare helper selects multiple new SRC and SRC_OVER implementations according to dst_pixfmt, while H0 already varies blend between WUFFS_BASE__PIXEL_BLEND__SRC and WUFFS_BASE__PIXEL_BLEND__SRC_OVER."", ""S1 also adds WUFFS_BASE__PIXEL_FORMAT__BGRA_PREMUL_4X16LE handling to wuffs_base__pixel_buffer__color_u32_at and wuffs_base__pixel_buffer__set_color_u32_at, but H0 cannot construct its fuzzed destination with that format because of the same pixfmts omission.""], ""recommended_action"": ""Add WUFFS_BASE__PIXEL_FORMAT__BGRA_PREMUL_4X16LE to H0's pixfmts so fuzz_swizzle_interleaved_from_slice can select it independently as both src_pixfmt and dst_pixfmt under both blend values; ensure generated slice lengths include complete 8-byte pixels.""}"
C058,N228,ALL_SILENT_TP,VERIFIED_SILENT_POSITIVE,VP4,historical type/config diff plus three-way run,"{""case_id"": ""C058"", ""gap_exists"": true, ""gap_type"": [""API protocol"", ""input semantics"", ""attack surface""], ""commit_induced"": ""YES"", ""maintenance_needed"": true, ""confidence"": 96, ""affected_functions"": [""fuzz_one_token"", ""wuffs_base__token__value"", ""wuffs_base__token__value_extension"", ""wuffs_base__token__value_major"", ""wuffs_base__token__value_base_category""], ""reason"": ""S1 changes bit 63 from a required zero into the discriminator for a valid extended token, but H0's fuzz_one_token still rejects every token with that bit set. This leaves the newly valid extended-token protocol unhandled and prevents H0 from exercising its new accessor semantics. In S0 the rejection matched the documented reserved-zero rule, so the incompatibility was introduced by this commit."", ""evidence"": [""S0 documents bit 63 as \""reserved (a zero bit)\"", matching fuzz_one_token's check `(t.repr >> 63) != 0`."", ""S1 documents bit 63 as \""an extended (1) or simple (0) token\"" and adds `wuffs_base__token__value_extension`."", ""S1 makes `wuffs_base__token__value`, `wuffs_base__token__value_major`, and `wuffs_base__token__value_base_category` sign-sensitive so negative results identify extended or non-simple tokens."", ""H0 returns `fuzz: internal error: token high bit was not zero` before calling `wuffs_base__token__value_base_category`, so it cannot validate valid extended tokens under the S1 protocol.""], ""recommended_action"": ""Update fuzz_one_token to branch on simple versus extended tokens: retain the existing VBC/VBD checks for simple tokens, accept and validate extended tokens with wuffs_base__token__value_extension, and ensure fuzz input can reach the extended-token path.""}"
C059,N116,ALL_SILENT_TP,VERIFIED_SILENT_POSITIVE,VP4,real EVMVersion.h probe: target 0 -> 1,"{""case_id"": ""C059"", ""gap_exists"": true, ""gap_type"": [""configuration"", ""input semantics""], ""commit_induced"": ""YES"", ""maintenance_needed"": true, ""confidence"": 97, ""affected_functions"": [""EVMVersion::paris"", ""EVMVersion::fromString"", ""EVMVersion::name"", ""FuzzerUtil::testCompilerJsonInterface"", ""FuzzerUtil::testCompiler"", ""ProtoConverter::evmVersionMapping""], ""reason"": ""S1 adds the selectable Paris EVM configuration, but H0's structured compiler and Yul-generation paths cannot select it. This is commit-induced even though H0 already omitted London, because Paris did not exist in S0."", ""evidence"": [""S1 adds EVMVersion::paris(), includes paris() in EVMVersion::fromString(), and returns \""paris\"" from EVMVersion::name()."", ""S1 expands the g_strEVMVersion CLI choices to include \""paris\""."", ""FuzzerUtil::testCompilerJsonInterface fixes settings.evmVersion to \""berlin\""."", ""FuzzerUtil::testCompiler selects only from s_evmVersions, whose last entry is EVMVersion::berlin()."", ""ProtoConverter::evmVersionMapping handles Program versions only through Program::BERLIN and has no Paris case.""], ""recommended_action"": ""Add Paris to the harness-controlled EVM-version choices and to ProtoConverter::evmVersionMapping (with the corresponding Program version representation), and allow the JSON compiler path to exercise \""paris\"".""}"
C066,S029,RANDOM_TN,VERIFIED_NEGATIVE,,The CBOR source change corrects a BEGIN/END comment typo only.,"{""case_id"": ""C066"", ""gap_exists"": false, ""gap_type"": [], ""commit_induced"": ""NO"", ""maintenance_needed"": false, ""confidence"": 100, ""affected_functions"": [""decoder.decode_tokens?"", ""fuzz_complex"", ""fuzz_simple""], ""reason"": ""The only S0-to-S1 production change is a comment correction from “END Major type 1” to “BEGIN Major type 1” inside decoder.decode_tokens?. It does not alter executable behavior, entry points, API protocol, decoder state, configuration, input semantics, or attack surface. H0 already initializes wuffs_cbor__decoder and exercises wuffs_cbor__decoder__decode_tokens through both fuzz_complex and fuzz_simple with arbitrary CBOR input, including major type 1 values."", ""evidence"": [""The sole changed line is `// -------- END   Major type 1: a negative integer.` replaced by `// -------- BEGIN Major type 1: a negative integer.`"", ""No statements, conditions, constants, signatures, or state transitions in `decoder.decode_tokens?` changed."", ""`fuzz_complex` calls `wuffs_cbor__decoder__decode_tokens` in a loop with controlled token-buffer and source-buffer limits."", ""`fuzz_simple` also calls `wuffs_cbor__decoder__decode_tokens` on `full_src`."", ""H0 passes the fuzz input directly as the decoder source, so CBOR major type 1 inputs remain reachable without a harness change.""], ""recommended_action"": ""No harness maintenance is needed for this comment-only source commit.""}"
C068,N071,ALL_SILENT_TP,VERIFIED_SILENT_POSITIVE,VP4,real YulString.h component probe,"{""case_id"": ""C068"", ""gap_exists"": true, ""gap_type"": [""entry point"", ""API protocol"", ""state""], ""commit_induced"": ""YES"", ""maintenance_needed"": true, ""confidence"": 97, ""affected_functions"": [""yul::YulStringRepository::reset"", ""yul::YulStringRepository::ResetCallback::ResetCallback"", ""solidity_free"", ""StandardCompiler::compile"", ""EVMDialect::looseAssemblyForEVM"", ""EVMDialect::strictAssemblyForEVM"", ""EVMDialect::strictAssemblyForEVMObjects"", ""EVMDialect::yulForEVM"", ""WasmDialect::instance""], ""reason"": ""S1 introduces a material global-state lifecycle in which YulStringRepository::reset clears interned strings and invokes callbacks that invalidate cached EVM and Wasm dialects. H0 directly constructs AssemblyStack and never calls StandardCompiler::compile, solidity_free, or YulStringRepository::reset, so it cannot exercise the new reset-and-rebuild transition or repeated compilation across that transition. This gap did not exist in S0 because the reset API, reset callbacks, and cache invalidation protocol were introduced by this commit."", ""evidence"": [""YulStringRepository::reset is new and executes every function in resetCallbacks() before replacing instance() with a fresh YulStringRepository."", ""StandardCompiler::compile now calls YulStringRepository::reset at its entry, and solidity_free now calls yul::YulStringRepository::reset."", ""EVMDialect::looseAssemblyForEVM, strictAssemblyForEVM, strictAssemblyForEVMObjects, and yulForEVM now register ResetCallback objects that clear their static dialects maps."", ""WasmDialect::instance now stores its singleton in a unique_ptr and registers a ResetCallback that resets it."", ""Every H0 target uses AssemblyStack directly; none invokes StandardCompiler::compile, solidity_free, or YulStringRepository::reset."", ""The differential harnesses call EVMDialect::strictAssemblyForEVMObjects, but without a subsequent reset they exercise cache construction only, not the newly added invalidation and reconstruction protocol.""], ""recommended_action"": ""Add a harness path that performs repeated parse/optimize/assemble or interpret operations with an explicit YulStringRepository::reset between complete operations, ensuring all AssemblyStack and dialect references are destroyed before reset; alternatively fuzz repeated calls through StandardCompiler::compile, whose S1 entry protocol performs the reset automatically.""}"
C071,N237,ALL_SILENT_TP,VERIFIED_SILENT_POSITIVE,VP3,dynamic changed-line coverage 0/3 -> 3/3,"{""case_id"": ""C071"", ""gap_exists"": true, ""gap_type"": [""entry_point"", ""input_semantics"", ""attack_surface""], ""commit_induced"": ""YES"", ""maintenance_needed"": true, ""confidence"": 98, ""affected_functions"": [""wuffs_base__u8__rotate_left"", ""wuffs_base__u8__rotate_right"", ""wuffs_base__u16__rotate_left"", ""wuffs_base__u16__rotate_right"", ""wuffs_base__u32__rotate_left"", ""wuffs_base__u32__rotate_right"", ""wuffs_base__u64__rotate_left"", ""wuffs_base__u64__rotate_right""], ""reason"": ""S1 adds eight public rotate helper entry points whose independently controlled x and n inputs are not exercised by H0. The existing bmp_fuzzer.c, cbor_fuzzer.c, gif_fuzzer.c, json_fuzzer.c, and png_fuzzer.c invoke decoder APIs and never call these helpers; merely including wuffs-unsupported-snapshot.c does not reach static inline functions. This is new API/input attack surface absent from S0, so the gap is commit-induced."", ""evidence"": [""The S0-to-S1 diff newly defines wuffs_base__u8__rotate_left/right, wuffs_base__u16__rotate_left/right, wuffs_base__u32__rotate_left/right, and wuffs_base__u64__rotate_left/right."", ""Each new function accepts independently variable x and n and normalizes n with n &= 7, 15, 31, or 63 before performing shifts."", ""H0 calls wuffs_bmp__decoder, wuffs_cbor__decoder, wuffs_gif__decoder, wuffs_json__decoder, and wuffs_png__decoder entry points, but contains no call to any wuffs_base__u*_rotate_left or wuffs_base__u*_rotate_right identifier."", ""The new functions are static inline, so inclusion through release/c/wuffs-unsupported-snapshot.c alone does not execute them.""], ""recommended_action"": ""Add a focused base-API fuzz target that calls all eight rotate helpers with fuzz-controlled x and n, emphasizing normalized zero, width multiples, and values around each width boundary, and checks rotate identities or reference results.""}"
C072,N202,ALL_SILENT_TP,VERIFIED_SILENT_POSITIVE,VP4,historical API-use diff plus three-way run,"{""case_id"": ""C072"", ""gap_exists"": true, ""gap_type"": [""API protocol"", ""configuration"", ""input semantics""], ""commit_induced"": ""YES"", ""maintenance_needed"": true, ""confidence"": 99, ""affected_functions"": [""fuzz"", ""wuffs_gif__decoder__decode_image_config"", ""wuffs_gif__decoder__decode_frame"", ""wuffs_base__image_config__work_buffer_size""], ""reason"": ""S1 makes a correctly sized work buffer mandatory for wuffs_gif__decoder__decode_frame, but H0 always passes an empty wuffs_base__slice_u8. For images whose decoded width is nonzero, H0 now exits with wuffs_base__error__bad_work_buffer_length before reaching wuffs_gif__decoder__decode_id_part1. S0 had no work-buffer-length check, so the same H0 call reached frame decoding; the material loss of reachability is commit-induced."", ""evidence"": [""H0 calls wuffs_gif__decoder__decode_frame with ((wuffs_base__slice_u8){}), whose length is zero."", ""S1 adds a check in wuffs_gif__decoder__decode_frame requiring a_work_buffer.len to equal self->private_impl.f_width and returns wuffs_base__error__bad_work_buffer_length otherwise."", ""S1 changes wuffs_gif__decoder__decode_image_config to publish a work-buffer range whose min_incl and max_incl both equal self->private_impl.f_width."", ""The new length check occurs before wuffs_gif__decoder__decode_frame_config and wuffs_gif__decoder__decode_id_part1, blocking H0 from exercising frame decoding."", ""S0's displayed complete wuffs_gif__decoder__decode_frame body contained no corresponding work-buffer validation.""], ""recommended_action"": ""After wuffs_gif__decoder__decode_image_config, read wuffs_base__image_config__work_buffer_size, allocate a bounded buffer of the required length, pass that slice to every wuffs_gif__decoder__decode_frame call, and free it on exit.""}"
C076,N026,RANDOM_TN,VERIFIED_NEGATIVE,,Blank/comment cruft removal changes no executable harness behavior.,"{""case_id"": ""C076"", ""gap_exists"": true, ""gap_type"": [""entry_point"", ""input_semantics"", ""attack_surface""], ""commit_induced"": ""NO"", ""maintenance_needed"": false, ""confidence"": 96, ""affected_functions"": [], ""reason"": ""H0 has no harness for the SSL-context deserialization surface identified by programs/ssl/ssl_context_info.c, so S1 retains a material historical coverage gap. However, the only S0-to-S1 change removes the already-commented line `//#define MBEDTLS_ALLOW_PRIVATE_ACCESS`; it changes no compiled code, entry point, protocol, state, configuration, or input semantics and therefore neither introduced nor aggravated the gap."", ""evidence"": [""The production file identifies itself as an `SSL context deserializer from base64 code`, while H0 only drives TLS/DTLS handshakes and X.509 CRL/CRT/CSR parsers."", ""The complete diff changes only `//#define MBEDTLS_ALLOW_PRIVATE_ACCESS`, which was a comment in S0 and is absent in S1."", ""No changed function body or executable statement appears in the S0-to-S1 diff.""], ""recommended_action"": ""No harness maintenance is needed for this commit; consider a separate, independently justified harness for the `ssl_context_info.c` deserialization surface.""}"
C078,N233,ALL_SILENT_TP,VERIFIED_SILENT_POSITIVE,VP4,dynamic changed-line coverage 2/24 -> 15/24,"{""case_id"": ""C078"", ""gap_exists"": true, ""gap_type"": [""configuration"", ""input semantics""], ""commit_induced"": ""YES"", ""maintenance_needed"": true, ""confidence"": 99, ""affected_functions"": [""set_quirks"", ""fuzz_complex"", ""wuffs_json__decoder__decode_trailing_new_line"", ""wuffs_json__decoder__decode_comment"", ""decoder.decode_trailing_new_line?"", ""decoder.decode_comment?""], ""reason"": ""S1 adds a new configurable parsing behavior, WUFFS_JSON__QUIRK_ALLOW_TRAILING_COMMENT, but H0's set_quirks array does not include that identifier. Consequently H0 cannot enable the new quirk and cannot exercise the newly accepted trailing-comment semantics in decode_trailing_new_line, even though it can independently enable WUFFS_JSON__QUIRK_ALLOW_COMMENT_BLOCK, WUFFS_JSON__QUIRK_ALLOW_COMMENT_LINE, and WUFFS_JSON__QUIRK_ALLOW_TRAILING_NEW_LINE. This configuration and input-semantics gap did not exist in S0 because the trailing-comment quirk and its associated path were introduced by S1."", ""evidence"": [""S1 introduces WUFFS_JSON__QUIRK_ALLOW_TRAILING_COMMENT with value 1225364497."", ""S1's wuffs_json__decoder__decode_trailing_new_line assigns f_allow_trailing_comment from f_quirks[17] and conditionally calls wuffs_json__decoder__decode_comment only when that flag is enabled."", ""The source-level decoder.decode_trailing_new_line? similarly reads QUIRK_ALLOW_TRAILING_COMMENT and uses comment_type to distinguish block and line comments."", ""H0's set_quirks explicitly enumerates supported quirks but omits WUFFS_JSON__QUIRK_ALLOW_TRAILING_COMMENT."", ""H0 calls set_quirks(&dec, hash_44_bits) in fuzz_complex, so its hash-controlled configuration cannot select an identifier absent from the quirks array."", ""S0 had neither QUIRK_ALLOW_TRAILING_COMMENT nor the conditional trailing-comment decoding path, making the gap commit-induced.""], ""recommended_action"": ""Add WUFFS_JSON__QUIRK_ALLOW_TRAILING_COMMENT to H0's set_quirks array so fuzz_complex can hash-select it and exercise combinations with ALLOW_TRAILING_NEW_LINE and ALLOW_COMMENT_BLOCK or ALLOW_COMMENT_LINE.""}"
C080,N250,ALL_SILENT_TP,VERIFIED_SILENT_POSITIVE,VP4,historical argument mapping diff plus three-way run,"{""case_id"": ""C080"", ""gap_exists"": true, ""gap_type"": [""API protocol"", ""input semantics"", ""attack surface""], ""commit_induced"": ""YES"", ""maintenance_needed"": true, ""confidence"": 99, ""affected_functions"": [""fuzz_swizzle_ycck"", ""wuffs_base__pixel_swizzler__swizzle_ycck"", ""wuffs_private_impl__swizzle_ycc__upsample_inv_h2v2_triangle"", ""wuffs_private_impl__swizzle_ycc__upsample_inv_h2v2_triangle_x86_avx2"", ""wuffs_private_impl__swizzle_ycc__upsample_inv_h2v2_triangle_libwebp"", ""wuffs_private_impl__swizzle_ycc__upsample_inv_h2v2_triangle_libwebp_x86_avx2""], ""reason"": ""S1 changes the swizzle_ycck selector from boolean triangle_filter_for_2to1 to uint8_t ycc_upsampling and introduces distinct behavior for values other than 0 and 1. H0 still passes only the boolean-derived triangle_filter_for_2to1, so it reaches BASIC (0) and the libjpeg-style path (1) but cannot reach the new libwebp-style odd-column rounding path selected when ycc_upsampling is nonzero and not 1. This is a material, commit-introduced loss of input control over a new API mode."", ""evidence"": [""In H0, triangle_filter_for_2to1 is assigned as `1 & (hash >> 38)`, restricting the argument passed to `wuffs_base__pixel_swizzler__swizzle_ycck` to 0 or 1."", ""S1 replaces the parameter `bool triangle_filter_for_2to1` with `uint8_t ycc_upsampling`."", ""S1 selects `wuffs_private_impl__swizzle_ycc__upsample_inv_h2v2_triangle_libjpeg` only when `ycc_upsampling == 1`; every other nonzero value selects `wuffs_private_impl__swizzle_ycc__upsample_inv_h2v2_triangle_libwebp`."", ""The new libwebp wrappers pass `odd_column_rounding` value 8, while the libjpeg wrappers pass 7, and both scalar and AVX2 implementations use that value in odd-column output calculations."", ""S0 had only the boolean triangle-filter choice and fixed odd-column rounding of 7, so H0's 0/1 control covered the pre-commit selector semantics.""], ""recommended_action"": ""Replace H0's boolean `triangle_filter_for_2to1` control with a `uint8_t ycc_upsampling` choice that explicitly exercises 0, 1, and at least one value other than 0 or 1 (for example 2), while retaining h2v2 sampling combinations so both the scalar and configuration-dependent AVX2 libwebp rounding paths are reachable.""}"
