internal_id,project,commit,parent,timestamp,exclusion_status,reason,prediction_seen
N001,mbedtls,eccd88871767e2fba5f3a079cfdfcb77c376cf20,2f084fe02cebb83d93b10c43c6c8f875a77a03f2,2020-03-10T12:19:08+01:00,NOT_SELECTED_PRE_FREEZE,Screened out before freeze: not needed for the fixed strata or lacked sufficiently objective counterfactual evidence within the available historical build environment.,NO
N002,mbedtls,301db669542abbd585189dd907db014cd237a4cf,b3f25b06e0ae2821e7b9b6f6a10fb0a51b7f2445,2020-05-28T11:43:41+10:00,NOT_SELECTED_PRE_FREEZE,Screened out before freeze: not needed for the fixed strata or lacked sufficiently objective counterfactual evidence within the available historical build environment.,NO
N003,mbedtls,f071024bf848eb9c67dd737091a179ee3dc8dc6c,09e34b78eeb6237a87b8ae5fd1860e7a550dccbd,2020-05-28T11:43:41+10:00,NOT_SELECTED_PRE_FREEZE,Screened out before freeze: not needed for the fixed strata or lacked sufficiently objective counterfactual evidence within the available historical build environment.,NO
N004,mbedtls,1aec64642cd0b9490c96fdd1fa9816741d93fce4,e7e52528139f6ac38774cecd85c8fec2b1a7b7bb,2021-02-08T15:34:42+01:00,NOT_SELECTED_PRE_FREEZE,Screened out before freeze: not needed for the fixed strata or lacked sufficiently objective counterfactual evidence within the available historical build environment.,NO
N006,mbedtls,6c2e9b6048cc688b33bd59c5ae5472e4838021a5,363eb29d4b94c000c0215dc1bdcf89c85ab89627,2021-05-19T17:54:54+02:00,NOT_SELECTED_PRE_FREEZE,Screened out before freeze: not needed for the fixed strata or lacked sufficiently objective counterfactual evidence within the available historical build environment.,NO
N007,mbedtls,84dea01f36240592c162cd3724dc89abb25b3080,39be1410fdad87998cc345a6b808410ded100dd8,2021-06-15T11:29:26+02:00,NOT_SELECTED_PRE_FREEZE,Screened out before freeze: not needed for the fixed strata or lacked sufficiently objective counterfactual evidence within the available historical build environment.,NO
N008,mbedtls,c0eabdc63657f784dee45167b010534cd3924cfa,e8bd0f2ed0a3d61a78781e34a328383cf8d0e38a,2021-08-03T14:09:02+02:00,NOT_SELECTED_PRE_FREEZE,Screened out before freeze: not needed for the fixed strata or lacked sufficiently objective counterfactual evidence within the available historical build environment.,NO
N009,mbedtls,00738bf65e9021ac3e6d7d6daff1ae1f8297c303,1ab2d6966c46aaedea15dd539c7af0df91a79305,2022-02-10T18:15:42+00:00,EXISTING_GAP,Repeated-state probe returns 0 twice on all three sides; uninitialized DRBG lifecycle gap already exists at S0+H0 and is not shown to be aggravated.,NO
N010,mbedtls,68a01a6720b12ec059df7b8f7a5861a5261c7a5e,52a428b824c544125753c651ca97c49f17d9a515,2022-10-10T11:31:58+02:00,NOT_SELECTED_PRE_FREEZE,Screened out before freeze: not needed for the fixed strata or lacked sufficiently objective counterfactual evidence within the available historical build environment.,NO
N011,mbedtls,7aca4e44fe395e880e2603a2ad8d8311913c65ee,97d5740b7a5b25f1279e01312873c5c4568c2807,2022-10-10T14:14:13+02:00,NOT_SELECTED_PRE_FREEZE,Screened out before freeze: not needed for the fixed strata or lacked sufficiently objective counterfactual evidence within the available historical build environment.,NO
N012,mbedtls,eabeb30c65d5f31856af46100ffe4c9fc2bd843b,228b12ce54cbe9994fb255bb176869510aec4db3,2022-10-17T07:52:51-04:00,MECHANICAL_COMPATIBILITY,Old HAS and new MD_CAN feature macros coexist under identical conditions; no independently verified silent inadequacy.,NO
N013,mbedtls,71159f45ab8850eafb75a8f5ecb38a871b56a89b,7a389ddc847f25e4b98d07e641dac123d9e7a53c,2023-01-03T12:51:59+00:00,NOT_SELECTED_PRE_FREEZE,Screened out before freeze: not needed for the fixed strata or lacked sufficiently objective counterfactual evidence within the available historical build environment.,NO
N014,mbedtls,8b6068b69a73c8e84c3e1a93d42cb40f4c7a32fe,cd0a5656445bb75e8fe485880b4b00c28522a66f,2023-01-05T15:42:32+00:00,NOT_SELECTED_PRE_FREEZE,Screened out before freeze: not needed for the fixed strata or lacked sufficiently objective counterfactual evidence within the available historical build environment.,NO
N015,mbedtls,ceeaeb9439f93bebab2c031e113f763f7e5ab9bc,e4627f34dac421f43f41b4cf2c2184cdfeb97d01,2023-01-05T15:44:23+00:00,NOT_SELECTED_PRE_FREEZE,Screened out before freeze: not needed for the fixed strata or lacked sufficiently objective counterfactual evidence within the available historical build environment.,NO
N016,mbedtls,ff36bba5dc412d3db9c53ca44e76a703cef5618a,3900bddd77a6d8466b8afb0a8237604ce19346ee,2023-01-10T23:15:27+01:00,NOT_SELECTED_PRE_FREEZE,Screened out before freeze: not needed for the fixed strata or lacked sufficiently objective counterfactual evidence within the available historical build environment.,NO
N017,mbedtls,449bd8303eed8164b83682d2ce028dca0e49b1fa,fd13a0f85195cc5cf7e0d650713935b88a28ac52,2023-01-11T14:50:10+01:00,NOT_SELECTED_PRE_FREEZE,Screened out before freeze: not needed for the fixed strata or lacked sufficiently objective counterfactual evidence within the available historical build environment.,NO
N018,mbedtls,1b6c09a62e5f597a7b2d95042b39f0c39b1025e1,480f683d15d63d4c9b870ae406da6166622d13da,2023-01-11T14:52:35+01:00,NOT_SELECTED_PRE_FREEZE,Screened out before freeze: not needed for the fixed strata or lacked sufficiently objective counterfactual evidence within the available historical build environment.,NO
N019,mbedtls,bef824d394545f67917fdb41ab904bf526c124cf,33a13028e5e82247cc895f6821ee6e36c9ac67f0,2023-03-17T12:50:01+01:00,MECHANICAL_COMPATIBILITY,Macro-guard migration is mechanically equivalent at the commit; no independently verified silent inadequacy.,NO
N020,mbedtls,7224086ebc7d0c1e2b32b556a437d36fc6cb2fcd,23fc437037811caddcf93b2a14da823103f4b53a,2023-03-17T14:19:14+01:00,NOT_SELECTED_PRE_FREEZE,Screened out before freeze: not needed for the fixed strata or lacked sufficiently objective counterfactual evidence within the available historical build environment.,NO
N021,mbedtls,758aef60c59a9811cd96117dd7c67582e093b946,774f9debf290e80a05e7dc6d59e12a7538fbfd74,2023-04-19T13:47:43+02:00,NOT_SELECTED_PRE_FREEZE,Screened out before freeze: not needed for the fixed strata or lacked sufficiently objective counterfactual evidence within the available historical build environment.,NO
N022,mbedtls,d4d049b88fba28ee6397d063e34b08d3837b42b6,8fa17b64f26648c931bffc2ea805ce012427085f,2023-04-19T13:47:43+02:00,NOT_SELECTED_PRE_FREEZE,Screened out before freeze: not needed for the fixed strata or lacked sufficiently objective counterfactual evidence within the available historical build environment.,NO
N024,mbedtls,34d8bd37d9bc95291b20e67942c1f6f59bc4dc53,1e3af2485fbaa745938a6cb5392234431a53f1aa,2023-07-26T17:18:55+01:00,NOT_SELECTED_PRE_FREEZE,Screened out before freeze: not needed for the fixed strata or lacked sufficiently objective counterfactual evidence within the available historical build environment.,NO
N027,mbedtls,b476d4bf21b220c1a78c5cb2b833d3e9b9198e22,fb2da6fb354e5bbd2bbf5300a3533ba5ad99e0cd,2024-05-23T15:33:41+01:00,NOT_SELECTED_PRE_FREEZE,Screened out before freeze: not needed for the fixed strata or lacked sufficiently objective counterfactual evidence within the available historical build environment.,NO
N028,mbedtls,0916cd702ff56fb0d028510ba3f5891080e612b7,1004c9cacb56c20da57cfbc8ab196e5d8bbeb4a7,2024-05-23T17:01:07+01:00,NOT_SELECTED_PRE_FREEZE,Screened out before freeze: not needed for the fixed strata or lacked sufficiently objective counterfactual evidence within the available historical build environment.,NO
N029,mbedtls,0c29cf87b19cc7545a0719ab91582e5149e0ec0b,9c2afb44bb7509a135ef9a8b6349b5617e8241d1,2025-01-29T08:18:43+00:00,NOT_SELECTED_PRE_FREEZE,Screened out before freeze: not needed for the fixed strata or lacked sufficiently objective counterfactual evidence within the available historical build environment.,NO
N030,mbedtls,440cb2aac296d07afc9ec111977bf24d54dc4061,b90a16d58993a0503700007371fc5db42c629318,2025-03-05T09:40:08+00:00,NOT_SELECTED_PRE_FREEZE,Screened out before freeze: not needed for the fixed strata or lacked sufficiently objective counterfactual evidence within the available historical build environment.,NO
N031,mbedtls,0cfe54e4e07736a00e4f4810130bf994d1739552,2d1f26037f586cf727fb3b334e123e765f21cf0f,2025-03-05T15:49:08+00:00,NOT_SELECTED_PRE_FREEZE,Screened out before freeze: not needed for the fixed strata or lacked sufficiently objective counterfactual evidence within the available historical build environment.,NO
N032,mbedtls,47111a1cb1efe636d22bcdb6c3105a2a8e1a5d21,48d1c149d1c24da12768a477e629b8676ee82211,2025-03-06T11:35:00+00:00,NOT_SELECTED_PRE_FREEZE,Screened out before freeze: not needed for the fixed strata or lacked sufficiently objective counterfactual evidence within the available historical build environment.,NO
N033,mbedtls,998760ae5db2330a6d2f09c4464cc47d2fe9b061,0a69f14abcac00bb13dcdd9dc4edd2e0996bd30e,2025-03-24T11:37:33+00:00,NOT_SELECTED_PRE_FREEZE,Screened out before freeze: not needed for the fixed strata or lacked sufficiently objective counterfactual evidence within the available historical build environment.,NO
N034,mbedtls,4bb98be277192dcc43e2f9842d111b083073e912,d6f881e8ca133a8ca7df49cbcded4643cd72dcdb,2025-05-07T14:21:20+01:00,NOT_SELECTED_PRE_FREEZE,Screened out before freeze: not needed for the fixed strata or lacked sufficiently objective counterfactual evidence within the available historical build environment.,NO
N035,mbedtls,bc48725b64c6ebec8dbdf1b1c4142c824a37a607,6ff9c89648962f97d1939871107798ccecd18b6e,2025-06-16T13:37:03+02:00,NOT_SELECTED_PRE_FREEZE,Screened out before freeze: not needed for the fixed strata or lacked sufficiently objective counterfactual evidence within the available historical build environment.,NO
N036,mbedtls,a750e1be5fde58ab6ec0b2ad7b4b1f0933ac8f65,8519c3e0bae71a7563f963203b5a7bda7aee64aa,2025-07-22T14:27:47+01:00,NOT_SELECTED_PRE_FREEZE,Screened out before freeze: not needed for the fixed strata or lacked sufficiently objective counterfactual evidence within the available historical build environment.,NO
N037,mbedtls,27a4cc9de27642cb6cf0b49a6b42bf4edc0f05e7,4e7b2543c7f9656494cf78e8f6457cb715144318,2025-08-04T15:13:34+01:00,NOT_SELECTED_PRE_FREEZE,Screened out before freeze: not needed for the fixed strata or lacked sufficiently objective counterfactual evidence within the available historical build environment.,NO
N038,mbedtls,fe978ac1f3e6cb8bf9abd16fde4ff3932b168a45,69e117fee09a29671e0ba5d261831d56b5657d8d,2026-01-02T09:13:28+00:00,NOT_SELECTED_PRE_FREEZE,Screened out before freeze: not needed for the fixed strata or lacked sufficiently objective counterfactual evidence within the available historical build environment.,NO
N039,proj4,a395e6e244e04dd09284e24eb1ca3ff2a7c9f37f,6bb6184a84f136f1686d51d43bfc04065e329ae5,2017-05-30T12:14:26+02:00,NOT_SELECTED_PRE_FREEZE,Screened out before freeze: not needed for the fixed strata or lacked sufficiently objective counterfactual evidence within the available historical build environment.,NO
N040,proj4,3ef083767eaf975399243246605fddc40cc097f9,fe3e7fd972682e3fec6926a7cc66ededeab55701,2017-10-19T14:04:35+02:00,NOT_SELECTED_PRE_FREEZE,Screened out before freeze: not needed for the fixed strata or lacked sufficiently objective counterfactual evidence within the available historical build environment.,NO
N041,proj4,d53581ab6840713e4cb24c6f735cf04e9ce0b2db,fecc6c7ef424e2af14914b88137ca98433f5530b,2017-11-11T22:20:51+01:00,NOT_SELECTED_PRE_FREEZE,Screened out before freeze: not needed for the fixed strata or lacked sufficiently objective counterfactual evidence within the available historical build environment.,NO
N042,proj4,9419b42ade1f1d35a61c05f0f7ce9aab2eeff3c7,4478eed4f5fe9d33fe7ef34126f98d3f7aa2daa5,2020-11-01T13:34:32+01:00,NOT_SELECTED_PRE_FREEZE,Screened out before freeze: not needed for the fixed strata or lacked sufficiently objective counterfactual evidence within the available historical build environment.,NO
N043,proj4,9e50c8c0e207191c4c7bb6883f7ad485df04fc2c,9419b42ade1f1d35a61c05f0f7ce9aab2eeff3c7,2020-11-01T14:56:17+01:00,NOT_SELECTED_PRE_FREEZE,Screened out before freeze: not needed for the fixed strata or lacked sufficiently objective counterfactual evidence within the available historical build environment.,NO
N044,proj4,aa46197d66ce70ece382bf955326c46b13f35864,e2dd223c5601b387cd622b88583e857b03e9fade,2020-11-14T22:55:31+01:00,NOT_SELECTED_PRE_FREEZE,Screened out before freeze: not needed for the fixed strata or lacked sufficiently objective counterfactual evidence within the available historical build environment.,NO
N045,proj4,319a879a1252a8b56aaa63bc3e173019119ad01b,a390c57ab5998154535d7ffbc7de04aad2a73910,2022-07-07T15:55:56+02:00,NOT_SELECTED_PRE_FREEZE,Screened out before freeze: not needed for the fixed strata or lacked sufficiently objective counterfactual evidence within the available historical build environment.,NO
N046,proj4,f090353792c0530a7aa5d02e44ad9b236986757b,ae5b08e88321221e2a7fd513859762b59566b994,2023-01-23T20:07:23+01:00,NOT_SELECTED_PRE_FREEZE,Screened out before freeze: not needed for the fixed strata or lacked sufficiently objective counterfactual evidence within the available historical build environment.,NO
N047,proj4,b57acc864a11a93d719c9880431f7edff36397d3,498d409835bb3e3d0f0a2debb3303b1bf89f9ca6,2024-02-22T08:37:16+13:00,NOT_SELECTED_PRE_FREEZE,Screened out before freeze: not needed for the fixed strata or lacked sufficiently objective counterfactual evidence within the available historical build environment.,NO
N048,selinux,595c4163f0e850322458a2db9e2b95d0afc89838,90db06c5246c6e52397b182503039cd9d4f2ab96,2024-01-22T14:54:53+01:00,NOT_SELECTED_PRE_FREEZE,Screened out before freeze: not needed for the fixed strata or lacked sufficiently objective counterfactual evidence within the available historical build environment.,NO
N049,selinux,82d99136cfcacd612ef37f2e4ac1f2d1f277f1f6,505d1b4ce8338d3c41c66d92d41892b8389d9f18,2024-04-08T17:08:02+02:00,NOT_SELECTED_PRE_FREEZE,Screened out before freeze: not needed for the fixed strata or lacked sufficiently objective counterfactual evidence within the available historical build environment.,NO
N050,selinux,8997f54322f5648721ce42f723432a023219f02b,daa3e6e9ba7c53c6465c13b6dd64cff643733fc4,2024-11-05T19:33:18+01:00,NOT_SELECTED_PRE_FREEZE,Screened out before freeze: not needed for the fixed strata or lacked sufficiently objective counterfactual evidence within the available historical build environment.,NO
N051,selinux,6c8f6390bc6235a6be449585acf5fd34997f5127,b234b710370527302787474267f3d62715f340bd,2024-12-05T20:30:05+01:00,NOT_SELECTED_PRE_FREEZE,Screened out before freeze: not needed for the fixed strata or lacked sufficiently objective counterfactual evidence within the available historical build environment.,NO
N052,selinux,d13d13eaee668812b15bc4a638d7b3437da75f78,e0f61d3b690b9e5ad550b1dbe0c9333f7a6c4971,2024-12-17T22:27:52+01:00,NOT_SELECTED_PRE_FREEZE,Screened out before freeze: not needed for the fixed strata or lacked sufficiently objective counterfactual evidence within the available historical build environment.,NO
N053,selinux,4c2460137f46351031d494d07aee226908fd10f1,fdb7090280756a9312b7697c0422597b8f37d1bb,2025-01-15T14:13:28+01:00,NOT_SELECTED_PRE_FREEZE,Screened out before freeze: not needed for the fixed strata or lacked sufficiently objective counterfactual evidence within the available historical build environment.,NO
N054,selinux,7b25735907ae17abacfae895a319517d00d02016,19e445e18619c62bb3060208b1ab54df13243c11,2026-06-03T11:11:30+02:00,NOT_SELECTED_PRE_FREEZE,Screened out before freeze: not needed for the fixed strata or lacked sufficiently objective counterfactual evidence within the available historical build environment.,NO
N055,selinux,2ae2a7d0a4c9ab85eaf5824c2d25693e8aa58d80,bc9969fcc086ef676f5173ccb1177f846cdc979e,2026-08-27T08:55:12-04:00,NOT_SELECTED_PRE_FREEZE,Screened out before freeze: not needed for the fixed strata or lacked sufficiently objective counterfactual evidence within the available historical build environment.,NO
N056,solidity,99dd28d63ec05e001f05d1e788541bf6cf16f881,2c8b77006255b15743efd0b54964227bccc07c57,2017-04-06T16:32:20+02:00,NOT_SELECTED_PRE_FREEZE,Screened out before freeze: not needed for the fixed strata or lacked sufficiently objective counterfactual evidence within the available historical build environment.,NO
N057,solidity,3a93aec7687d435095b12ab87d489ec8a1e78a86,99dd28d63ec05e001f05d1e788541bf6cf16f881,2017-04-27T11:35:29+02:00,NOT_SELECTED_PRE_FREEZE,Screened out before freeze: not needed for the fixed strata or lacked sufficiently objective counterfactual evidence within the available historical build environment.,NO
N058,solidity,555dc4f46fae9da72aaff70059686aa34172910b,b83f77e0e567b58c2ada831e526ad5bacfed8b40,2017-05-30T09:17:02+01:00,NOT_SELECTED_PRE_FREEZE,Screened out before freeze: not needed for the fixed strata or lacked sufficiently objective counterfactual evidence within the available historical build environment.,NO
N059,solidity,c86181787575d8cb18eebc824bf323b63b0b5484,2d39a42d37cd03e62d0295e8137f2c411b9b1b9f,2017-08-29T00:34:39+01:00,NOT_SELECTED_PRE_FREEZE,Screened out before freeze: not needed for the fixed strata or lacked sufficiently objective counterfactual evidence within the available historical build environment.,NO
N060,solidity,7fb4a64136af18f2b61aef71ecc33ccbbc790ec6,b364bd048ffaf233782a23dabd13622431a75aa3,2017-08-29T01:01:47+01:00,NOT_SELECTED_PRE_FREEZE,Screened out before freeze: not needed for the fixed strata or lacked sufficiently objective counterfactual evidence within the available historical build environment.,NO
N061,solidity,1734d4456189b4a313a07e7f3e24cb01f5057fc3,27f38fb5b31b9f0c228238cf0471155498b951b7,2017-09-16T03:50:16+01:00,NOT_SELECTED_PRE_FREEZE,Screened out before freeze: not needed for the fixed strata or lacked sufficiently objective counterfactual evidence within the available historical build environment.,NO
N062,solidity,0f29ac4e563f60be781b31ed9ef2693e1a19dcc8,dcc4083b231e3574a64b5b2a329a7401677610da,2018-02-07T02:05:20+01:00,NOT_SELECTED_PRE_FREEZE,Screened out before freeze: not needed for the fixed strata or lacked sufficiently objective counterfactual evidence within the available historical build environment.,NO
N063,solidity,6ec4517929e8c0eca022f4771ba217db5d80beed,5a54cd5c708227ad6982b06de7b799ece5065917,2018-03-01T12:06:36+01:00,NOT_SELECTED_PRE_FREEZE,Screened out before freeze: not needed for the fixed strata or lacked sufficiently objective counterfactual evidence within the available historical build environment.,NO
N064,solidity,9ecddb2851c1c8787b2b6e961fbcc5619053e5b2,5cf513dc7b4abd2af7734886470973bfdfe0f7aa,2018-07-20T10:46:50+02:00,NOT_SELECTED_PRE_FREEZE,Screened out before freeze: not needed for the fixed strata or lacked sufficiently objective counterfactual evidence within the available historical build environment.,NO
N065,solidity,b6c32577523914332ce780928941e197e68eaa00,c237013911aa5bb6102e1262e6aa62178c0f02e0,2018-09-27T01:53:34+01:00,NOT_SELECTED_PRE_FREEZE,Screened out before freeze: not needed for the fixed strata or lacked sufficiently objective counterfactual evidence within the available historical build environment.,NO
N066,solidity,24b1de7df00f065fba4e7979d815d8406fc7b13e,ea292393a3fd382c7cb9e1b18f0afaae473cd1b8,2019-01-17T11:19:54+01:00,NOT_SELECTED_PRE_FREEZE,Screened out before freeze: not needed for the fixed strata or lacked sufficiently objective counterfactual evidence within the available historical build environment.,NO
N067,solidity,554511b68e69ac88b1535a8f87075e1fe87d4278,e83e9a81e50a21aa5f66a1d6b66ffa6360d01f42,2019-01-22T11:41:21+00:00,NOT_SELECTED_PRE_FREEZE,Screened out before freeze: not needed for the fixed strata or lacked sufficiently objective counterfactual evidence within the available historical build environment.,NO
N068,solidity,ae1cd252b0286cdee6b68cf15e0b5c0057923814,e83e9a81e50a21aa5f66a1d6b66ffa6360d01f42,2019-01-28T16:29:10+00:00,NOT_SELECTED_PRE_FREEZE,Screened out before freeze: not needed for the fixed strata or lacked sufficiently objective counterfactual evidence within the available historical build environment.,NO
N069,solidity,2405b2151a5bd7f6f41ad4dd91fa1624bb59a92c,52ee955fba82eca903a07931b8554bd56e273e47,2019-02-25T15:29:57+01:00,NOT_SELECTED_PRE_FREEZE,Screened out before freeze: not needed for the fixed strata or lacked sufficiently objective counterfactual evidence within the available historical build environment.,NO
N070,solidity,3264e9abf0b998b3ee6df8555bf049c37e94ddd1,30da62aa2c16fd4a8592fd0c01f17cfa715e333c,2019-03-27T12:49:50+01:00,NOT_SELECTED_PRE_FREEZE,Screened out before freeze: not needed for the fixed strata or lacked sufficiently objective counterfactual evidence within the available historical build environment.,NO
N072,solidity,4bdb98122469fcdbbe74b651c4a585d7560782c7,570db164c9ec99e2f52b0ca24534b6a1559c6aae,2019-05-16T10:56:56+02:00,NOT_SELECTED_PRE_FREEZE,Screened out before freeze: not needed for the fixed strata or lacked sufficiently objective counterfactual evidence within the available historical build environment.,NO
N073,solidity,91312e657bcc378e8a6b96b34b17d7c471a68c26,d707a26a90531ffbf597cf33f64321f3a994e999,2019-05-21T11:46:37+02:00,NOT_SELECTED_PRE_FREEZE,Screened out before freeze: not needed for the fixed strata or lacked sufficiently objective counterfactual evidence within the available historical build environment.,NO
N074,solidity,3dec3af638475a73ee14ba05188a37da89f5e472,7401fbabd9eec91e6b0910d7657856f882c502bd,2019-06-26T18:42:24+02:00,NOT_SELECTED_PRE_FREEZE,Screened out before freeze: not needed for the fixed strata or lacked sufficiently objective counterfactual evidence within the available historical build environment.,NO
N075,solidity,eedfafbbc41b0cb2eade9d428906097d7fd89139,32c84fc3b6fc3b7f9950772178a678f30d93930b,2019-10-29T19:00:58+00:00,NOT_SELECTED_PRE_FREEZE,Screened out before freeze: not needed for the fixed strata or lacked sufficiently objective counterfactual evidence within the available historical build environment.,NO
N076,solidity,8682af2216ac08afe5b46026a7e6dd416cf69c3f,69b06a456cd846e8ca2b3e52ad8750b5be8c2906,2019-12-04T16:36:56+01:00,NOT_SELECTED_PRE_FREEZE,Screened out before freeze: not needed for the fixed strata or lacked sufficiently objective counterfactual evidence within the available historical build environment.,NO
N077,solidity,6b23412faec31ea5f0b0f2fe0db79b0adaaa0279,8385256bdc26124659a9f207baec96d6d0d37d82,2019-12-11T17:31:36+01:00,NOT_SELECTED_PRE_FREEZE,Screened out before freeze: not needed for the fixed strata or lacked sufficiently objective counterfactual evidence within the available historical build environment.,NO
N078,solidity,7e88ba8da0a83c5887e54d78fd98a845a47609f7,71a4a4efb1ecd34ce1505ec9735b712017d40da6,2019-12-12T23:39:29+00:00,NOT_SELECTED_PRE_FREEZE,Screened out before freeze: not needed for the fixed strata or lacked sufficiently objective counterfactual evidence within the available historical build environment.,NO
N079,solidity,345f9928ab0e3259a9d3c1f2795ea4c50ca066ed,8ac6258d31671cfd9ed52c223296bd62c221de99,2020-01-06T11:52:23+01:00,NOT_SELECTED_PRE_FREEZE,Screened out before freeze: not needed for the fixed strata or lacked sufficiently objective counterfactual evidence within the available historical build environment.,NO
N080,solidity,90bb1d8a7c2b9673706a1e068b10c7cd0c5cfe61,82f57f0465a7deab41615c5482c18b4da3f04e93,2020-03-31T21:39:38-05:00,NOT_SELECTED_PRE_FREEZE,Screened out before freeze: not needed for the fixed strata or lacked sufficiently objective counterfactual evidence within the available historical build environment.,NO
N081,solidity,8973ca3c85f4ab737ad172dde91e0d2d6f3802a7,1d533694e545fc7e635401f464b73d5a0e343cec,2020-04-10T18:29:03+02:00,NOT_SELECTED_PRE_FREEZE,Screened out before freeze: not needed for the fixed strata or lacked sufficiently objective counterfactual evidence within the available historical build environment.,NO
N082,solidity,9bfab1fe00dfd7b67027cea532addbad0867484d,97f94fdcc616d0ffc99664cca87e111e3680a45c,2020-05-04T15:31:06+02:00,NOT_SELECTED_PRE_FREEZE,Screened out before freeze: not needed for the fixed strata or lacked sufficiently objective counterfactual evidence within the available historical build environment.,NO
N083,solidity,3db10b8f69e0bd5afcb4d3efe853116526792e4c,9bfab1fe00dfd7b67027cea532addbad0867484d,2020-05-04T16:42:35+02:00,NOT_SELECTED_PRE_FREEZE,Screened out before freeze: not needed for the fixed strata or lacked sufficiently objective counterfactual evidence within the available historical build environment.,NO
N084,solidity,7c91a31cce040fb826631456c20d894a89c90905,4e58c672bb138a229e15d647d2f3ce0ab5444a6b,2020-05-09T12:46:05+02:00,NOT_SELECTED_PRE_FREEZE,Screened out before freeze: not needed for the fixed strata or lacked sufficiently objective counterfactual evidence within the available historical build environment.,NO
N085,solidity,05431616f22e0519b76220ea94d2f55f79156573,1426decff2d7e36280163d2e0a21b2ee1c299e0e,2020-05-11T09:26:27+02:00,NOT_SELECTED_PRE_FREEZE,Screened out before freeze: not needed for the fixed strata or lacked sufficiently objective counterfactual evidence within the available historical build environment.,NO
N086,solidity,4b6c322279296ef9b0772bd9e572f5d1eb860cba,b9f2697a3c86f32aada10323f1750bde8bea06bc,2020-06-03T10:27:23+02:00,NOT_SELECTED_PRE_FREEZE,Screened out before freeze: not needed for the fixed strata or lacked sufficiently objective counterfactual evidence within the available historical build environment.,NO
N087,solidity,547590b972138ffa2d49a388ccd889d93b024154,3c57e047519758be464c3bbb19dc5bb1d798d3ab,2020-06-15T12:51:58+02:00,NOT_SELECTED_PRE_FREEZE,Screened out before freeze: not needed for the fixed strata or lacked sufficiently objective counterfactual evidence within the available historical build environment.,NO
N088,solidity,1a0391bceb81137b46b15b8c7f81004b6e99240e,a1c33249f133823476470f566753eee69cff52cd,2020-07-01T09:46:06+02:00,NOT_SELECTED_PRE_FREEZE,Screened out before freeze: not needed for the fixed strata or lacked sufficiently objective counterfactual evidence within the available historical build environment.,NO
N089,solidity,b7adb2aa424cdec2ff0d51042dcf5aa7cadb3e3e,d808302c62e8510f42cfa2958456e1adbb4e157a,2020-07-17T20:24:12+05:30,NOT_SELECTED_PRE_FREEZE,Screened out before freeze: not needed for the fixed strata or lacked sufficiently objective counterfactual evidence within the available historical build environment.,NO
N090,solidity,cbbefce4438f02328438560fd013982f7aec365e,38d1ec3efe2932302b4555f0e5df83d7c6e9d902,2020-08-27T19:07:11+02:00,NOT_SELECTED_PRE_FREEZE,Screened out before freeze: not needed for the fixed strata or lacked sufficiently objective counterfactual evidence within the available historical build environment.,NO
N091,solidity,1dedba85384b4f7b9e8b1af3954c7f45f557af2b,1126838a31a543921da4c3c2569f7b40d05d26c8,2020-11-02T14:29:33+00:00,NOT_SELECTED_PRE_FREEZE,Screened out before freeze: not needed for the fixed strata or lacked sufficiently objective counterfactual evidence within the available historical build environment.,NO
N092,solidity,c193ce6c078fdb6658cbeae23fb5ff9f48cb35f1,40448172554baff0e1623e123c8fe4ecb59537aa,2020-12-01T14:22:15+01:00,NOT_SELECTED_PRE_FREEZE,Screened out before freeze: not needed for the fixed strata or lacked sufficiently objective counterfactual evidence within the available historical build environment.,NO
N093,solidity,bd641a5206c211ee63b02232e87a4f8ab53d1568,90c693be0918dfb514d695de1e09ad1fb6e456e9,2020-12-08T20:06:10+00:00,NOT_SELECTED_PRE_FREEZE,Screened out before freeze: not needed for the fixed strata or lacked sufficiently objective counterfactual evidence within the available historical build environment.,NO
N094,solidity,3b23cadbdc0595fb440ca7aeeec6f49865e91242,86051dc09967c35351014c9333cabdd378b60f4a,2021-01-19T12:56:22+01:00,NOT_SELECTED_PRE_FREEZE,Screened out before freeze: not needed for the fixed strata or lacked sufficiently objective counterfactual evidence within the available historical build environment.,NO
N095,solidity,c44bb7e7efc87018b3b68414b2109732da1771be,5c6633f97597254bbaee56ec257849ef17f2dc1c,2021-02-18T18:49:34-05:00,NOT_SELECTED_PRE_FREEZE,Screened out before freeze: not needed for the fixed strata or lacked sufficiently objective counterfactual evidence within the available historical build environment.,NO
N096,solidity,ee665748aa1a33c9a294436fe0968073a74965b4,39fcdf22c36a00ce2d4b82c3333974aceb14014b,2021-03-12T10:36:21+01:00,NOT_SELECTED_PRE_FREEZE,Screened out before freeze: not needed for the fixed strata or lacked sufficiently objective counterfactual evidence within the available historical build environment.,NO
N097,solidity,dd1865873e2b399d48bf0459276dfc6e6c600e2e,c3f639b355ef94b4db43998f3e305369f6a49b45,2021-04-15T12:31:45+02:00,NOT_SELECTED_PRE_FREEZE,Screened out before freeze: not needed for the fixed strata or lacked sufficiently objective counterfactual evidence within the available historical build environment.,NO
N098,solidity,e404b6e7a63201e01d8f79863c35e8393ff90ed4,fe4822a1d257d1babbe33da181f99c3082069c4d,2021-04-27T16:53:04+02:00,NOT_SELECTED_PRE_FREEZE,Screened out before freeze: not needed for the fixed strata or lacked sufficiently objective counterfactual evidence within the available historical build environment.,NO
N099,solidity,6c8ecfa82c1cd6dcac0f1f951525451874205dad,e3184c737a5b16c6046326a40a4b52e61e8b9df8,2021-05-19T17:35:19+02:00,NOT_SELECTED_PRE_FREEZE,Screened out before freeze: not needed for the fixed strata or lacked sufficiently objective counterfactual evidence within the available historical build environment.,NO
N100,solidity,a72857df0314e891c3bd48145493b465d9131a82,98e1dee45f5d7a2ee00a7b125d96764862c4e64c,2021-06-16T21:03:07+02:00,NOT_SELECTED_PRE_FREEZE,Screened out before freeze: not needed for the fixed strata or lacked sufficiently objective counterfactual evidence within the available historical build environment.,NO
N101,solidity,6ad6fa23822e6d7fedc9bb7008d701cca1a4ac5b,6d8ef71277547b27a713083dd809dc2ccfc96693,2021-06-17T17:19:27+02:00,NOT_SELECTED_PRE_FREEZE,Screened out before freeze: not needed for the fixed strata or lacked sufficiently objective counterfactual evidence within the available historical build environment.,NO
N102,solidity,f75b55071ec30958436cc3ee7a0a5ae6fe954518,57d32ca252ce9dc425f127a24a4eb23137794ba9,2021-06-29T14:38:59+02:00,NOT_SELECTED_PRE_FREEZE,Screened out before freeze: not needed for the fixed strata or lacked sufficiently objective counterfactual evidence within the available historical build environment.,NO
N103,solidity,e72fa7fc10f951d94310383deb9d11845928ceee,49cde9d47b298176bd11f6f6f0bf1c47ca802014,2021-06-30T14:48:45+02:00,NOT_SELECTED_PRE_FREEZE,Screened out before freeze: not needed for the fixed strata or lacked sufficiently objective counterfactual evidence within the available historical build environment.,NO
N104,solidity,685d7a8c991c3de211d040f285afb15b3dafa96b,ae519c1278c7244bcd81929cdbdd0a11da4c789e,2021-07-02T14:42:53+02:00,NOT_SELECTED_PRE_FREEZE,Screened out before freeze: not needed for the fixed strata or lacked sufficiently objective counterfactual evidence within the available historical build environment.,NO
N105,solidity,08c065ee0442736072fd6cfe9a7b01ea1d14b5c5,a532df20ec3cc7bd588381faa115a9538aebcc95,2021-07-15T17:39:01+02:00,NOT_SELECTED_PRE_FREEZE,Screened out before freeze: not needed for the fixed strata or lacked sufficiently objective counterfactual evidence within the available historical build environment.,NO
N106,solidity,58e4cc62e0a62ee050f0835af78f04ce7f22ad61,13691dfbaa5f7190ba7e0d9076d6aa4a80dd37b9,2021-08-14T21:29:59+03:00,NOT_SELECTED_PRE_FREEZE,Screened out before freeze: not needed for the fixed strata or lacked sufficiently objective counterfactual evidence within the available historical build environment.,NO
N107,solidity,2cd1c644b628ba6a58315dce1b81520344600095,cd225740724954f724365caedc008f2cdd58cfb2,2021-09-03T19:39:10+02:00,NOT_SELECTED_PRE_FREEZE,Screened out before freeze: not needed for the fixed strata or lacked sufficiently objective counterfactual evidence within the available historical build environment.,NO
N108,solidity,bcfefc79d9dde1f4eaff318189b73962a86b2a6d,f7c4ed849d4fdcc28c09da18ef69d9dbaf3711b7,2021-09-17T20:15:19+02:00,NOT_SELECTED_PRE_FREEZE,Screened out before freeze: not needed for the fixed strata or lacked sufficiently objective counterfactual evidence within the available historical build environment.,NO
N109,solidity,8d91ccf0284b4baa00f4438ad099f9f44a5ff8f1,f2bf23a0675a101089bb23cd98f16219b0409b88,2021-10-12T11:12:18+02:00,NOT_SELECTED_PRE_FREEZE,Screened out before freeze: not needed for the fixed strata or lacked sufficiently objective counterfactual evidence within the available historical build environment.,NO
N110,solidity,52dfccca98d870566c764204495582a1656b3a10,198b705361b5c0eb51be022c3f3f888b68392186,2022-03-04T10:15:57+01:00,NOT_SELECTED_PRE_FREEZE,Screened out before freeze: not needed for the fixed strata or lacked sufficiently objective counterfactual evidence within the available historical build environment.,NO
N111,solidity,ce0a3e93f2e2a29a179d6c8d7f98b01310d7f909,c6fcb6c3954341a01bcf2a7a8de51f01ba91b836,2022-03-07T12:49:23+01:00,NOT_SELECTED_PRE_FREEZE,Screened out before freeze: not needed for the fixed strata or lacked sufficiently objective counterfactual evidence within the available historical build environment.,NO
N112,solidity,e1a59397c65d3b3eff19299fd703a7887a4b4e27,15c2a33eb32fe6f0db825f90f83f24c1e45a6574,2022-03-28T00:27:11-04:00,NOT_SELECTED_PRE_FREEZE,Screened out before freeze: not needed for the fixed strata or lacked sufficiently objective counterfactual evidence within the available historical build environment.,NO
N113,solidity,c8011d87198ef426ac9a0a0b359aecb6254afd0b,1fbee8259aca10ffe04efa47a21f31d7dee1baa9,2022-06-17T08:55:52+05:30,NOT_SELECTED_PRE_FREEZE,Screened out before freeze: not needed for the fixed strata or lacked sufficiently objective counterfactual evidence within the available historical build environment.,NO
N114,solidity,4b69b5fdc1646cbbdff59d837b00c20840aa55c6,53b67334c539639f9b4b2178dec0a9641b6eecc6,2022-08-11T15:01:15+02:00,NOT_SELECTED_PRE_FREEZE,Screened out before freeze: not needed for the fixed strata or lacked sufficiently objective counterfactual evidence within the available historical build environment.,NO
N115,solidity,eafd7218b7410e9cedcc11a89448f9396057ad17,c8011d87198ef426ac9a0a0b359aecb6254afd0b,2022-09-06T15:42:15+05:30,NOT_SELECTED_PRE_FREEZE,Screened out before freeze: not needed for the fixed strata or lacked sufficiently objective counterfactual evidence within the available historical build environment.,NO
N117,solidity,bf26d3be5a3ef5c9ed222a25fcf479974ab9444f,3109ce2dbcb07606df0b177b8e0378f6d6b80835,2022-11-22T13:05:20+01:00,NOT_SELECTED_PRE_FREEZE,Screened out before freeze: not needed for the fixed strata or lacked sufficiently objective counterfactual evidence within the available historical build environment.,NO
N118,solidity,ef6ff2f05550e4386f2fec7753a44fe39a124488,d70d79af4a4b3636274a982e2a1087c50242a130,2022-11-23T11:51:34+01:00,NOT_SELECTED_PRE_FREEZE,Screened out before freeze: not needed for the fixed strata or lacked sufficiently objective counterfactual evidence within the available historical build environment.,NO
N119,solidity,ffb3a2bdd912c856f65da19a24cb1b7aa8ebf3df,3ff457c31265cecdb8aadacb459ae8a543dd9b05,2022-12-05T16:17:55+01:00,NOT_SELECTED_PRE_FREEZE,Screened out before freeze: not needed for the fixed strata or lacked sufficiently objective counterfactual evidence within the available historical build environment.,NO
N120,solidity,4cca66447aa58d18c9962bc1ac2c1ff6a8837107,bb997c42078dab0f943b7cc81e1e9ab4b827c1db,2022-12-05T19:47:33+01:00,NOT_SELECTED_PRE_FREEZE,Screened out before freeze: not needed for the fixed strata or lacked sufficiently objective counterfactual evidence within the available historical build environment.,NO
N121,solidity,6a44bb26aed3a81e4253635c28512beb3484e3d0,7e3404beb0b906402037d60eda1b1c62ff4cb2b7,2022-12-05T19:47:33+01:00,NOT_SELECTED_PRE_FREEZE,Screened out before freeze: not needed for the fixed strata or lacked sufficiently objective counterfactual evidence within the available historical build environment.,NO
N122,solidity,21c0f7865055c0e276c94332bbb5e1e46d639f84,d30ec3548f3d2ba947bfe673ff9edeffac32da9c,2023-02-09T17:07:13+01:00,NOT_SELECTED_PRE_FREEZE,Screened out before freeze: not needed for the fixed strata or lacked sufficiently objective counterfactual evidence within the available historical build environment.,NO
N123,solidity,206a2c183fd31b680f3ff4f3b8b341198dfb0172,14d2ae2dfaf4336ee4be198ea402c70996fa821d,2023-02-23T12:04:41-05:00,NOT_SELECTED_PRE_FREEZE,Screened out before freeze: not needed for the fixed strata or lacked sufficiently objective counterfactual evidence within the available historical build environment.,NO
N124,solidity,f15b82643193ce05e41c0e602bb8cfbcb140f857,dcecf00e3020ed8354b5104cf9dd3b5b357444d3,2023-02-23T19:22:46+01:00,NOT_SELECTED_PRE_FREEZE,Screened out before freeze: not needed for the fixed strata or lacked sufficiently objective counterfactual evidence within the available historical build environment.,NO
N125,solidity,aacbe72079f595a02d6375b53d60a9390fba2300,0aa85153e56ea6effbf37d6ddde0e0946d6937ab,2023-03-06T14:19:58+01:00,NOT_SELECTED_PRE_FREEZE,Screened out before freeze: not needed for the fixed strata or lacked sufficiently objective counterfactual evidence within the available historical build environment.,NO
N126,solidity,d4be1d9c2fc70bc3549f92143faaae9f97d81d97,374a6fd50e1bc404ed156e77cc07a63803977622,2023-04-26T12:50:36+02:00,NOT_SELECTED_PRE_FREEZE,Screened out before freeze: not needed for the fixed strata or lacked sufficiently objective counterfactual evidence within the available historical build environment.,NO
N127,solidity,a59fc39f101449587bad937a92c0c9802c7d6438,4020552e1d7146ae0373092a3d04c86d40db2b27,2023-08-08T17:17:37+02:00,NOT_SELECTED_PRE_FREEZE,Screened out before freeze: not needed for the fixed strata or lacked sufficiently objective counterfactual evidence within the available historical build environment.,NO
N129,solidity,24ebed0f93438ea7f089ab2a991d86ef70ec7165,e64c51d0b9ce246b03cbcacf4e6b11bab788d17e,2023-12-04T06:36:44+01:00,NOT_SELECTED_PRE_FREEZE,Screened out before freeze: not needed for the fixed strata or lacked sufficiently objective counterfactual evidence within the available historical build environment.,NO
N130,solidity,87d86bfba64d8b88537a4a85c1d71f521986b614,ae79d13a083edcefa2b22e8d4267edcfc5da10f4,2024-02-20T14:23:58+01:00,NOT_SELECTED_PRE_FREEZE,Screened out before freeze: not needed for the fixed strata or lacked sufficiently objective counterfactual evidence within the available historical build environment.,NO
N131,solidity,24f18e83a6c81935daa150c129b4007d5a41a014,f9c8ab03cb7f9362c4070bb029f76ecaec2bc5fb,2024-05-15T23:39:26+08:00,NOT_SELECTED_PRE_FREEZE,Screened out before freeze: not needed for the fixed strata or lacked sufficiently objective counterfactual evidence within the available historical build environment.,NO
N133,solidity,050a3a109cc78654bb9c3bbf63101dfc2771b1fa,d0190e1d6ae3cfc254fa10bdf299598c95bec6e4,2024-06-05T21:38:49+02:00,NOT_SELECTED_PRE_FREEZE,Screened out before freeze: not needed for the fixed strata or lacked sufficiently objective counterfactual evidence within the available historical build environment.,NO
N134,solidity,c2c8c2876822792ba4e1f6d779a13d0359fd3fe1,9b67a390df98195cab0e77dc5723c83431b6a8f1,2024-06-06T20:19:54+02:00,NOT_SELECTED_PRE_FREEZE,Screened out before freeze: not needed for the fixed strata or lacked sufficiently objective counterfactual evidence within the available historical build environment.,NO
N135,solidity,a2cb5f4ee961921ccfff18f2b94a0adadbc15a23,fc7518e399d4285c560e32ac2ba41706bf067a5b,2024-06-19T13:31:57+02:00,NOT_SELECTED_PRE_FREEZE,Screened out before freeze: not needed for the fixed strata or lacked sufficiently objective counterfactual evidence within the available historical build environment.,NO
N136,solidity,40f8435b558edcefae8367ea5e7d1982de80ed89,a2cb5f4ee961921ccfff18f2b94a0adadbc15a23,2024-07-02T13:45:26+02:00,NOT_SELECTED_PRE_FREEZE,Screened out before freeze: not needed for the fixed strata or lacked sufficiently objective counterfactual evidence within the available historical build environment.,NO
N137,solidity,e8c587eada1bc5c52a92d7959ed9ece04b794ed5,40f8435b558edcefae8367ea5e7d1982de80ed89,2024-07-04T13:43:18+02:00,NOT_SELECTED_PRE_FREEZE,Screened out before freeze: not needed for the fixed strata or lacked sufficiently objective counterfactual evidence within the available historical build environment.,NO
N138,solidity,b5b06d76c42f5cad8060ff4bda1bdd4e5666512a,060a21c10af6ed4f999710ce333ad879ae345aa1,2024-07-05T10:24:59+02:00,NOT_SELECTED_PRE_FREEZE,Screened out before freeze: not needed for the fixed strata or lacked sufficiently objective counterfactual evidence within the available historical build environment.,NO
N139,solidity,978f9a0cd7e04cea8ad67dc3b5ef130aa9878e72,7094e307780b7656f10a95f58874f4cde44b63e7,2024-07-11T11:30:58+02:00,NOT_SELECTED_PRE_FREEZE,Screened out before freeze: not needed for the fixed strata or lacked sufficiently objective counterfactual evidence within the available historical build environment.,NO
N140,solidity,cb8a75ce879d47ecef186740e364a942e32d1c60,8fdb32691bdc5fc730491cb294f43f510fe5b8f6,2024-07-11T11:30:58+02:00,NOT_SELECTED_PRE_FREEZE,Screened out before freeze: not needed for the fixed strata or lacked sufficiently objective counterfactual evidence within the available historical build environment.,NO
N141,solidity,866e6f9b057d49af0b696ecb04a0bd8c48ee871d,4656a57c8700cc163d66fa29adc603472e64349d,2024-07-19T11:57:26+02:00,NOT_SELECTED_PRE_FREEZE,Screened out before freeze: not needed for the fixed strata or lacked sufficiently objective counterfactual evidence within the available historical build environment.,NO
N142,solidity,0dd51e53c2eea31de4f395ca0b5b96ede6324d65,664ee2327d24ffb89f6632a2aff12fa28743b839,2024-07-22T19:15:14+02:00,NOT_SELECTED_PRE_FREEZE,Screened out before freeze: not needed for the fixed strata or lacked sufficiently objective counterfactual evidence within the available historical build environment.,NO
N143,solidity,1832fbd732f387b6e0be72bf96f0bd082acb9515,0535cdd749a5985e802d8241defcbba662680be8,2024-07-22T19:15:14+02:00,NOT_SELECTED_PRE_FREEZE,Screened out before freeze: not needed for the fixed strata or lacked sufficiently objective counterfactual evidence within the available historical build environment.,NO
N144,solidity,1edf1f45974268d858aaa4b091da6626d5ae5662,8da621c41d67d8ee5a74157f28efa670a7370746,2024-07-22T19:15:14+02:00,NOT_SELECTED_PRE_FREEZE,Screened out before freeze: not needed for the fixed strata or lacked sufficiently objective counterfactual evidence within the available historical build environment.,NO
N145,solidity,c9417edd8dea08b5f127ebdeb63d0dd19d4d0776,675e4697d85ed24b38dda4a45d53cb66b6c77ad8,2024-07-22T19:15:14+02:00,NOT_SELECTED_PRE_FREEZE,Screened out before freeze: not needed for the fixed strata or lacked sufficiently objective counterfactual evidence within the available historical build environment.,NO
N146,solidity,edc3b401eba7cc774cf7013c4feb45b0c1df1a3e,4ae6d1cfe47ac91db6455f05e57e7de7b8b68fed,2024-07-25T16:37:30+02:00,NOT_SELECTED_PRE_FREEZE,Screened out before freeze: not needed for the fixed strata or lacked sufficiently objective counterfactual evidence within the available historical build environment.,NO
N147,solidity,d067964b29f25985fb71699bc6802e5e06470663,d109d6bf76335f3db6eb8d570e02ecd0f481f180,2024-08-02T14:00:00+02:00,NOT_SELECTED_PRE_FREEZE,Screened out before freeze: not needed for the fixed strata or lacked sufficiently objective counterfactual evidence within the available historical build environment.,NO
N148,solidity,b167c271141715ffca2b28816ede10dd03ba110e,9e8369fa9a7840f7085040930a1194f83ef58729,2024-08-26T11:31:03+02:00,NOT_SELECTED_PRE_FREEZE,Screened out before freeze: not needed for the fixed strata or lacked sufficiently objective counterfactual evidence within the available historical build environment.,NO
N149,solidity,8d8ac1c376c75ab1f5a9a1b8b6d0a3e18d0f47af,885c916b45215a63bd2a25d4286e2455018f4365,2024-10-01T22:29:34+02:00,NOT_SELECTED_PRE_FREEZE,Screened out before freeze: not needed for the fixed strata or lacked sufficiently objective counterfactual evidence within the available historical build environment.,NO
N150,solidity,a610a5f0acf32ce8bb31588d88deb71c90bf7ed2,66dc47f1f1e57670c237804be274259d461f460f,2024-10-22T15:34:58+02:00,NOT_SELECTED_PRE_FREEZE,Screened out before freeze: not needed for the fixed strata or lacked sufficiently objective counterfactual evidence within the available historical build environment.,NO
N151,solidity,96e63ab08f6744aba273d590a5245d8e6979827a,a16833718d920354985ba621d1e95470071acccc,2024-10-31T17:32:12+01:00,NOT_SELECTED_PRE_FREEZE,Screened out before freeze: not needed for the fixed strata or lacked sufficiently objective counterfactual evidence within the available historical build environment.,NO
N152,solidity,e97e99366f24029a57f0280a9330bd2bfe776983,044d34e102c7c2d4a9fc42568da13086430b4b73,2025-01-22T09:43:15+01:00,NOT_SELECTED_PRE_FREEZE,Screened out before freeze: not needed for the fixed strata or lacked sufficiently objective counterfactual evidence within the available historical build environment.,NO
N153,solidity,25ed19b3e89543c7b23ce1ecd9e3ee7d6f8bb83b,3138b1023e25c309486e7cd19af9a81bbc8e3350,2025-03-12T13:45:31+01:00,NOT_SELECTED_PRE_FREEZE,Screened out before freeze: not needed for the fixed strata or lacked sufficiently objective counterfactual evidence within the available historical build environment.,NO
N154,solidity,e39aaeb1d951f49ece3c99e26b669d63e6150db5,e465a316b96f2e4dec795b0129c1def3a41c3270,2025-04-28T14:24:04+02:00,NOT_SELECTED_PRE_FREEZE,Screened out before freeze: not needed for the fixed strata or lacked sufficiently objective counterfactual evidence within the available historical build environment.,NO
N155,solidity,4dbfe8ea65efcfc64c7a261a530dbd279f769878,01a821f8b902c3c57cea34ae80420c734bc210bf,2025-08-27T11:21:44+02:00,NOT_SELECTED_PRE_FREEZE,Screened out before freeze: not needed for the fixed strata or lacked sufficiently objective counterfactual evidence within the available historical build environment.,NO
N156,solidity,ab0c57194e03b333cd76d3ef1eba1c4564c1e542,ff18b9867d54893bdd98a6074b692e237f7096dd,2026-03-13T10:45:05+01:00,NOT_SELECTED_PRE_FREEZE,Screened out before freeze: not needed for the fixed strata or lacked sufficiently objective counterfactual evidence within the available historical build environment.,NO
N157,solidity,f4e179ecb397dd326ffd2e576e0c8a36422fd3b5,fb19f714f30ef8714f3d807c5d1cb0cd156bf528,2026-05-22T15:54:13+02:00,NOT_SELECTED_PRE_FREEZE,Screened out before freeze: not needed for the fixed strata or lacked sufficiently objective counterfactual evidence within the available historical build environment.,NO
N158,solidity,1d3a17bc0467fcbeaa4bb7416755563f97eaea15,410515c637fecc1eec8faa36496ac9aca82d1f6f,2026-05-22T16:38:06+02:00,NOT_SELECTED_PRE_FREEZE,Screened out before freeze: not needed for the fixed strata or lacked sufficiently objective counterfactual evidence within the available historical build environment.,NO
N159,solidity,2646db8096a01ebaf0a9e33fa7ed13c6fd72dd14,9b2f86bebbbc22c7c9f5ca41884d47fcc1d0639a,2026-08-11T09:30:00-03:00,NOT_SELECTED_PRE_FREEZE,Screened out before freeze: not needed for the fixed strata or lacked sufficiently objective counterfactual evidence within the available historical build environment.,NO
N160,solidity,30c997f1c069ee5d9fc0f0d974e925eb91425e9a,9b2f86bebbbc22c7c9f5ca41884d47fcc1d0639a,2026-08-11T11:28:21+02:00,NOT_SELECTED_PRE_FREEZE,Screened out before freeze: not needed for the fixed strata or lacked sufficiently objective counterfactual evidence within the available historical build environment.,NO
N161,tpm2-tss,9f7cc086e9802d1ed3682e8f5b036bd33dc5aa21,f30dde7db9418a34e654bc073dd42bed420789af,2019-05-02T18:16:28+02:00,NOT_SELECTED_PRE_FREEZE,Screened out before freeze: not needed for the fixed strata or lacked sufficiently objective counterfactual evidence within the available historical build environment.,NO
N162,tpm2-tss,38fcb6651632b524bbcef8dd85a82d508040d007,4707c6ce3c9f7d5a7d9a12884351b9daf2eff1ea,2019-05-31T18:55:38+03:00,NOT_SELECTED_PRE_FREEZE,Screened out before freeze: not needed for the fixed strata or lacked sufficiently objective counterfactual evidence within the available historical build environment.,NO
N163,tpm2-tss,f865164c93447104321904fb93fe279d7205795e,3879a0b41bbecd9b4e229b3a73b6fd3835d0370a,2020-03-25T10:48:09-07:00,NOT_SELECTED_PRE_FREEZE,Screened out before freeze: not needed for the fixed strata or lacked sufficiently objective counterfactual evidence within the available historical build environment.,NO
N164,tpm2-tss,0988af757a744f27612431bd64cce5989a82cd8d,ac854b44fd2256f59823c7efdfd96fd75fd292d1,2022-12-09T16:07:40-06:00,NOT_SELECTED_PRE_FREEZE,Screened out before freeze: not needed for the fixed strata or lacked sufficiently objective counterfactual evidence within the available historical build environment.,NO
N165,tpm2-tss,6dbc0aae001b6d81df33da91fb354a772758f159,77706f5920aaaf840bda0b8f807fedb95cf9b76d,2023-08-01T13:18:58+02:00,NOT_SELECTED_PRE_FREEZE,Screened out before freeze: not needed for the fixed strata or lacked sufficiently objective counterfactual evidence within the available historical build environment.,NO
N166,tpm2-tss,d13b4d7ce36f9f1f63d1b681d0f957370c1f526d,3edbe596c33dff85bfdefe68e3109591f3d02f6f,2024-04-29T13:33:03+02:00,NOT_SELECTED_PRE_FREEZE,Screened out before freeze: not needed for the fixed strata or lacked sufficiently objective counterfactual evidence within the available historical build environment.,NO
N167,tpm2-tss,f5d851ef2f8ea9d43ef00e198cd40d7320154592,3161afdf32943112505a478834b95fd287ccf3b4,2024-05-03T16:56:21+02:00,NOT_SELECTED_PRE_FREEZE,Screened out before freeze: not needed for the fixed strata or lacked sufficiently objective counterfactual evidence within the available historical build environment.,NO
N168,tpm2-tss,ef26d992c41609eb73ca1c28849c910e3019231f,509bbd46675d486dca645e9f240476e4291d28c0,2024-05-08T13:42:56+02:00,NOT_SELECTED_PRE_FREEZE,Screened out before freeze: not needed for the fixed strata or lacked sufficiently objective counterfactual evidence within the available historical build environment.,NO
N169,tpm2-tss,1d8919fd8b6df8ad1d269baa3714f27311bef402,d291fb8f3700034e72bce911b4a57ad01dc7274b,2024-05-17T10:01:20+02:00,NOT_SELECTED_PRE_FREEZE,Screened out before freeze: not needed for the fixed strata or lacked sufficiently objective counterfactual evidence within the available historical build environment.,NO
N170,tpm2-tss,548b933c0b5a46f8851bbc3e78e498c713ffe96e,c32127f350977cef51df2dc8f12daacc48091197,2024-05-17T10:01:20+02:00,NOT_SELECTED_PRE_FREEZE,Screened out before freeze: not needed for the fixed strata or lacked sufficiently objective counterfactual evidence within the available historical build environment.,NO
N171,tpm2-tss,a1c863e29c32ade602a092a49fe133b09127220f,5c23598c6c72f37f7d5108b968bc804667ec273f,2025-11-05T11:46:07+01:00,NOT_SELECTED_PRE_FREEZE,Screened out before freeze: not needed for the fixed strata or lacked sufficiently objective counterfactual evidence within the available historical build environment.,NO
N172,tpm2-tss,00c8ca1e1ce269ba3f5492e6ca7dd080879f1570,9f1f61207bc96a52c547170532338e313e5b565f,2026-06-17T10:55:34+02:00,NOT_SELECTED_PRE_FREEZE,Screened out before freeze: not needed for the fixed strata or lacked sufficiently objective counterfactual evidence within the available historical build environment.,NO
N173,trafficserver,16cb2dd04f8a4a0cb8f63223033ae72a135f6ca8,21e90b47fd1ec44d1d0d7fdd2d73a9d827eb6aa3,2023-10-18T18:35:28-04:00,NOT_SELECTED_PRE_FREEZE,Screened out before freeze: not needed for the fixed strata or lacked sufficiently objective counterfactual evidence within the available historical build environment.,NO
N174,trafficserver,04f378d852d3a4fc63ee8de5966f35f4effcd737,b59a8e3c8cc4dfbac7a36cec825b0c7bd43a1d2a,2023-10-26T13:56:06-04:00,NOT_SELECTED_PRE_FREEZE,Screened out before freeze: not needed for the fixed strata or lacked sufficiently objective counterfactual evidence within the available historical build environment.,NO
N175,trafficserver,4e004705460b912d0707d9e6f3006cc176062093,f1892c80f16bb6c3367c39280b59c6af5bba90c0,2024-04-26T11:38:35-06:00,NOT_SELECTED_PRE_FREEZE,Screened out before freeze: not needed for the fixed strata or lacked sufficiently objective counterfactual evidence within the available historical build environment.,NO
N176,trafficserver,6655ddba2bda9c0dac22b984bae3f1083eac6709,f56f8976cd36d3c1dd86f7af621b4726f7c134e4,2024-04-29T17:08:52-05:00,NOT_SELECTED_PRE_FREEZE,Screened out before freeze: not needed for the fixed strata or lacked sufficiently objective counterfactual evidence within the available historical build environment.,NO
N177,trafficserver,992f63b0495f91da96975153756a4069b55bd8c8,0704455388b3a25366c5ac8212f60b9a1a5e7c6a,2025-05-22T00:43:09+09:00,NOT_SELECTED_PRE_FREEZE,Screened out before freeze: not needed for the fixed strata or lacked sufficiently objective counterfactual evidence within the available historical build environment.,NO
N178,trafficserver,7a37f57824e341355cb09b0b7feccd65a43a34a5,e5e3da8973cac5b94d64f491fa4941e7fe5fb5a6,2025-07-21T18:50:35-04:00,NOT_SELECTED_PRE_FREEZE,Screened out before freeze: not needed for the fixed strata or lacked sufficiently objective counterfactual evidence within the available historical build environment.,NO
N179,trafficserver,4782ee194101d9aec878006d38c87d9e5cf7c36e,f4561a945ac52010a598e0cd19b12d058044c3d2,2026-04-30T19:03:16-06:00,NOT_SELECTED_PRE_FREEZE,Screened out before freeze: not needed for the fixed strata or lacked sufficiently objective counterfactual evidence within the available historical build environment.,NO
N180,trafficserver,5f55a845ea3e2765649dd825af57907ec8413fc0,5642692b888fcc9cf26a43ec2f39a05f938c4963,2026-04-30T19:03:16-06:00,NOT_SELECTED_PRE_FREEZE,Screened out before freeze: not needed for the fixed strata or lacked sufficiently objective counterfactual evidence within the available historical build environment.,NO
N181,trafficserver,81b4fa088df2cae17760388631558c448f0bcabb,d639cb8c40a6734e7cf53a35f52450f2274299ef,2026-04-30T19:03:16-06:00,NOT_SELECTED_PRE_FREEZE,Screened out before freeze: not needed for the fixed strata or lacked sufficiently objective counterfactual evidence within the available historical build environment.,NO
N183,wuffs,97aab3746204e2700d10b8ae94e50656cfd00924,82a48796c8f6223a1d75a17324970351a66ca4b8,2018-04-05T20:49:48+10:00,NOT_SELECTED_PRE_FREEZE,Screened out before freeze: not needed for the fixed strata or lacked sufficiently objective counterfactual evidence within the available historical build environment.,NO
N187,wuffs,5badfef3130395f8acb5eba952152b95f44736fd,c5362d64135b8b44f159b466526411f4f3c68452,2018-05-29T08:41:42+10:00,NOT_SELECTED_PRE_FREEZE,Screened out before freeze: not needed for the fixed strata or lacked sufficiently objective counterfactual evidence within the available historical build environment.,NO
N189,wuffs,6d510bcfcb7e9a3d1d7b5ad35343e0559af28622,3e1cdd1a83b64ad1af923c2a36352157797eb177,2018-06-02T14:15:09+10:00,NOT_SELECTED_PRE_FREEZE,Screened out before freeze: not needed for the fixed strata or lacked sufficiently objective counterfactual evidence within the available historical build environment.,NO
N190,wuffs,df96e483419a156b5fdcea4974ffd23896bc8efd,a1ed77cc352434b90847f659b92d0fe708b600b3,2018-06-10T09:37:30+10:00,NOT_SELECTED_PRE_FREEZE,Screened out before freeze: not needed for the fixed strata or lacked sufficiently objective counterfactual evidence within the available historical build environment.,NO
N191,wuffs,43bb14e88612c217911af353e780595b40bed828,2ac2424e77480bfa9725c2c6fdc33c1e8c615150,2018-06-10T21:22:41+10:00,NOT_SELECTED_PRE_FREEZE,Screened out before freeze: not needed for the fixed strata or lacked sufficiently objective counterfactual evidence within the available historical build environment.,NO
N192,wuffs,50a955317ad6bf337cacec491dc1f1db87201be5,d770e879abc17a16de7ee111d22f0d5d8654d3f5,2018-06-10T22:05:06+10:00,NOT_SELECTED_PRE_FREEZE,Screened out before freeze: not needed for the fixed strata or lacked sufficiently objective counterfactual evidence within the available historical build environment.,NO
N194,wuffs,25a106903f333c7aa8042aab6022513243a16002,11858b97994cdbce38464bece867aa624039dbc0,2018-06-16T08:10:22+10:00,NOT_SELECTED_PRE_FREEZE,Screened out before freeze: not needed for the fixed strata or lacked sufficiently objective counterfactual evidence within the available historical build environment.,NO
N195,wuffs,a0bafff465c9cb6ce0c236d8e02ee26dc9ca4955,85c4de47b990def743d8e94883733914b40ee523,2018-07-14T08:59:36+10:00,NOT_SELECTED_PRE_FREEZE,Screened out before freeze: not needed for the fixed strata or lacked sufficiently objective counterfactual evidence within the available historical build environment.,NO
N196,wuffs,dcda30b96a9239910d7f50e937518d81cf75dc1c,7e4b244208731d928952930cb6b3cc5ca3103456,2018-07-15T17:49:04+10:00,NOT_SELECTED_PRE_FREEZE,Screened out before freeze: not needed for the fixed strata or lacked sufficiently objective counterfactual evidence within the available historical build environment.,NO
N197,wuffs,bc82e51371c283d2a04b8467c8e002e56596cc95,1c75f7b748aef5717dc4e7197681d2974a55ff1b,2018-07-21T09:20:10+10:00,NOT_SELECTED_PRE_FREEZE,Screened out before freeze: not needed for the fixed strata or lacked sufficiently objective counterfactual evidence within the available historical build environment.,NO
N200,wuffs,5e8801d86611c4df0dbe2de69734e2901adc0840,10ae70448fe9e7d86bff850229910287551069d0,2018-08-18T12:29:28+10:00,NOT_SELECTED_PRE_FREEZE,Screened out before freeze: not needed for the fixed strata or lacked sufficiently objective counterfactual evidence within the available historical build environment.,NO
N204,wuffs,ca940b0c56c1523141b1b175ed1ca1157dbc93ad,5bf7c5c051aaed4b8149d4b2891a41775af3f7a9,2018-09-08T08:47:34+10:00,NOT_SELECTED_PRE_FREEZE,Screened out before freeze: not needed for the fixed strata or lacked sufficiently objective counterfactual evidence within the available historical build environment.,NO
N205,wuffs,fbbdc412d1b15cede204f882e89f55c84aaddb15,ca940b0c56c1523141b1b175ed1ca1157dbc93ad,2018-09-08T09:06:56+10:00,NOT_SELECTED_PRE_FREEZE,Screened out before freeze: not needed for the fixed strata or lacked sufficiently objective counterfactual evidence within the available historical build environment.,NO
N208,wuffs,04c91f1410fc2cf7836926feb174f83722e24069,b0429923fc13eb08757f5344d1f2751e9a7ee3bd,2018-12-22T15:29:00+11:00,NOT_SELECTED_PRE_FREEZE,Screened out before freeze: not needed for the fixed strata or lacked sufficiently objective counterfactual evidence within the available historical build environment.,NO
N210,wuffs,16e97281e2f06058b16314365937354a9ff1dd14,abeff31736112d833a877456af88e045398d1e46,2019-01-12T10:29:41+11:00,NOT_SELECTED_PRE_FREEZE,Screened out before freeze: not needed for the fixed strata or lacked sufficiently objective counterfactual evidence within the available historical build environment.,NO
N213,wuffs,de5b64a84639e5e0f83b6ec3fc737e4463805c11,5f7c807729c2b3058b512e485c8fc1b1fe3056f2,2019-02-02T16:29:54+11:00,NOT_SELECTED_PRE_FREEZE,Screened out before freeze: not needed for the fixed strata or lacked sufficiently objective counterfactual evidence within the available historical build environment.,NO
N214,wuffs,fc4abafbe7d9355402a6b97fc05dbe02fc3bb6e7,d9c36922dbaff9082e173eae5a1e5ff247e7728e,2019-02-03T15:44:25+11:00,NOT_SELECTED_PRE_FREEZE,Screened out before freeze: not needed for the fixed strata or lacked sufficiently objective counterfactual evidence within the available historical build environment.,NO
N217,wuffs,aa846d2dd750c4f197a74a11b35e18b65d0f25cf,f34d189236b7ebaabd2fec402638e56cfcd6a00a,2019-07-06T17:23:34+10:00,NOT_SELECTED_PRE_FREEZE,Screened out before freeze: not needed for the fixed strata or lacked sufficiently objective counterfactual evidence within the available historical build environment.,NO
N219,wuffs,0fa32bd09f57f159ca9853e4133d2bfa14c4a79b,0319777ccef90a6b22dbade9dc37db50e1e081bb,2020-01-05T13:14:39+11:00,NOT_SELECTED_PRE_FREEZE,Screened out before freeze: not needed for the fixed strata or lacked sufficiently objective counterfactual evidence within the available historical build environment.,NO
N220,wuffs,5f8d2da74f1902509cfed8c6fde3b7f8ef7200f1,ab0b2fd2aae0904ce4f36d818efb0704fe755cc9,2020-01-10T22:06:50+11:00,NOT_SELECTED_PRE_FREEZE,Screened out before freeze: not needed for the fixed strata or lacked sufficiently objective counterfactual evidence within the available historical build environment.,NO
N221,wuffs,1a791217de297350df5dc6abdb1466504dc10413,8562951be6d374e825f8b0167955bd200175b88b,2020-01-13T21:36:47+11:00,NOT_SELECTED_PRE_FREEZE,Screened out before freeze: not needed for the fixed strata or lacked sufficiently objective counterfactual evidence within the available historical build environment.,NO
N224,wuffs,6892095998d2c86f60c69670107696a623812951,f928944d64eb411214993f1096aad134c558bc78,2020-03-03T11:25:18+11:00,NOT_SELECTED_PRE_FREEZE,Screened out before freeze: not needed for the fixed strata or lacked sufficiently objective counterfactual evidence within the available historical build environment.,NO
N227,wuffs,f3146c2ea9c816a536b9496cd71f073c6edd8dd8,40d200cdabc4b2e8d7377ba3331357e245edf89f,2020-03-26T08:47:42+11:00,NOT_SELECTED_PRE_FREEZE,Screened out before freeze: not needed for the fixed strata or lacked sufficiently objective counterfactual evidence within the available historical build environment.,NO
N229,wuffs,496e88b6c5c5011de8aa4ceed8dd9de66ca5f27f,2ef3999d6d0e77861de8a049d1a8ac3e14135434,2020-04-09T22:10:08+10:00,NOT_SELECTED_PRE_FREEZE,Screened out before freeze: not needed for the fixed strata or lacked sufficiently objective counterfactual evidence within the available historical build environment.,NO
N230,wuffs,702c7b299fe041cacd66847b9d963b0b18a570f4,03a87ea3efab89e4819432a880e4eeff02ab71fb,2020-07-22T15:42:54+10:00,NOT_SELECTED_PRE_FREEZE,Screened out before freeze: not needed for the fixed strata or lacked sufficiently objective counterfactual evidence within the available historical build environment.,NO
N232,wuffs,6c138776889418bb155b748630e73f386b57a381,6bc3f5716d8c076e1ae70e59a72916fb70bff13e,2020-08-30T16:15:35+10:00,NOT_SELECTED_PRE_FREEZE,Screened out before freeze: not needed for the fixed strata or lacked sufficiently objective counterfactual evidence within the available historical build environment.,NO
N239,wuffs,6e84987d33f08a26b1d1c5fe2986cd567f1c0673,176cdf752774b90f1d59475983e1e9973ff43e10,2023-04-13T22:59:49+10:00,NOT_SELECTED_PRE_FREEZE,Screened out before freeze: not needed for the fixed strata or lacked sufficiently objective counterfactual evidence within the available historical build environment.,NO
N245,wuffs,c9fff5b207dd33beb8f2ac70396b33b13abb3ca2,fb769ff82fc01f6f294792f0ae083c8d30b49d61,2024-08-04T23:15:58+10:00,NOT_SELECTED_PRE_FREEZE,Screened out before freeze: not needed for the fixed strata or lacked sufficiently objective counterfactual evidence within the available historical build environment.,NO
N246,wuffs,ffb64df0a0b127e20d5eb0e1aab40c29409c0c3e,3215f6afac6cfa0fd649ddc6ccec76b67ce2600e,2024-08-05T00:12:15+10:00,NOT_SELECTED_PRE_FREEZE,Screened out before freeze: not needed for the fixed strata or lacked sufficiently objective counterfactual evidence within the available historical build environment.,NO
N247,wuffs,85af5a4bed4b59ecc4186e6e5e13ce82119469d1,8924b5f003a8cdefdbd3161460d08863f7142e05,2024-09-08T09:00:10+10:00,NOT_SELECTED_PRE_FREEZE,Screened out before freeze: not needed for the fixed strata or lacked sufficiently objective counterfactual evidence within the available historical build environment.,NO
SOURCE_CONTROL_REPLACED,wuffs,f569a505a6a8041ae63b522513728a8d3d505b81,,,INFRASTRUCTURE_INCOMPATIBILITY,Initial S022 control failed all three builds due to a pre-existing unrelated API inconsistency; replaced before ground-truth freeze.,NO
